search_id,timestamp,site_id,user_country_id,user_hist_stars,user_hist_paid,listing_country_id,listing_id,listing_stars,listing_review_score,is_brand,location_score1,location_score2,log_historical_price,listing_position,price_usd,has_promotion,destination_id,length_of_stay,booking_window,num_adults,num_kids,num_rooms,stay_on_saturday,log_click_proportion,distance_to_dest,random_sort,competitor1_rate,competitor1_has_availability,competitor1_price_percent_diff,competitor2_rate,competitor2_has_availability,competitor2_price_percent_diff,competitor3_rate,competitor3_has_availability,competitor3_price_percent_diff,competitor4_rate,competitor4_has_availability,competitor4_price_percent_diff,competitor5_rate,competitor5_has_availability,competitor5_price_percent_diff,competitor6_rate,competitor6_has_availability,competitor6_price_percent_diff,competitor7_rate,competitor7_has_availability,competitor7_price_percent_diff,competitor8_rate,competitor8_has_availability,competitor8_price_percent_diff,clicked,booking_value,booked
158061,26/05/2013 02:11,5,219,,,219,73891,2,3,1,2.48,0.1069,3.94,26,47,0,6722,1,7,2,0,1,0,,135.27,0,,,,0,0,,,,,,,,1,0,13,,,,,,,,,,0,,0
413633,04/11/2012 16:50,5,219,,,219,137589,3,4.5,1,1.61,0.0135,4.93,8,175,0,14643,3,149,2,1,1,0,,,1,,,,,,,,,,,,,,,,,,,,,,,,,0,,0
220688,12/04/2013 18:05,5,219,,,59,2109,2,4,0,3.87,0.0262,4.49,34,53,0,6659,5,10,2,0,1,0,,,1,,,,,,,,,,,,,0,0,,,,,,,,,,,0,,0
107062,04/03/2013 11:11,5,219,,,219,101743,3,4,1,4.23,0.0076,5.1,6,103,1,17713,2,7,1,2,1,0,,970.87,0,,,,0,0,15,0,0,15,,,,0,0,,,,,,,,0,0,,0,,0
389139,22/01/2013 15:13,5,219,,,219,122804,2,3,1,2.08,0.0324,4.36,26,69,0,4748,1,3,1,0,1,1,,,1,,,,0,0,,0,0,,,,,1,0,8,,,,,,,0,0,14,0,,0
12293,07/05/2013 17:21,5,219,,,219,18142,2,3,1,3.33,,4.96,16,69,0,19032,1,0,1,1,2,0,-34.1691,180.15,0,,,,,,,0,0,,,,,0,0,,,,,,,,0,0,,0,,0
418136,09/05/2013 19:11,5,219,,,219,103423,3,4.5,1,2.89,,5.05,19,150,0,3019,1,2,2,0,1,1,-12.8854,120.52,0,,,,0,0,,0,0,,,,,,,,,,,,,,0,0,,0,,0
511276,18/01/2013 15:02,32,220,,,220,85571,5,4,1,3.53,0.2358,5.57,24,324.78,0,15184,1,130,2,1,1,0,,1958.1,1,,,,,,,,,,,,,,,,,,,,,,,,,0,,0
550376,21/03/2013 18:38,5,219,,,219,61950,4,4,1,2.2,0.0135,4.84,28,89,0,24162,4,7,1,0,1,1,,724.23,0,,,,0,0,,,,,,,,1,0,17,,,,,,,0,0,,0,,0
470144,27/12/2012 17:18,5,219,,,219,82169,3,3.5,1,0.69,0.0031,4.87,15,70,0,6443,1,0,2,1,1,1,,153.54,0,,,,,,,,,,,,,,,,,,,,,,0,0,,0,,0
52227,24/11/2012 10:16,5,219,,,219,115460,3,4.5,1,1.1,0.0027,4.59,26,90,0,19118,2,27,2,2,1,1,,,1,,,,,,,,,,,,,,,,,,,,,,,,,0,,0
354178,06/12/2012 19:26,5,219,,,219,48898,2,3,1,2.64,0.0125,4.76,21,61,0,7384,6,12,2,0,1,0,,1730,0,,,,0,0,,0,0,,,,,,,,,,,,,,0,0,,0,,0
349904,27/12/2012 20:08,14,100,,,56,95420,5,4.5,0,5.18,0.0763,5.39,1,157.76,1,16822,3,46,4,0,2,0,,4301.54,0,,,,,,,,,,,,,,,,,,,,,,,,,1,1113.98,1
270675,10/06/2013 17:10,9,59,,,59,40987,3,4,0,3.56,0.1658,0,16,38.1,0,21319,1,70,2,0,1,0,,135.02,1,,,,,,,,,,,,,,,,,,,,,,,,,0,,0
521963,10/04/2013 01:27,24,216,,,216,131776,3,4.5,1,3.95,0.4907,4.99,13,89.6,0,9713,1,14,2,0,1,0,,,1,,,,,,,,-1,,,-1,,,-1,,,,,,,,,,,0,,0
454158,18/05/2013 18:09,5,219,,,219,115350,4,4.5,1,0.69,0.0677,5.15,6,159,0,9179,2,6,2,2,1,1,,,0,,,,0,0,,0,0,17,,,,1,0,34,,,,,,,0,0,,1,,0
514028,25/11/2012 07:53,5,219,,,219,80034,3,4,1,3.91,0.0502,5.51,13,132,1,8347,3,145,2,0,1,1,,1135.71,0,,,,,,,,,,,,,,,,,,,,,,,,,0,,0
320521,07/11/2012 12:10,14,100,,,100,28174,2,3,1,0,0.0004,4.75,30,105.35,0,26120,1,1,3,2,3,1,,75.34,0,,,,,,,,,,,,,-1,0,24,,,,,,,-1,0,24,0,,0
273887,11/01/2013 18:35,15,55,,,55,77568,3,3,0,0.69,,4.6,10,98.42,0,15867,2,22,2,0,1,1,,,1,,,,,,,,,,,,,1,0,18,,,,,,,,,,0,,0
89499,14/03/2013 17:53,5,219,,,219,99741,3,4.5,1,1.79,,5.25,18,170,0,8551,2,34,2,0,1,0,,,0,,,,,,,,,,,,,,,,,,,,,,,,,0,,0
380064,21/04/2013 21:46,5,219,,,219,37346,4,4,0,5.77,0.2773,5.81,16,224,1,24700,6,85,2,0,1,0,,1170.51,0,,,,,,,,,,,,,,,,,,,,,,,,,0,,0
288920,05/04/2013 07:18,24,216,,,219,8917,2,4,0,1.95,0.0076,4.87,9,103.94,1,26928,2,14,2,0,1,1,,,0,,,,0,0,,0,0,,,,,0,0,,,,,,,,0,0,,1,237.55,1
261257,19/06/2013 08:40,5,219,,,219,89106,3,3.5,1,2.4,,0,20,97,0,8745,4,4,1,0,1,0,,539.1,0,,,,0,0,,0,0,,,,,,,,,,,,,,0,0,,0,,0
472553,20/03/2013 14:41,5,219,,,219,90730,4,4,0,5.66,0.107,5.91,12,179,1,4562,2,1,2,0,1,1,,231.93,0,,,,0,0,,0,0,9,0,0,,0,0,5,,,,,,,-1,0,7,0,,0
102840,14/11/2012 17:14,5,219,,,31,31949,4,3.5,0,2.64,0.0001,4.68,13,115,0,15620,3,1,2,0,1,1,,6387.72,0,,,,,,,,,,,,,0,0,10,0,0,,,,,,,,0,,0
527703,13/02/2013 20:06,5,219,,,219,87444,3,3,1,1.1,0.0021,4.28,21,75,0,1986,1,1,2,0,1,1,,7.03,0,,,,0,0,,,,,,,,,,,,,,,,,-1,0,6,0,,0
121634,13/05/2013 08:47,5,219,,,53,8843,3,0,0,0,,4.7,3,72,0,13249,4,61,2,0,1,1,,9266.02,1,,,,,,,,,,,,,,,,,,,,,,,,,0,,0
23283,14/06/2013 13:15,5,219,,,219,80693,2,2.5,1,0,,0,11,80,0,20304,1,14,1,0,1,1,,864.18,0,,,,,,,,,,,,,,,,,,,,,,,,,1,,0
395171,14/03/2013 20:36,5,219,,,219,9188,2,2.5,1,2.64,0.0153,4.47,20,59,0,6443,1,1,2,0,1,1,,343.94,0,,,,0,0,,0,0,,,,,-1,0,13,,,,,,,0,0,13,0,,0
374137,28/11/2012 19:44,5,219,,,219,76057,3,4.5,0,1.1,,5.2,25,236,0,18319,4,42,2,0,1,0,,1175.41,0,,,,,,,,,,,,,,,,,,,,,,,,,0,,0
340728,23/11/2012 03:18,24,172,,,102,88581,3,4,0,2.3,0.0321,4.42,20,74.53,0,23929,1,30,1,0,1,0,,,0,,,,,,,,,,,,,,,,,,,,,,,,,0,,0
149733,03/04/2013 03:48,5,219,,,219,53062,3,4,1,2.89,0.0139,5.33,9,192,0,7971,2,40,2,1,1,0,-11.7062,,0,,,,,,,,,,,,,,,,,,,,,,,,,0,,0
342315,06/11/2012 16:20,14,100,,,35,77442,4,5,0,3.33,0.3604,5.96,2,219.74,0,4255,4,28,2,0,1,0,,3440.77,1,,,,,,,,,,,,,,,,,,,,,,,,,0,,0
36914,17/02/2013 09:33,14,100,,,219,70587,3,4.5,1,1.39,,4.74,21,109.3,0,19302,1,13,2,1,1,1,,359.41,0,,,,0,0,,0,0,,,,,,,,,,,,,,0,0,,0,,0
194312,26/06/2013 10:16,5,219,,,219,92586,2,3,1,1.95,0.0123,0,30,106,0,10948,2,31,1,0,1,1,,92.61,0,,,,,,,,,,,,,,,,,,,,,,,,,0,,0
247804,02/04/2013 11:27,5,219,,,219,75350,2,3.5,1,1.61,,4.19,21,42,1,8141,1,4,2,0,1,1,-20.641,9.8,0,,,,0,0,,1,0,11,,,,,,,,,,,,,0,0,,0,,0
426857,03/05/2013 11:24,19,158,,,219,17633,4,4,1,5.86,0.1356,5.95,7,409.9,0,5143,4,18,5,0,2,0,,7794.5,0,,1,,0,0,,0,0,,,,,,1,,,,,,,,0,0,,1,4031.42,1
308407,24/02/2013 18:49,5,219,,,219,8687,2,3.5,1,0.69,,4.14,27,47,0,10703,1,69,2,0,1,1,-42.8403,,1,,,,,,,,,,,,,,,,,,,,,,,,,0,,0
70214,16/04/2013 19:36,14,219,,,100,107982,4,4.5,0,4.67,0.0257,5.53,26,175.37,0,2142,1,8,2,0,1,0,,334.6,0,,,,0,0,9,,,,,,,0,0,9,,,,,,,0,0,10,0,,0
253137,01/03/2013 20:49,5,219,,,219,90377,3,4,0,3.5,0.0777,5.08,15,62,1,26067,2,17,2,0,1,0,,219.46,0,,,,,,,,,,,,,,,,,,,,,,,,,0,,0
500510,14/02/2013 11:54,29,99,,,55,77845,4,4,1,2.56,0.0012,5.2,22,105.56,1,10979,3,106,2,0,1,1,,,1,,,,,,,,,,,,,,,,,,,,,,,,,0,,0
305095,12/05/2013 09:22,18,129,,,215,54563,4,4,0,1.95,0.0059,5.19,3,113.02,0,5538,1,12,2,1,1,1,,1216.66,0,,,,,,,,,,,,,0,0,,0,0,,0,0,,,,,0,,0
489013,21/12/2012 09:40,5,219,,,219,102049,3,4.5,1,1.95,0.0249,5.66,24,152,0,23676,1,5,2,0,1,0,,,0,,,,,,,-1,0,6,,,,,,,,,,,,,-1,0,6,0,,0
32081,15/01/2013 18:39,1,13,,,181,63063,4,4,0,4.49,0.1583,5.56,14,203.28,1,12907,1,0,1,0,1,0,,,0,1,0,6498,,,,,,,,,,0,0,,,,,1,0,16,,,,0,,0
442968,01/12/2012 20:10,5,219,,,219,103295,3,4.5,0,1.1,0.0359,4.45,2,61,1,15056,1,25,2,0,1,0,,404.09,0,,,,1,0,3,,,,,,,1,0,14,,,,,,,0,0,,0,,0
389366,22/05/2013 11:19,5,219,,,219,77294,3,4.5,0,3.64,0.0562,4.85,25,89,0,20551,1,1,2,0,1,1,,145.73,1,,,,,,,0,0,,,,,,,,,,,,,,0,0,,0,,0
519079,04/06/2013 13:41,14,100,,,100,45462,4,4,1,3.97,,0,9,202.09,0,20588,2,1,1,0,1,0,,,0,,,,,,,,,,,,,0,0,,,,,,,,,,,0,,0
211845,06/02/2013 11:03,16,55,,,55,79170,4,3,0,2.77,0.0159,4.31,8,54.1,0,5577,4,1,1,0,1,1,,,0,,,,,,,,,,,,,0,0,,0,0,,0,0,,,,,0,,0
127541,19/04/2013 08:54,5,219,,,219,25796,2,4,1,1.39,,4.2,21,55,0,24078,1,3,2,0,1,0,,812,0,,,,0,0,,,,,,,,,,,,,,,,,,,,0,,0
326331,27/12/2012 10:35,5,219,,,219,83430,4,4.5,0,2.77,0.0362,6.13,4,285,1,12588,4,11,1,0,1,0,,16.62,0,,,,0,0,14,0,1,14,,,,0,0,14,,,,,,,0,0,14,0,,0
523751,03/01/2013 13:10,15,55,,,55,51693,3,4.5,1,0,,4.73,15,141.75,0,27983,3,0,2,0,1,1,,,1,,,,,,,,,,,,,,,,,,,,,,,,,0,,0
20459,18/03/2013 17:58,5,219,,,219,38433,3,4.5,1,1.39,0.1783,5.1,6,149,0,28244,1,54,1,0,1,1,,1113.13,0,,,,,,,,,,,,,,,,,,,,,,,,,0,,0
452958,15/01/2013 11:32,5,219,,,219,125083,4,4.5,1,3.61,0.0696,5.07,34,89,1,8192,5,33,2,0,1,0,,216.5,0,,,,,,,0,0,,,,,0,0,,,,,,,,0,0,,0,,0
215138,23/05/2013 09:17,5,219,,,219,72066,2,4,1,1.61,,4.23,14,59,0,20185,1,10,2,2,1,0,,1.55,0,,,,0,0,,,,,,,,1,0,17,,,,,,,0,0,,0,,0
402658,20/11/2012 12:29,5,219,,,219,128442,2,5,0,2.08,0.0361,4.23,16,50,1,2256,1,4,1,0,1,1,,556.77,0,,,,,,,,,,,,,,,,,,,,,,,,,0,,0
188483,31/05/2013 21:00,5,219,,,219,37088,4,4.5,1,2.71,,5.39,12,115,0,9220,1,7,1,2,1,1,,1196.16,0,,,,0,0,25,-1,0,12,,,,0,0,,,,,,,,0,0,14,0,,0
451735,07/02/2013 21:40,5,5,,,55,135777,3,4.5,1,3.33,0.0027,4.87,33,113,0,24752,3,57,2,0,1,1,,,0,,,,,,,,,,,,,,,,,,,,,,,,,0,,0
293661,14/05/2013 10:47,5,219,,,219,100226,3,3.5,0,4.03,0.1181,4.8,21,115,0,3694,7,103,2,0,1,0,,435.77,0,,,,,,,,,,,,,,,,,,,,,,,,,0,,0
567223,24/01/2013 09:49,5,129,,,129,35130,2,4,0,1.61,0.0002,4.56,29,105,0,21708,1,70,2,0,1,1,,,0,,,,,,,,,,,,,,,,,,,,,,,,,0,,0
18969,13/06/2013 07:47,5,219,,,219,120238,4,4,1,2.2,,0,25,161,0,7624,2,183,2,0,1,1,,186.45,0,,,,,,,,,,,,,,,,,,,,,,,,,0,,0
275894,12/11/2012 06:44,5,219,,,219,81818,4,4,1,4.37,0.1069,5.86,13,450,0,27730,3,41,3,1,1,0,,1339.01,0,,,,1,0,87,,,,,,,,,,,,,,,,,,,0,,0
537730,29/03/2013 21:50,5,32,,,99,28903,0,3,0,2.08,0.0085,4.7,16,70,0,11783,1,0,2,0,1,1,,131.04,1,,,,,,,,,,,,,,-1,,0,0,,,,,,,,0,,0
127312,22/01/2013 13:50,5,32,,,219,11664,4,4,1,2.3,,5.52,28,387,0,9345,3,59,4,0,1,1,-27.2847,4882.37,0,,,,1,0,5,,,,,,,1,0,5,,,,,,,1,0,5,0,,0
123114,10/02/2013 06:42,14,100,,,219,87059,3,4,1,2.08,0.0856,5.01,33,128.74,0,14299,1,26,2,0,1,1,,162.6,0,,,,,,,,,,,,,,,,,,,,,,,,,0,,0
393044,19/01/2013 05:49,14,219,,,219,42726,3,4,1,0.69,0.0157,4.76,1,74.62,1,15353,1,0,2,0,2,1,,14.02,0,,,,1,0,33,1,0,33,,,,,,,,,,,,,1,0,33,0,,0
129079,10/03/2013 16:54,5,9,3.63,254.89,117,115607,0,0,0,1.1,,5.03,7,131,0,8920,4,70,1,0,1,0,,,0,,,,,,,,,,,,,,,,,,,,,,,,,0,,0
104393,05/05/2013 23:54,5,219,,,219,798,3,4,1,2.94,0.1964,5.25,1,139,0,22017,1,6,3,0,1,1,,2394.92,0,,,,,,,0,0,,,,,,,,,,,,,,0,0,,0,,0
170731,12/06/2013 13:58,5,219,,,219,19222,3,4.5,1,1.61,0.0111,0,28,113,0,23452,3,8,2,0,1,1,,2146.89,0,,,,0,0,,0,0,,,,,,,,,,,,,,0,0,,0,,0
75696,29/12/2012 18:53,5,219,,,219,78448,3,4.5,1,1.39,0.0291,4.6,25,84,1,18495,2,1,4,1,1,0,,648.69,0,,,,0,0,,,,,,,,,,,,,,,,,0,0,,0,,0
183738,23/05/2013 12:07,18,129,,,55,31570,4,4,0,4.94,0.0152,5.43,32,186.26,0,10979,3,20,1,0,1,0,,449.97,0,,,,,,,,,,,,,0,0,,,,,-1,0,9,,,,0,,0
297368,08/02/2013 15:02,5,2,,,219,16706,3,4,1,1.39,0.0053,4.96,36,169,0,23246,1,20,2,0,1,1,,,0,,,,,,,0,0,,,,,0,0,,,,,,,,0,0,,0,,0
564360,09/05/2013 21:42,16,31,,,16,9857,5,4,0,2.08,0.043,5.8,12,203.47,0,26087,4,7,2,0,1,1,,1228.58,0,,,,,,,,,,,,,1,0,6,1,0,17,1,0,18,,,,0,,0
489193,29/05/2013 13:22,24,216,,,117,95877,5,0,1,0,,5.35,9,84.93,0,1588,5,60,1,1,1,0,,,1,,,,1,0,200,-1,0,6,-1,0,22,-1,0,7,,,,,,,,,,0,,0
124476,17/06/2013 19:06,5,219,,,100,44849,4,3.5,0,1.61,0.0075,0,6,183,0,13927,1,7,4,1,1,0,,,0,,,,,,,,,,,,,0,0,,,,,,,,0,0,,0,,0
467151,07/05/2013 15:05,24,216,,,219,37788,4,4.5,1,4.72,0.4694,6.21,30,401.33,0,20319,3,159,5,1,2,0,,,0,,,,,,,,,,,,,,,,,,,,,,,,,0,,0
439705,18/05/2013 07:05,5,219,,,219,131163,3,4.5,1,1.61,0.008,4.8,13,119,0,22918,1,0,2,2,1,1,,126.43,0,,,,0,0,,,,,,,,,,,,,,,,,0,0,,0,,0
336191,12/06/2013 09:25,14,100,,,219,90836,2,2.5,0,3.47,,0,22,69.68,1,15066,2,20,2,1,1,0,,406.07,0,,,,,,,,,,,,,0,0,,,,,,,,0,0,,0,,0
472404,03/01/2013 15:12,5,219,,,219,51616,3,4,1,2.08,0.0009,5.28,27,129,0,23904,2,7,1,0,1,1,,186.74,0,,,,0,0,,0,0,,,,,0,0,,,,,,,,0,0,,0,,0
450651,29/12/2012 10:44,5,204,,,18,103239,4,3.5,1,2.94,0.1504,4.65,9,63,0,7267,5,41,2,1,1,0,,,1,,,,0,0,,0,0,,,,,0,0,,,,,,,,,,,0,,0
301561,09/04/2013 14:52,5,219,,,219,108197,3,4,1,1.39,0.003,4.81,14,144,0,23904,1,25,3,2,1,1,,136.08,0,,,,0,0,,0,0,,,,,,,,,,,,,,0,0,,0,,0
599937,27/05/2013 09:21,14,219,,,100,3046,5,5,1,4.47,0.3934,5.92,14,396.48,0,12454,2,4,1,0,1,1,,1980.51,1,,,,0,0,8,,,,,,,0,0,,,,,,,,0,0,8,0,,0
442101,19/02/2013 15:44,5,219,,,219,128005,0,0,0,1.61,,0,19,750,0,2447,2,3,2,0,1,1,,,0,,,,,,,,,,,,,,,,,,,,,,,,,0,,0
120152,03/05/2013 00:24,15,55,,,206,52508,4,4,1,0,0.0199,6.21,18,331.72,0,23151,2,26,2,0,1,0,,,1,,,,,,,,,,,,,,,,,,,,,,,,,0,,0
550431,11/02/2013 11:49,5,219,,,219,6202,3,4,1,3.87,0.0237,4.62,27,87,1,1020,8,143,2,0,1,0,,994.88,1,,,,,,,,,,,,,,,,,,,,,,,,,0,,0
403543,10/01/2013 16:47,5,219,,,219,30627,4,3.5,0,3.56,0.2515,5.63,2,225,0,24373,1,1,2,0,1,1,,84.53,0,,,,0,0,,0,0,,,,,0,0,20,,,,,,,0,0,20,0,,0
305522,27/11/2012 22:38,5,219,,,219,75490,2,4,0,0,0.0876,4.71,3,128,1,11471,1,11,1,0,1,1,,,1,,,,,,,,,,,,,,,,,,,,,,0,0,,0,,0
193357,06/03/2013 08:27,14,100,,,219,58051,3,4.5,1,5.58,0.6841,5.61,16,257.75,0,21160,3,112,2,1,1,0,,334.26,1,,,,,,,,,,,,,,,,,,,,,,,,,0,,0
508656,18/06/2013 13:56,5,219,,,219,11768,3,4.5,1,2.08,,0,17,99,0,2011,2,1,5,0,4,0,,935.49,0,,,,,,,0,0,,,,,0,0,,,,,,,,0,0,,0,,0
373158,18/01/2013 13:05,5,219,,,59,140023,3,4,0,3.26,0.7295,5.09,8,99,0,11976,7,54,2,0,1,0,,2262.87,1,,,,,,,,,,,,,,,,,,,,,,,,,1,,0
534706,07/05/2013 18:36,5,219,,,219,57903,4,4.5,1,3.26,0.008,5.69,30,199,0,15307,1,3,2,0,1,1,,146.02,0,,,,0,0,,0,0,,,,,0,0,,,,,,,,0,0,,0,,0
332401,20/11/2012 06:48,5,219,,,219,52189,2,2,1,1.39,,4.09,13,50,0,27691,1,1,2,0,1,0,,298.66,0,,,,0,0,,,,,,,,,,,,,,,,,,,,0,,0
319871,28/05/2013 16:34,5,219,,,99,125608,4,3.5,0,6.12,0.1834,5.36,6,186,0,4458,3,38,2,0,1,1,,,0,1,0,7,,,,,,,,,,0,0,17,0,0,17,1,0,9,,,,0,,0
513623,31/12/2012 15:15,5,219,,,219,57001,4,4,1,2.08,0.2511,5.13,3,118,1,12736,3,18,2,0,1,1,,34.02,0,,,,,,,,,,,,,,,,,,,,,,,,,0,,0
495266,17/01/2013 21:03,32,220,,,220,127066,5,4,1,4.57,0.2281,5.42,21,404.98,0,25981,3,57,3,0,1,1,,444.13,0,,,,,,,,,,,,,,,,,,,,,,,,,0,,0
420919,19/02/2013 07:04,14,100,,,219,51421,3,4,1,2.89,0.018,5,7,169.11,0,4075,1,18,2,0,1,1,,1281.71,1,,,,,,,,,,,,,0,0,11,,,,,,,0,0,5,0,,0
258891,18/05/2013 23:04,17,98,,,98,135654,5,4.5,1,3,0.0283,5.42,7,184.19,0,6106,1,1,2,0,1,0,,,0,,,,0,0,,0,0,,,,,-1,0,19,,,,,,,,,,0,,0
451744,18/03/2013 18:19,14,100,,,219,9589,4,4.5,1,3.87,0.0171,5.7,24,231.85,1,18597,4,52,2,1,1,1,,2501.21,0,,,,0,0,,,,,,,,1,0,11,,,,,,,,,,0,,0
28482,24/05/2013 19:55,24,216,3,405.92,219,4571,3,4,1,2.83,0.2159,5.34,16,180.26,0,2360,1,20,1,0,1,1,,,0,,,,0,0,,,,,0,0,,0,0,,,,,,,,0,0,,0,,0
171345,22/01/2013 11:44,14,100,,,100,47202,2,3.5,1,4.33,0.0542,4.74,30,51.42,1,6948,2,3,2,0,1,1,,83.1,0,,,,0,0,,,,,,,,1,0,16,,,,,,,0,0,,0,,0
280977,28/12/2012 09:01,5,219,,,219,55905,2,3.5,1,0.69,,4.42,31,72,0,27942,1,0,1,0,1,1,,1.8,0,,,,1,0,5,0,0,,,,,,,,,,,,,,0,0,,0,,0
478143,02/05/2013 16:10,5,219,,,219,90836,2,2.5,0,3.47,0.1136,4.83,28,52,0,26067,1,3,1,1,1,0,,99.97,0,,,,,,,,,,,,,0,0,,,,,,,,0,0,,0,,0
69862,18/11/2012 17:26,32,220,,,220,47357,5,4,1,3.66,0.4742,5.75,1,204.71,1,5199,2,26,1,0,1,1,,,0,,,,0,0,,-1,0,5,0,0,,0,0,,,,,,,,,,,0,,0
584471,09/11/2012 06:52,5,219,,,219,76034,4,4,0,5.81,0.2043,5.79,18,348,1,5143,2,3,1,0,1,0,,295.62,0,,,,-1,0,24,1,0,21,,1,,0,0,25,,,,,,,0,0,21,0,,0
541429,17/02/2013 20:54,15,55,,,129,46035,4,4,1,4.09,0.0343,5.13,30,110.18,0,18433,2,13,1,0,1,1,,,0,,,,,,,,,,,,,0,0,,,,,-1,0,16,,,,0,,0
547711,14/01/2013 12:21,5,219,,,219,36298,2,4,0,2.3,,4.41,22,69,0,25768,1,11,2,0,1,1,,31.52,0,,,,0,0,,,,,,,,-1,0,7,,,,,,,-1,0,7,0,,0
183702,05/02/2013 10:19,15,55,,,55,33796,5,4.5,1,4.5,0.0793,5.26,6,172.25,1,18369,2,238,2,0,1,0,,,1,,,,,,,,,,,,,,,,,,,,,,,,,0,,0
589849,25/11/2012 19:02,16,31,,,31,13785,4,4,0,3.64,0.0071,5.37,4,188.12,0,27966,2,36,1,0,1,0,,9.89,1,,,,,,,,,,,,,,,,,,,,,,,,,0,,0
185459,24/11/2012 12:44,5,219,,,219,60846,4,4.5,1,4.13,0.2318,5.56,12,170,1,8192,7,34,2,2,1,0,,600.32,1,,,,-1,0,6,0,0,,,,,0,0,,,,,,,,0,0,,1,,0
445974,20/12/2012 16:19,14,100,,,100,37672,3,2,0,4.8,0.3873,5.17,27,312.85,0,27906,2,22,2,0,1,1,,65.05,0,,,,,,,,,,,,,,,,,,,,,,,,,0,,0
116157,17/04/2013 08:10,32,220,,,132,4206,4,4,1,0.69,0.0093,4.87,21,154.45,0,4073,2,12,1,0,1,0,,10076.58,0,,1,,,,,,,,,,,,1,,,1,,,1,,,,,0,,0
227180,31/03/2013 22:34,5,219,,,132,57957,3,4.5,0,5.08,0.0171,5.11,4,119,0,1815,3,170,1,0,1,0,,5456.22,1,,,,,,,,,,,,,,,,,,,,,,,,,1,,0
547613,06/03/2013 19:01,5,219,,,219,66893,3,4.5,1,2.4,0.0373,4.86,31,87,0,6443,3,30,2,0,1,1,,1016.53,0,,,,,,,,,,,,,,,,,,,,,,0,0,,0,,0
524527,22/04/2013 19:08,5,219,,,219,140690,4,4.5,0,3.5,0.0067,5.82,18,316,0,9265,3,25,1,0,1,1,,377.37,0,,,,,,,0,0,,,,,0,0,,,,,,,,0,0,,0,,0
263348,16/11/2012 07:40,5,219,,,219,106764,4,4.5,1,4.91,0.2047,5.73,12,339,0,23090,1,0,3,0,1,1,,28.95,0,,,,1,0,7,0,0,,,,,,,,,,,,,,0,0,,0,,0
465972,10/06/2013 20:09,5,219,,,219,71999,2,3.5,0,1.61,0.0677,0,10,119,1,4948,2,40,2,0,1,1,,,1,,,,,,,,,,,,,,,,,,,,,,,,,0,,0
404453,23/12/2012 16:23,14,100,,,100,12976,3,4.5,0,4.84,,5.02,30,112.77,1,6386,2,5,2,0,1,1,,342.01,1,,,,0,0,,,,,,,,0,0,,,,,,,,0,0,,0,,0
487649,10/03/2013 20:37,24,216,,,81,3259,5,4,0,0,0.0013,4.82,13,70.83,0,25614,3,34,2,0,1,1,,,1,,,,,,,,,,,,,,,,,,,,,,,,,0,,0
216773,19/01/2013 16:00,32,220,,,219,11414,3,4,1,4.61,0.3422,5.65,6,161.87,1,20319,9,93,4,1,1,0,,5699.5,1,,,,,,,,,,,,,,,,,,,,,,,,,0,,0
120342,19/11/2012 06:34,5,219,,,219,5325,2,3.5,1,1.95,0.0643,4.29,13,68,0,23753,1,12,2,0,1,1,,515.28,0,,,,0,0,,,,,,,,-1,0,4,,,,,,,-1,0,4,0,,0
440697,03/05/2013 17:26,5,219,,,219,84556,3,3.5,1,0.69,0.004,4.93,6,72,1,10948,2,1,2,0,1,1,,906.99,0,,,,0,0,25,0,0,,,,,,,,,,,,,,0,0,,0,,0
465793,04/04/2013 10:43,16,31,,,31,81286,0,0,0,5.08,,5.18,2,129.35,0,28197,2,5,2,0,1,0,,267.24,1,0,0,10,,,,,,,,,,0,0,10,,,,,,,,,,0,,0
399531,15/02/2013 22:26,5,219,,,219,25521,4,4,1,3.56,,5.58,15,239,0,25659,1,4,1,0,1,0,,18.06,0,,,,0,0,6,1,0,9,,,,0,0,6,,,,,,,0,0,,0,,0
481168,11/05/2013 09:06,31,219,,,219,94200,3,4.5,1,2.56,0.0219,4.78,10,118,0,19983,1,41,2,0,1,1,,987.07,0,,,,,,,0,0,,,,,0,0,,,,,,,,0,0,,0,,0
103865,04/05/2013 22:28,5,220,,,219,118465,2,2.5,0,3.18,0.0545,3.8,35,40,0,7772,3,24,2,0,1,0,,9728.33,0,,,,,,,,,,,,,-1,0,9,,,,,,,,,,0,,0
106063,28/12/2012 20:46,5,219,,,219,79372,2,3.5,1,0,,4.25,35,53,0,12068,2,1,2,0,1,1,,2.32,1,,,,,,,,,,,,,,,,,,,,,,0,0,,0,,0
451161,17/05/2013 17:45,5,219,,,219,31486,4,4,0,1.39,,5.05,20,79,0,15066,2,122,2,0,1,0,-34.5439,117.07,0,,,,,,,,,,,,,,,,,,,,,,,,,0,,0
366416,21/05/2013 11:18,16,31,,,219,56200,3,4.5,1,1.79,,5.26,36,194.89,0,12736,5,29,2,0,1,0,,,0,,,,0,0,,,1,,,,,0,0,,,,,,,,0,0,,0,,0
104082,16/03/2013 08:10,14,100,,,100,75613,4,4,1,1.1,,4.97,33,108.89,1,10292,2,13,2,0,1,1,,148.9,1,,,,0,0,,,,,,,,0,0,,,,,,,,0,0,,0,,0
18969,13/06/2013 07:47,5,219,,,219,139952,2,3.5,1,1.39,0.3012,0,8,93,0,7624,2,183,2,0,1,1,,181.2,0,,,,,,,,,,,,,,,,,,,,,,,,,0,,0
308704,12/01/2013 17:33,5,219,,,219,61918,2,2.5,1,2.56,0.04,4.02,24,45,0,23421,1,3,1,0,1,0,,80.23,0,,,,0,0,,,,,,,,1,0,4,,,,,,,,,,0,,0
297401,23/06/2013 08:14,5,219,,,219,100213,3,4.5,1,3.26,0.0183,0,22,199,0,22616,1,0,2,0,1,0,,20.92,0,,,,0,0,,0,0,,,,,,,,,,,,,,0,0,,0,,0
593478,28/04/2013 05:58,5,219,,,219,54644,2,4,1,2.4,,4.25,29,54,1,14272,1,1,2,0,1,0,,,1,,,,0,0,,0,0,,,,,,,,,,,,,,0,0,,0,,0
375075,29/06/2013 21:06,18,129,,,154,121196,3,3.5,0,2.64,,0,32,70.25,0,20404,3,100,8,0,4,0,,511.6,0,,,,,,,,,,,,,,,,,,,,,,,,,0,,0
395900,07/02/2013 12:20,15,33,,,15,89302,4,4.5,0,3.81,0.0242,5.32,12,77,0,8660,5,136,2,0,1,0,,,0,,,,,,,,,,,,,,,,,,,,,,,,,0,,0
446765,22/04/2013 07:19,5,219,,,219,73692,0,4,0,2.56,0.2397,4.3,12,68,0,17443,4,23,1,0,1,0,,145.86,0,,,,,,,,,,,,,,,,,,,,,,,,,0,,0
409132,24/02/2013 12:06,5,219,,,219,29879,2,3.5,1,2.56,0.0384,4.04,30,69,0,23421,2,42,4,0,2,0,,563.3,0,,,,,,,,,,,,,,,,,,,,,,,,,0,,0
378883,02/02/2013 00:03,14,100,,,100,35878,2,4,0,0.69,0.0433,4.5,1,99.35,0,13476,1,16,1,0,1,0,,126.84,1,,,,,,,,,,,,,,,,,,,,,,,,,0,,0
178119,29/11/2012 20:51,5,219,,,219,139706,3,3,1,3.33,0.0133,4.66,2,53,0,8347,1,22,2,1,1,1,,835.31,0,,,,0,0,,0,0,10,,,,,,,,,,,,,0,0,4,0,,0
281438,20/06/2013 15:22,5,219,,,219,126233,3,4,1,1.39,,0,36,120,0,2772,2,43,2,0,1,1,,212.39,0,,,,0,0,,,,,,,,0,0,,,,,,,,,,,0,,0
306846,23/02/2013 13:09,15,220,,,129,104348,5,4.5,1,5.25,0.0684,5.34,14,238.06,1,19968,4,217,2,0,1,1,,10013.6,0,,,,,,,,,,,,,,,,,,,,,,,,,0,,0
437031,22/11/2012 03:11,5,219,,,100,123424,3,3,1,0,0.0333,4.51,24,59,1,3410,5,20,2,4,1,0,,,0,,,,,,,,,,,,,,,,,,,,,,,,,0,,0
500453,26/02/2013 21:59,15,70,,,70,131273,3,4.5,0,3.18,0.0042,4.13,20,30.25,1,231,7,9,2,0,1,0,,,0,,,,,,,,,,,,,-1,0,17,,,,-1,0,17,,,,0,,0
435820,07/03/2013 05:41,5,219,,,219,91414,2,3.5,1,1.79,,4.16,13,46,0,921,2,28,2,0,1,1,,1203.43,0,,,,,,,,,,,,,,,,,,,,,,,,,0,,0
186279,14/06/2013 20:51,22,84,4.6,226.8,117,102604,4,3.5,0,4.16,0.0107,0,10,58.22,1,1588,1,1,2,1,2,1,,,0,,,,1,1,34,,1,,0,0,,0,0,,,,,,,,1,0,23,0,,0
392868,09/01/2013 18:54,5,219,,,219,134883,4,5,0,3.64,0.0094,5.93,27,151,1,15307,3,37,1,0,1,1,,299.35,0,,,,-1,0,9,-1,0,9,,,,0,0,,,,,,,,0,0,,0,,0
47214,21/02/2013 17:16,19,158,,,158,108344,3,3.5,0,1.1,0.0393,4.86,3,65.82,0,24894,1,6,2,0,1,0,-22.3041,26.14,1,,,,,,,,,,,,,,,,,,,,,,,,,0,,0
575658,28/06/2013 06:22,14,100,,,219,111775,3,4.5,0,3.33,0.0027,0,18,118.83,1,8347,2,64,4,3,1,1,,1265.69,0,,,,,,,,,,,,,,,,,,,,,,,,,0,,0
594987,23/06/2013 12:40,18,129,,,219,57426,2,3.5,1,2.83,0.1358,0,24,98.41,0,21382,1,70,2,0,1,0,,5641.67,0,,,,,,,,,,,,,,,,,,,,,,,,,0,,0
20936,22/02/2013 07:45,5,219,,,219,44600,2,3,1,3.3,0.1329,4.47,25,65,0,20193,1,21,2,0,1,1,-11.5473,62.02,0,,,,0,0,,0,0,,,,,,1,,,,,,,,0,0,,0,,0
564036,06/03/2013 07:14,5,219,,,219,19630,3,4.5,1,1.1,,5.05,30,169,0,8754,1,0,1,0,1,0,,9.03,1,,,,,,,,,,,,,1,0,11,,,,,,,,,,0,,0
217974,02/04/2013 17:46,5,219,,,219,29394,3,4.5,1,3.5,0.1338,5.14,32,140,0,4335,1,6,2,0,1,0,,81.66,1,,,,-1,0,27,-1,0,27,,,,-1,0,28,,,,,,,-1,0,27,0,,0
339308,05/02/2013 11:01,5,219,,,219,63859,3,4,1,2.56,0.0682,4.59,13,109,0,22918,2,31,2,0,2,1,,73.91,0,,,,-1,0,9,,,,,,,,,,,,,,,,,,,0,,0
111304,01/12/2012 08:31,5,219,,,219,101999,2,4.5,0,0.69,0.0098,4.76,15,119,0,9422,1,6,2,0,1,1,,173.23,1,,,,0,0,,0,0,,,,,,,,,,,,,,0,0,,0,,0
243162,14/05/2013 19:50,18,32,,,129,94763,3,4,1,2.56,0.0726,4.47,7,76.23,0,18580,1,45,1,0,1,1,,172.85,0,,,,,,,,,,,,,0,0,,0,0,,0,0,,,,,0,,0
330787,20/12/2012 20:39,5,219,,,219,92211,4,4.5,0,4.91,0.7264,5.6,15,199,0,4045,1,2,2,1,1,1,,333.42,0,,,,0,0,,0,0,,,,,,,,,,,,,,0,0,4,0,,0
83658,13/05/2013 07:13,14,100,,,219,31486,4,4,0,1.39,,5.05,25,107.86,0,15066,4,63,4,0,1,0,,,1,,,,0,0,,0,0,,,,,,,,,,,,,,1,0,18,0,,0
240755,23/01/2013 14:35,16,31,,,219,68786,4,4.5,1,5.22,,6.11,6,362.23,0,19545,3,8,1,0,1,1,,4944.36,0,,,,0,0,,,,,,,,0,0,,,,,,,,0,0,,0,,0
89063,10/04/2013 09:57,5,219,,,219,23649,2,4,1,1.95,0.01,4.27,24,70,0,17707,1,3,2,0,1,1,,34.79,0,,,,0,0,,,,,,,,,,,,,,,,,-1,0,10,0,,0
298104,23/06/2013 22:31,9,59,,,219,56776,4,4,1,2.2,0.0575,0,2,239.31,1,25335,2,23,2,2,1,0,,1453.07,1,,,,0,0,,0,0,,,,,0,0,,,,,,,,0,0,,0,,0
572216,16/01/2013 13:32,24,216,,,181,18446,4,4,1,4.38,0.0558,5.38,19,243.61,1,12907,3,21,3,0,3,0,,,0,1,0,11,,,,,,,,,,0,0,,,1,,0,0,14,,,,0,,0
553790,12/12/2012 13:05,14,100,,,100,75972,3,4,1,4.32,0.0952,5.24,21,96.51,0,982,1,0,1,0,1,0,,,0,,,,0,0,,,,,,,,1,0,10,,,,,,,0,0,,1,109.05,1
338572,25/04/2013 11:48,5,219,,,219,95511,2,3.5,1,1.1,,4.66,18,60,0,14272,2,0,1,0,1,1,,,0,,,,0,0,,,1,,,,,,,,,,,,,,0,0,,0,,0
315372,16/05/2013 10:28,5,219,,,219,41621,2,3.5,1,3.22,0.1533,4.52,9,63,0,1306,3,6,1,0,1,0,,,0,,,,0,0,,,,,,,,,,,,,,,,,,,,0,,0
377292,24/03/2013 14:11,5,219,,,219,52061,2,3,1,1.39,0.3229,4.37,1,60,0,27643,1,6,2,0,1,1,,,0,,,,,,,,,,,,,,,,,,,,,,-1,0,23,0,,0
140078,12/03/2013 17:33,15,55,,,132,124348,4,4,0,4.72,0.005,5.22,35,143.07,0,1815,1,16,2,0,1,1,,,0,0,0,,,,,,,,,,,-1,0,6,,,,-1,0,6,,,,0,,0
128620,21/03/2013 15:28,32,220,,,219,3854,3,4,1,3.18,0.0052,5.13,3,111.71,1,23904,3,272,1,1,2,0,,7952.97,1,,,,,,,,,,,,,,,,,,,,,,,,,0,,0
507481,07/03/2013 17:01,12,99,,,129,121950,4,4,1,1.79,0.0008,5.48,9,654,0,16076,1,40,4,0,4,0,,,0,,,,,,,,,,,,,,,,,,,0,0,,,,,0,,0
483291,20/01/2013 11:54,5,219,,,219,125186,2,3.5,1,1.95,0.0015,5.01,22,146,0,11339,1,0,1,0,1,0,,,0,,,,0,0,,,,,,,,0,0,,,,,,,,0,0,,0,,0
138897,11/12/2012 16:05,18,129,,,99,92615,3,3.5,0,2.4,,4.89,16,85.84,0,19771,3,115,2,0,1,1,,450.11,1,,,,,,,,,,,,,,,,,,,,,,,,,0,,0
112756,17/05/2013 02:19,1,13,,,215,60675,3,4,0,4.54,0.063,4.83,12,110.18,0,303,10,205,2,0,1,0,,,1,,,,,,,,,,,,,,,,,,,,,,,,,0,,0
171421,27/06/2013 15:54,14,100,,,100,106169,3,4.5,1,2.89,0.0299,0,31,104.04,0,8084,2,1,1,1,1,1,,,0,,,,0,0,10,0,0,9,,,,0,0,10,,,,,,,,,,0,,0
112207,04/05/2013 07:31,5,219,,,219,95095,5,4.5,1,4.93,0.034,6.21,13,790,0,6424,2,13,2,0,1,1,,666.85,1,,,,-1,0,31,0,0,35,,,,-1,0,27,,,,,,,-1,0,27,0,,0
33699,04/05/2013 13:17,5,219,,,219,8243,5,4.5,1,4.42,0.0668,5.86,8,300,0,418,1,0,2,1,1,1,,21.94,0,,,,0,0,,0,0,,,,,0,0,,,,,,,,0,0,,0,,0
370645,22/12/2012 07:03,5,219,,,219,76935,3,4,1,1.61,,4.86,25,99,0,22403,2,7,2,0,1,1,,57.16,0,,,,0,0,,,,,,,,0,0,,,,,,,,,,,0,,0
100847,09/05/2013 17:05,14,100,,,59,109791,4,4,1,2.48,0.0167,5.24,4,171.83,1,27000,10,70,1,1,2,0,,2016.4,1,,,,,,,,,,,,,,,,,,,,,,,,,0,,0
481436,22/02/2013 06:25,5,219,,,100,117559,4,4.5,1,2.2,0.0022,5.56,10,166,0,2142,2,14,2,0,1,1,,325.27,1,,,,0,0,,,,,,,,0,0,,,,,,,,0,0,,0,,0
439179,23/04/2013 07:20,5,219,,,99,39177,4,5,0,5.47,0.0172,6.21,20,353,0,13292,3,20,1,1,1,0,,3843.49,0,1,0,31,,,,,,,,,,1,0,22,,1,,,1,,,,,0,,0
239070,27/12/2012 10:14,14,100,,,219,53494,4,4,1,5.8,0.1578,6.1,13,219.05,0,4562,3,7,3,0,1,1,,346.26,0,,,,,,,-1,0,14,-1,0,15,-1,0,14,,,,,,,-1,0,14,0,,0
535211,31/01/2013 05:30,5,90,,,99,125463,3,4.5,0,2.48,0.0016,5.06,19,170,0,13292,4,234,2,2,1,0,,,1,,,,,,,,,,,,,,,,,,,,,,,,,0,,0
148580,09/12/2012 23:41,15,55,,,55,48066,3,4.5,1,2.4,0.0021,4.89,35,88.23,0,10979,1,21,2,0,1,0,,,0,,,,,,,,,,,,,,,,,,,,,,,,,0,,0
429093,23/01/2013 16:26,5,219,,,219,114932,3,4,1,4.32,0.256,5.21,25,102,1,8192,1,2,2,0,1,1,,8.11,0,,,,0,0,,0,0,25,,,,0,0,24,,,,,,,0,0,,0,,0
19247,26/02/2013 22:12,15,55,,,138,16708,2,4,0,4.3,0.1985,4.82,10,83.18,0,26389,2,45,2,0,1,1,,,0,,,,,,,,,,,,,1,0,144,1,0,34,1,0,16,,,,0,,0
209593,09/12/2012 13:09,14,100,,,100,31814,3,4,1,1.1,0.386,4.95,1,93.08,1,24219,1,16,4,0,2,0,,316.18,0,,,,0,0,,,,,,,,0,0,,,,,,,,0,0,,0,,0
463003,11/04/2013 00:09,5,219,,,219,93026,4,4.5,1,1.95,0.2787,5.02,3,109,0,2291,3,1,2,0,1,1,,1758.69,1,,,,0,0,,0,0,,,,,,,,,,,,,,0,0,,1,,0
184445,06/06/2013 10:20,5,219,,,219,137985,2,4,1,1.61,0.5871,0,2,46,0,15988,2,35,2,0,1,1,,616.74,0,,,,0,0,,,,,,,,,,,,,,,,,,,,0,,0
359967,27/05/2013 09:10,24,216,,,219,120766,3,4.5,1,0.69,0.0005,5.02,10,120.41,0,15752,3,120,3,0,1,0,,,1,,,,,,,,,,,,,,,,,,,,,,,,,0,,0
194792,15/05/2013 01:08,5,219,,,219,93547,2,3.5,1,3.3,0.1606,5.3,1,72,1,27608,33,17,2,0,1,0,,,1,,,,,,,,,,,,,,,,,,,,,,,,,0,,0
125974,13/05/2013 05:56,14,100,,,100,108429,2,,0,0,,4.66,8,68.28,0,11987,1,5,2,0,1,1,,190.98,1,,,,,,,,,,,,,1,0,14,,,,,,,1,0,14,0,,0
497027,28/02/2013 05:35,5,90,,,219,100874,4,3.5,1,3,,5.74,3,319,0,27006,1,18,2,0,1,0,,,0,,,,-1,0,9,,,,,,,,,,,,,,,,-1,0,9,0,,0
221270,27/03/2013 20:25,32,220,,,220,63248,4,3,1,5.18,0.4398,5.29,18,142.04,0,10757,3,10,2,1,1,1,,456.18,0,,,,,,,,-1,,,,,,,,,,,,,,,,,0,,0
232846,06/05/2013 14:05,24,216,,,31,8500,3,4,0,6.48,0.2431,5.53,30,284.96,0,23495,1,46,2,0,1,1,,,0,,,,,,,,,,,,,0,0,,0,0,,,1,,,,,0,,0
396869,16/01/2013 21:18,5,219,,,100,114201,2,4,1,4.32,0.1566,4.67,18,53,0,6948,3,2,2,0,1,1,,328.01,0,,,,0,0,,,,,,,,0,0,,,,,,,,0,0,,0,,0
357010,23/02/2013 09:19,24,216,,,219,41585,4,4,1,4.6,0.3128,5.84,13,212.09,1,20319,4,25,2,0,1,0,,,1,,,,0,0,,,,,,,,0,0,,,,,,,,0,0,,0,,0
17923,05/11/2012 08:24,5,219,,,219,27633,2,3.5,1,0.69,,4.39,31,49,0,16026,2,2,1,0,1,0,,187.61,0,,,,0,0,,0,0,,,,,1,0,21,,,,,,,0,0,,0,,0
360487,19/02/2013 15:51,5,219,,,219,8134,4,4.5,1,4.17,0.4262,5.33,22,319,0,570,7,73,2,0,1,0,,1734.46,1,,,,-1,0,13,0,0,,,,,,,,,,,,,,,,,0,,0
399559,15/06/2013 16:01,5,219,,,219,130840,3,3,1,1.61,0.01,0,34,73,0,44,1,3,1,0,1,0,,235.23,0,,,,0,0,,0,0,,,,,,,,,,,,,,0,0,,0,,0
572869,23/06/2013 12:30,14,100,,,100,14268,3,4.5,1,0,0.0151,0,25,109.02,0,19400,2,7,2,2,1,0,,2078.61,0,,,,,,,,,,,,,1,0,11,,,,,,,,,,0,,0
531498,02/11/2012 05:55,5,219,,,219,28467,2,4.5,1,2.2,0.0783,4.62,2,80,1,27372,1,25,1,0,1,0,,1150.34,1,,,,,,,,,,,,,,,,,,,,,,,,,0,,0
548825,11/04/2013 10:26,5,219,,,219,93051,3,4,1,1.95,,5.06,4,109,0,16793,1,2,2,0,1,1,,210.83,1,,,,0,0,,0,0,,,,,0,0,,,,,,,,0,0,,0,,0
267864,17/03/2013 13:59,19,158,,,117,119219,5,5,0,1.79,0.0101,5.48,6,117.2,0,20112,2,3,2,0,1,0,,,1,,,,,,,,,,,,,,,,,,,,,,,,,0,,0
593840,12/11/2012 15:40,16,31,,,31,7286,4,5,0,6.44,0.023,5.73,34,162.7,0,15620,2,36,4,1,2,0,,298.1,1,,,,,,,,,,,,,0,0,,0,0,,0,0,,,,,0,,0
90502,30/11/2012 15:49,7,9,,,100,26507,5,4.5,1,4.52,0.1087,5.94,20,226.27,0,6792,2,52,2,2,1,0,,,0,,,,0,0,,,,,,,,0,0,,,,,,,,0,0,,0,,0
279677,02/03/2013 08:13,14,100,,,100,51178,3,4,1,4.32,0.0796,5.21,35,112.97,0,11224,1,35,2,0,1,1,-25.892,1192.21,0,,,,0,0,,0,0,,,,,0,0,,,,,,,,0,0,,0,,0
407450,14/06/2013 09:41,5,219,,,219,138229,4,4.5,1,3.26,0.4328,0,6,199,0,16794,3,104,1,0,1,1,,263.08,1,,,,,,,,,,,,,,,,,,,,,,,,,0,,0
144379,02/03/2013 10:14,5,219,,,219,11465,3,4,1,1.1,0.007,4.71,4,139,0,25733,3,75,1,0,1,1,,1113.08,0,,,,,,,,,,,,,,,,,,,,,,,,,0,,0
477994,13/01/2013 15:26,5,219,,,129,55123,4,4,1,4.57,0.0633,4.9,4,452,0,18433,1,15,4,0,2,0,,5207.41,0,,,,,,,,,,,,,1,0,2,1,0,2,1,0,2,,,,0,,0
587806,16/05/2013 18:32,28,206,,,219,32887,4,4,0,5.08,0.0306,5.92,19,277.11,1,4562,8,6,2,1,1,0,,,0,1,0,15,-1,0,6,0,0,,0,0,,0,0,,,,,,,,0,0,,0,,0
434996,14/04/2013 18:02,5,219,,,219,34695,4,4.5,1,1.39,,5.72,24,339,0,23567,2,40,2,0,1,1,,595.21,1,,,,,,,0,0,,,,,0,0,,,,,,,,0,0,,0,,0
276837,03/12/2012 11:20,5,219,,,219,3357,2,4,1,1.39,0.0122,4.29,32,94,0,25017,1,28,2,0,1,0,,74.67,0,,,,0,0,,,1,,,,,,,,,,,,,,0,0,,0,,0
219543,17/03/2013 13:23,5,219,,,219,59878,3,0,1,0,,5.03,35,111,0,21494,1,134,2,0,1,0,,748.23,1,,,,,,,,,,,,,,,,,,,,,,,,,0,,0
117102,19/11/2012 20:29,5,219,,,88,73801,3,3.5,0,3.26,0.0944,5.28,3,274,0,20531,5,10,2,1,1,0,,1546.85,1,,,,,,,,,,,,,,,,,,,,,,,,,0,,0
242394,02/05/2013 22:45,5,219,,,215,55548,4,4.5,1,5.78,0.3824,5.29,1,139,1,6490,3,15,1,1,1,1,,4948.24,0,,,,,,,,,,,,,0,0,10,,1,,,1,,,,,0,,0
95063,07/02/2013 14:01,31,219,,,219,134914,3,4.5,1,0,0.0347,4.97,2,125,1,14643,1,2,2,0,1,1,,184.28,0,,,,,,,,,,,,,,,,,,,,,,0,0,,0,,0
357007,28/11/2012 12:15,14,100,,,100,44372,4,4.5,0,3.97,0.1536,5.54,4,136.07,0,13927,1,3,2,0,1,1,,0.59,0,,,,,,,,,,,,,0,0,,,,,,,,0,0,,0,,0
173235,06/05/2013 21:36,5,219,,,219,78926,2,3.5,0,0.69,,4.43,19,129,0,15964,1,18,3,0,1,1,,368.91,0,,,,-1,0,30,,1,,0,1,,-1,0,30,,,,,,,-1,0,30,0,,0
120192,15/02/2013 12:24,5,219,,,219,22956,3,3,1,2.48,0.065,4.96,7,163,0,17402,1,0,1,0,1,1,,265.35,1,,,,,,,,,,,,,-1,0,29,,,,,,,,,,0,,0
501349,21/05/2013 12:31,5,219,,,219,49210,4,4,1,2.56,,4.91,7,98,0,15253,2,10,2,0,1,1,,2174.32,1,,,,0,0,,0,0,,,,,,,,,,,,,,0,0,,0,,0
255751,25/03/2013 20:20,5,219,,,219,40279,5,4.5,1,4.29,0.2385,5.96,8,194,0,8192,2,5,2,0,1,1,,225.14,0,,,,0,0,,0,0,11,,,,0,0,,,,,,,,0,0,,0,,0
475242,12/06/2013 10:59,14,100,,,215,63300,4,4,0,5.11,0.1551,0,29,119.74,0,16034,2,14,2,0,1,0,,4816.95,1,,,,,,,,,,,,,,,,,,,,,,,,,0,,0
183604,01/06/2013 15:00,5,219,,,219,55690,3,4.5,1,1.95,,5.44,25,159,0,13945,12,40,2,0,1,0,,2271.82,1,,,,0,0,,,,,,,,,,,,,,,,,,,,0,,0
511310,14/02/2013 15:15,5,219,,,219,68420,3,3.5,0,3.04,0.0512,4.94,19,61,1,8192,5,76,2,0,1,0,,1367.6,1,,,,,,,,,,,,,,,,,,,,,,,,,0,,0
116216,07/02/2013 19:05,18,129,,,129,36804,4,4.5,0,0,,4.87,15,117.92,0,7687,1,3,1,0,1,0,,,0,,,,,,,,,,,,,0,0,,,,,0,0,,,,,0,,0
208166,23/02/2013 15:10,5,219,,,219,33737,4,4,1,0.69,,5.08,22,129,0,607,1,0,2,0,1,1,,2040.05,0,,,,,,,,,,,,,0,1,,,,,,,,0,0,,0,,0
460311,01/05/2013 11:49,5,219,,,219,73505,4,4.5,1,1.79,,5.02,9,96,0,21877,1,1,2,0,1,1,,123.49,0,,,,,,,,,,,,,,,,,,,,,,,,,0,,0
33320,11/12/2012 11:03,32,220,,,205,70846,2,1.5,0,4.42,0.151,4.44,21,158.98,0,28317,5,58,2,2,1,0,,4586.56,0,,,,,,,,,,0,0,,1,0,10,,,,,,,,,,0,,0
325906,04/11/2012 19:30,11,103,,,103,11762,5,4,1,4.25,0.5411,4.98,15,168.33,0,13319,1,1,1,0,1,0,,,0,,,,0,0,,0,0,,0,0,,0,0,,,,,,,,,,,0,,0
183826,17/02/2013 02:08,5,219,3.5,70.25,219,73745,4,4,1,2.3,,5.27,14,149,1,15641,1,0,2,0,1,0,,83.88,0,,,,0,0,5,1,0,11,,,,0,0,5,,,,,,,0,0,5,0,,0
235932,04/12/2012 09:36,5,125,,,98,87762,3,0,0,4.54,,4.12,33,29,1,3164,6,15,2,0,1,0,,,0,,,,0,0,,,,,0,0,,0,0,,,,,,,,,,,0,,0
185126,03/11/2012 06:40,5,219,3.32,185.26,219,81907,3,3.5,1,3.3,0.4103,4.19,28,55,0,26085,1,30,1,0,1,0,,,0,,,,,,,,,,,,,,,,,,,,,,,,,0,,0
583652,08/02/2013 13:19,5,219,,,219,134831,3,4.5,1,2.89,0.0067,5.72,22,199,0,15307,1,78,2,0,1,1,,18.21,0,,,,0,0,,0,0,,,,,0,0,84,,,,,,,,,,0,,0
225605,21/04/2013 17:00,14,100,,,219,86912,3,4.5,1,1.79,0.0326,4.8,35,118.84,0,4748,3,25,2,0,1,1,,,1,,,,0,0,,0,0,8,,,,1,0,8,,,,,,,1,0,8,0,,0
457088,09/03/2013 15:27,14,100,,,100,31148,4,4.5,1,3.09,0.0056,5.14,29,92.35,1,982,1,7,2,2,1,1,,48.72,0,,,,0,0,,0,0,,,,,0,0,,,,,,,,0,0,,0,,0
284645,27/02/2013 21:32,5,219,,,219,139343,2,3.5,1,2.77,0.0665,4.03,14,52,1,8628,1,17,2,0,1,1,,115.99,0,,,,1,0,11,1,0,11,,,,,,,,,,,,,1,0,11,0,,0
440925,07/11/2012 12:05,5,219,,,219,118856,3,4.5,1,2.4,0.0087,4.92,14,135,0,24674,1,18,2,0,1,0,,1122.55,0,,,,0,0,,0,0,,,,,0,0,,,,,,,,0,0,,0,,0
191051,07/12/2012 06:10,5,219,,,55,89087,4,4.5,1,1.95,,5.72,7,223,0,967,5,206,1,0,1,0,,5350.27,0,,,,,,,,,,,,,,,,,,,,,,,,,0,,0
314541,08/01/2013 20:58,15,4,,,32,47584,4,5,1,3.33,0.0747,5.52,1,327.55,0,27054,3,4,1,1,1,1,,,1,,,,,,,,,,,,,0,0,,,,,0,0,,,,,1,,0
308288,20/12/2012 19:17,5,219,,,100,30446,4,4,1,2.2,,5.21,30,120,0,19146,1,3,3,1,1,0,,,1,,,,0,0,,,,,,,,0,0,,,,,,,,0,0,,0,,0
63685,27/11/2012 16:17,5,219,3.75,274.34,219,64762,4,4.5,1,5.85,0.677,6.18,18,399,0,24700,1,2,1,0,1,1,,0.37,1,,,,0,0,2,0,0,,0,0,2,0,0,2,,,,,,,0,0,11,0,,0
153944,25/01/2013 04:34,5,219,,,55,60010,5,5,0,5.34,0.0151,6.21,22,513,0,10979,3,10,1,0,1,0,,3461.17,0,,,,,,,,,,,,,0,0,,,,,1,0,4,,,,0,,0
29280,05/03/2013 22:16,5,219,,,219,60350,3,4.5,1,2.94,0.0814,5.55,6,384,0,27891,2,16,3,0,1,1,,1517.61,0,,,,,-1,,,,,,,,,,,,,,,,,,-1,,0,,0
410501,14/03/2013 10:25,5,219,,,219,35204,4,4.5,0,2.2,0.0443,5.53,24,399,0,5206,2,8,2,0,1,1,,1764.1,0,,,,,,,,,,,,,,,,,,,,,,,,,0,,0
493458,15/03/2013 22:30,5,100,,,100,66829,4,4.5,0,2.83,0.1569,5.2,13,169,0,7933,1,1,2,2,1,1,,54.6,1,,,,1,0,17,,,,,,,0,0,,,,,,,,0,0,,0,,0
482589,26/12/2012 12:51,11,103,,,219,89073,4,4,1,2.08,0.0216,5.28,19,152.48,1,25964,1,74,1,0,1,0,,,0,,,,,,,-1,0,11,,,,-1,0,11,,,,,,,0,0,11,0,,0
79755,19/02/2013 07:08,5,219,,,88,80718,3,0,1,2.77,,0,27,214,0,12302,4,136,2,0,1,1,,,1,,,,,,,,,,,,,,,,,,,,,,,,,0,,0
27659,30/04/2013 19:18,5,219,,,219,43019,3,4,1,0.69,0.0009,4.71,18,139,0,8026,2,17,2,1,1,1,,477.14,0,,,,0,0,,0,0,,,,,,,,,,,,,,0,0,,0,,0
219641,02/03/2013 09:29,5,219,,,219,139435,4,4,0,2.48,0.1393,5.39,4,229,0,23055,1,82,2,0,1,1,,13,1,,,,0,0,,0,0,,,,,0,0,,,,,,,,0,0,,0,,0
393093,14/05/2013 10:45,5,219,,,216,110910,3,4,1,3.85,0.2044,5.25,2,117,1,8609,2,166,2,0,1,0,,3958.85,0,,,,,,,,,,,,,,,,,,,,,,,,,0,,0
392277,05/06/2013 13:27,5,219,,,219,61777,3,4,1,2.64,0.0339,0,19,309,0,21595,1,19,2,0,1,0,-17.4225,2786.26,0,,,,0,0,,,,,,,,,,,,,,,,,,,,0,,0
421969,19/04/2013 18:14,5,219,,,219,82688,4,4.5,1,2.71,,5.83,9,429,0,3661,3,25,1,1,1,0,,6.07,0,,,,0,0,6,0,0,,,,,0,0,,,,,,,,0,0,,0,,0
245962,14/02/2013 12:41,5,219,,,219,112125,4,4,1,1.79,0.0087,5.6,7,226,0,15764,4,56,2,0,1,1,,1463.46,1,,,,0,0,,,,,,,,0,0,,,,,,,,0,0,,0,,0
218697,15/02/2013 16:58,15,55,3.76,229.52,125,60922,5,4,1,0.69,0.0141,6.12,33,308.81,0,9855,1,33,1,0,1,0,,,0,,,,0,0,,,,,,,,0,0,,0,0,,,,,,,,0,,0
455092,28/05/2013 19:51,5,219,,,219,17997,3,3.5,0,0.69,0.0249,4.85,4,119,0,24002,1,2,2,1,1,1,,712.12,0,,,,1,0,241,,,,,,,0,0,,,,,,,,0,0,,0,,0
378544,02/03/2013 22:10,5,219,,,219,34087,2,3,1,0,,4.42,32,63,0,25891,2,1,1,0,1,0,,371.57,0,,,,0,0,,,,,,,,,,,,,,,,,,,,0,,0
243586,20/05/2013 13:08,5,41,,,55,129260,3,4,1,4.57,0.003,5.5,1,154,0,10979,1,4,1,1,1,1,,,0,,,,,,,,,,,,,0,0,,,,,,1,,,,,0,,0
208549,19/11/2012 14:23,5,219,,,219,77360,4,4,1,5.64,0.1202,5.67,34,206,0,5143,6,30,2,0,1,0,,2451.99,1,,,,,,,0,0,,0,0,,,,,,,,,,,0,0,,0,,0
35010,24/06/2013 17:01,5,219,,,219,43631,2,2.5,0,1.1,,0,2,129,0,19369,3,20,2,0,1,0,,146.48,0,,,,,,,,,,,,,,,,,,,,,,0,0,,0,,0
350042,02/03/2013 11:05,5,219,,,219,120081,4,4.5,1,3.22,0.0436,5.31,29,329,0,4182,1,37,2,0,1,0,,725.42,0,,,,,,,,,,,,,,,,,,,,,,,-1,,0,,0
477700,25/02/2013 12:44,32,220,,,31,102029,0,4,0,6.49,0.2562,5.38,21,297.47,0,23495,2,117,2,2,1,1,,,0,,,,,,,,,,,,,,,,,,,,,,,,,0,,0
197301,13/12/2012 09:26,14,92,,,92,79504,3,4,0,2.4,0.015,4.99,21,89.35,0,6991,1,1,2,0,1,1,,,1,,,,,,,,,,0,0,,0,0,,,,,,,,,-1,,0,,0
92431,12/01/2013 19:10,23,181,,,55,20531,3,4,1,5.68,0.0583,5.48,32,171.37,0,10979,3,82,4,0,2,1,,,0,,,,,,,,,,,,,1,0,36,,,,1,0,36,,,,0,,0
48285,22/04/2013 16:51,29,132,,,129,110838,3,4.5,1,4.56,0.031,5.1,37,83.63,1,19968,1,20,2,0,1,0,,,0,0,0,,,,,,,,,,,0,0,,0,0,,0,0,,,,,0,,0
15044,31/03/2013 18:02,5,219,,,219,27796,3,4.5,1,2.56,,4.92,28,200,0,12570,3,10,2,0,1,0,,750.05,1,,,,-1,0,6,,,,,,,-1,0,13,,,,,,,,,,0,,0
302494,27/02/2013 13:17,24,216,,,60,46663,5,5,0,5.73,0.0477,5.79,16,198.2,0,28150,1,129,1,0,1,1,,,1,,,,,,,,,,,,,,,,,,,,,,,,,0,,0
516975,14/01/2013 20:02,5,219,,,219,13161,4,4.5,0,1.1,0.0839,4.93,4,159,0,17712,2,18,2,0,1,1,,2051.01,0,,,,0,0,,0,0,,,,,,,,,,,,,,,,,0,,0
28057,12/06/2013 11:49,14,219,,,100,113576,2,4,0,3.97,0.0525,0,6,82.44,0,19898,1,5,2,0,1,0,,,0,,,,0,0,,,,,,,,0,0,,,,,,,,,,,0,,0
258819,19/03/2013 08:06,5,163,,,42,49876,0,0,0,1.39,,5.39,21,190,0,17191,2,6,2,0,1,0,,,0,,,,,,,,,,,,,,,,,,,,,,,,,0,,0
24332,05/04/2013 14:28,18,129,,,41,9668,3,3,0,5.78,,4.95,7,274.2,0,26464,2,28,2,1,1,1,,,1,,,,,,,,,,,,,0,1,,0,1,,0,0,,,,,0,,0
29209,10/02/2013 13:47,5,219,,,219,126968,2,2.5,1,1.95,0.0151,4.21,7,55,1,10343,1,7,2,2,1,0,-48.7748,241.89,0,,,,0,1,,0,0,,,,,,,,,,,,,,0,0,6,0,,0
133212,28/02/2013 19:42,5,219,,,219,40392,2,2,1,2.2,,3.93,27,50,0,5859,1,7,1,0,1,1,,217.73,0,,,,0,0,,,,,,,,0,0,17,,,,,,,0,0,,0,,0
228097,07/02/2013 12:19,5,219,,,18,19546,4,4,0,3.04,0.155,5,4,95,1,7267,3,8,3,0,2,1,,1561.16,0,,,,0,0,48,0,0,48,,,,,,,,,,,,,,,,0,,0
9773,15/03/2013 21:15,12,99,,,219,57181,4,4,1,4.54,0.0843,5.46,29,128.15,0,13216,1,7,2,0,1,1,,,0,,,,0,0,,0,0,15,,,,0,0,,,,,,,,0,0,15,0,,0
161305,18/01/2013 06:42,5,167,,,219,75371,4,4,1,2.4,0.0195,4.99,23,161,0,24674,9,68,3,2,2,0,,,0,,,,0,0,,,,,,,,0,0,,,,,,,,0,0,,0,,0
256204,26/01/2013 15:23,14,100,,,100,111108,3,3.5,0,3.58,,4.95,24,128.26,0,26995,1,22,1,0,1,0,,73.2,0,,,,0,0,,,,,,,,0,0,,,,,,,,0,0,,0,,0
542628,21/05/2013 21:41,15,55,,,55,57870,3,4,1,0,,4.62,32,103.05,0,16808,2,4,2,0,1,1,,,0,,,,,,,,,,,,,0,0,,1,0,5,1,0,5,,,,0,,0
440877,26/12/2012 07:03,5,219,,,219,59888,3,3,1,1.95,,4.48,35,67,0,8077,1,9,2,0,1,1,-16.0113,177.18,0,,,,0,0,,0,0,,,,,,,,,,,,,,0,0,,0,,0
466665,07/02/2013 21:34,15,55,,,55,117338,3,3,1,0.69,,4.62,7,91.14,0,27439,2,22,2,0,1,1,,,0,,,,,,,,,,,,,,,,,,,-1,0,3,,,,0,,0
345406,17/05/2013 11:36,5,85,,,219,132162,2,3.5,1,2.3,0.0294,4.37,38,60,0,16823,1,47,2,2,1,0,,,0,,,,,,,,,,,,,,,,,,,,,,0,0,,0,,0
455103,17/02/2013 22:09,11,103,,,220,67036,3,3.5,0,1.39,0.0089,4.66,34,143.65,0,17898,1,26,2,0,1,1,,,1,,,,0,0,,0,0,,0,0,,0,0,7,,,,,,,,,,0,,0
406886,21/05/2013 11:05,15,55,3.53,115.52,138,59090,2,3,0,4.08,0.004,4.99,19,100.02,0,26389,2,8,2,0,1,0,,,0,,,,,,,,,,,,,0,0,79,,,,,1,,,,,0,,0
429870,07/05/2013 10:32,9,59,,,59,71477,3,3.5,0,3.09,0.2441,5.14,10,64.59,1,23841,6,12,2,0,1,0,,,1,,,,,,,,,,,,,,,,,,,,,,,,,1,,0
272237,02/12/2012 10:20,5,35,3.5,84.04,35,101892,4,4.5,0,1.79,0.0782,4.14,10,42,1,21207,2,1,3,0,2,0,,,0,,,,,,,,,,,,,,,,,,,,,,,,,1,192.1,1
135341,02/04/2013 17:04,5,219,,,219,30016,4,3.5,1,2.77,0.0327,5.12,10,169,0,4335,1,1,2,2,1,0,,2377.95,0,,,,0,0,,,,,,,,0,0,,,,,,,,-1,0,6,0,,0
155905,21/05/2013 08:26,14,100,,,99,135261,2,3.5,0,5.6,0.016,4.96,28,157.79,0,13292,6,30,1,0,1,0,,3511.47,1,1,1,6,,,,,,,,,,0,1,,0,1,,0,1,,,,,0,,0
390262,29/12/2012 21:28,5,219,,,219,139000,2,3,0,2.89,0.1657,4.56,32,71,0,7384,1,1,2,2,1,0,,71.61,0,,,,-1,0,12,,,,,,,1,0,6,,,,,,,1,0,6,0,,0
605436,18/04/2013 08:50,5,219,,,219,62332,3,4.5,1,1.1,0.0376,4.94,4,103,0,11022,3,12,4,0,4,0,,138.26,0,,,,,,,,,,,,,,,,,,,,,,,,,0,,0
279643,23/04/2013 20:58,32,202,,,202,31251,3,3,0,4.34,0.0308,4.75,31,35.91,0,21897,2,41,2,0,1,0,,,1,,,,,,,,,,0,0,,0,0,,,,,,,,,,,0,,0
554039,14/02/2013 10:36,5,219,,,219,30808,3,4.5,1,2.3,0.0047,4.81,31,89,0,3806,1,2,2,1,1,1,,161.15,0,,,,0,0,,,,,,,,,,,,,,,,,0,0,,0,,0
336563,11/02/2013 22:23,15,55,,,60,18018,4,4.5,0,5.95,0.4597,4.97,9,59.51,1,20446,2,4,1,0,1,1,,,0,1,0,15,,,,,,,,,,0,0,,,,,0,0,,,,,0,,0
123808,21/02/2013 16:00,5,219,,,80,118353,4,4.5,1,3.69,0.2263,6.07,9,249,0,2173,1,59,2,1,1,0,,,0,,,,,,,,,,,,,0,0,,,,,,,,,,,0,,0
592066,13/03/2013 22:06,14,100,,,100,31038,3,4.5,1,3.91,0.0819,5.59,12,209.23,0,21871,1,27,2,0,1,0,,2089.41,0,,,,-1,0,9,,1,,,,,0,0,8,,,,,,,,,,0,,0
224327,11/06/2013 17:27,32,220,,,220,62327,5,3.5,0,4.57,0.0388,0,19,302.6,0,22043,3,24,8,0,4,1,,407.14,1,,,,,,,0,0,,,,,0,0,,,,,,,,,,,0,,0
86677,25/06/2013 12:08,5,219,,,219,34630,2,2,0,2.56,0.0113,0,6,64,1,5350,1,0,2,0,1,0,,328.44,0,,,,,,,,,,,,,,,,,,,,,,,,,0,,0
183267,12/06/2013 19:32,5,219,,,219,55307,2,3.5,0,0,,0,15,160,0,14003,6,18,2,2,1,0,,588.24,0,,,,,,,,,,,,,,,,,,,,,,,,,0,,0
413229,14/05/2013 16:24,5,219,,,219,22414,3,4.5,1,3.78,0.0179,5.09,9,84,0,1020,1,13,1,1,2,0,,878.79,1,,,,0,0,19,0,0,18,,,,0,0,14,,,,,,,0,0,19,0,,0
1295,03/06/2013 18:02,5,219,,,219,120855,3,4.5,1,2.4,0.0543,0,10,99,0,19781,2,25,2,1,1,1,,1475.4,0,,,,,,,0,0,,,,,0,0,123,,,,,,,0,0,,0,,0
452053,04/12/2012 21:02,5,219,,,219,122060,4,4.5,1,3.47,0.0274,5.63,24,202,0,23605,6,275,2,0,1,0,,,0,,,,,,,,,,,,,,,,,,,,,,,,,0,,0
494251,19/05/2013 17:56,22,92,,,219,6760,3,4.5,1,1.39,,5.18,8,132.28,0,10854,1,19,2,1,1,1,,,0,,,,0,0,,,,,,,,,,,,,,,,,,,,0,,0
95982,27/02/2013 07:51,7,219,,,219,70348,2,2.5,0,2.94,0.1122,3.89,21,34.22,0,22097,1,0,2,0,1,0,,1.45,0,,,,,,,,,,,,,,,,,,,,,,,,,0,,0
157013,29/06/2013 08:17,14,100,,,219,95851,2,2,1,1.61,0.1043,0,8,79.86,0,21948,2,0,2,0,1,1,,277.32,0,,,,0,0,,,,,,,,,,,,,,,,,0,0,,0,,0
382685,23/12/2012 05:07,5,219,,,219,58416,4,5,1,2.77,0.0157,5.2,4,79,0,22632,2,41,2,0,1,1,,136.12,0,,,,,,,,,,,,,,,,,,,,,,,,,1,177.56,1
502007,22/11/2012 13:02,5,219,,,205,123699,4,4,1,4.06,0.0802,5.27,30,141,1,28317,5,41,2,0,1,0,,7366.33,0,,,,0,0,,1,0,25,0,0,,0,0,,,,,,,,,,,0,,0
575069,30/03/2013 18:28,5,219,,,219,38795,3,4.5,1,1.61,0.1673,5.32,9,169,0,14395,2,13,4,2,2,1,,,1,,,,0,0,,0,0,,,,,,,,,,,,,,0,0,,0,,0
54996,14/05/2013 00:39,11,103,,,103,100284,3,0,0,2.08,,4.4,27,93.45,0,11681,1,4,1,0,1,1,,,0,,,,,,,,,,,,,,,,,,,,,,,,,0,,0
297767,02/11/2012 12:45,5,137,,,55,58480,3,3.5,0,5.1,0.0236,5.18,33,181,0,10979,4,32,2,0,1,0,,,1,,,,,,,,,,,,,0,0,,,,,,,,,,,0,,0
341400,01/06/2013 10:43,15,55,4.5,238.67,70,93321,5,4.5,0,2.4,0.0087,5.64,25,156.56,1,231,7,7,2,1,1,0,,,0,,,,,,,,,,,,,0,0,,,,,1,0,17,,,,0,,0
219678,28/01/2013 21:14,5,219,,,219,70127,3,4.5,1,1.1,0.0033,4.8,22,119,0,25338,1,56,6,1,3,0,,231.38,0,,,,0,0,,0,0,,,,,,,,,,,,,,,,,0,,0
485374,08/02/2013 19:10,14,100,,,219,72281,4,4.5,1,3.09,0.0048,5.93,30,446.11,1,7897,1,37,2,0,1,0,,,0,,,,0,0,,,,,,,,,,,,,,,,,,,,0,,0
1569,25/12/2012 10:48,14,100,,,100,130074,2,3,0,0,0.0002,4.67,18,79.6,0,6948,2,1,2,2,1,0,,55.91,1,,,,,,,,,,,,,-1,0,28,,,,,,,-1,0,28,0,,0
284498,26/12/2012 13:37,5,219,,,219,37598,3,4,1,2.2,0.0935,4.75,9,75,1,8628,2,1,1,0,1,1,,121.74,0,,,,0,0,,,,,,,,0,0,,,,,,,,,,,1,,0
139271,29/03/2013 14:58,14,100,,,31,39149,4,4.5,1,6.47,0.2993,5.83,27,371.54,1,4737,6,39,1,1,1,0,,4247.49,1,,,,,,,,,,,,,0,0,,,1,,,1,,,,,0,,0
43010,21/11/2012 10:43,5,219,,,219,13322,2,4,1,2.89,,4.83,25,95,0,28315,1,15,2,0,1,1,,2559.98,0,,,,0,0,,0,0,,,,,,,,,,,,,,0,0,,0,,0
603068,25/05/2013 13:41,14,100,,,219,139021,3,4.5,0,1.39,0.0876,5.16,1,174.45,1,23274,1,76,2,0,1,1,,803.97,0,,,,1,0,26,,,,,,,0,0,,,,,,,,,,,0,,0
208616,12/06/2013 19:06,5,219,,,219,60504,2,3,1,2.08,,0,21,76,0,22071,1,8,2,0,1,1,,91.96,1,,,,,1,,,,,,,,,,,,,,,,,,,,0,,0
499290,13/04/2013 13:42,14,100,,,205,130646,4,0,0,4.06,0.072,5.52,32,144.04,1,28317,2,7,2,0,1,1,,7831.37,0,,,,-1,0,9,0,0,,,1,,0,0,,,,,,,,,,,0,,0
501182,28/12/2012 01:56,5,219,,,219,34254,2,3.5,1,3.5,0.1857,4.71,10,89,0,21867,1,2,3,0,1,0,,102.75,1,,,,-1,0,4,0,0,,,,,,,,,,,,,,-1,0,4,0,,0
215284,10/04/2013 08:39,5,219,,,219,51227,3,4.5,1,2.3,0.1345,4.73,4,149,0,6414,2,0,1,0,1,0,,1471.79,0,,,,,,,0,0,,,,,,1,,,,,,,,0,0,,1,326.92,1
163368,27/03/2013 00:51,14,100,,,219,98770,4,4.5,1,3.5,0.1956,5.43,15,146.65,0,13539,3,16,2,0,1,1,,260.89,0,,,,0,0,,0,0,,,,,0,0,,,,,,,,0,0,,0,,0
15547,29/12/2012 06:38,5,219,,,137,139239,4,4.5,0,4.58,0.0967,5.31,19,133,0,8840,1,46,1,0,1,0,,7559.29,0,,,,,,,,,,,,,,,,,,,,,,,,,0,,0
418464,13/06/2013 01:06,24,55,,,55,124375,4,4.5,0,1.39,,0,9,128.23,0,2759,3,0,2,0,1,1,,,1,,,,,,,,,,,,,0,0,,0,0,,,,,,,,0,,0
587806,16/05/2013 18:32,28,206,,,219,32112,5,4.5,1,5.82,0.1174,6.09,14,297.94,0,4562,8,6,2,1,1,0,,,0,1,0,15,0,0,,0,0,55,0,0,,0,0,,,,,,,,0,0,,0,,0
528366,28/06/2013 12:28,5,219,,,219,14728,4,4,1,2.2,0.0827,0,6,215,0,11164,3,24,2,0,1,0,,,0,,,,,,,,,,,,,,,,,,,,,,,,,0,,0
510050,19/01/2013 20:46,14,100,,,219,87251,3,5,0,3.18,0.0653,5.31,28,159.32,0,4335,3,4,2,0,1,0,,1197.75,0,,,,,,,,,,,,,,,,,,,,,,,,,0,,0
574344,14/02/2013 20:42,32,220,,,202,9289,3,0,0,4.85,0.258,4.79,4,72.52,0,21897,5,6,1,0,1,0,,1607.69,1,,,,,,,,,,,,,,,,,,,,,,,,,0,,0
267144,31/01/2013 23:33,18,56,,,55,88377,3,3.5,0,5.64,0.0794,5.34,20,207.74,0,10979,2,153,4,3,2,0,,,0,,,,,,,,,,,,,,,,,,,,,,,,,0,,0
31364,02/05/2013 18:20,5,219,,,219,86892,2,3,0,3.14,0.0601,4.69,27,116,0,20874,3,86,3,1,1,1,-24.2792,652.35,0,,,,,1,,,,,,,,0,0,,,,,,,,0,0,,0,,0
177253,22/01/2013 10:25,5,219,,,219,134748,3,4.5,1,3,0.0306,5.29,13,100,1,9477,2,3,2,0,1,1,,208.59,0,,,,0,0,,0,0,,,,,,,,,,,,,,0,0,,0,,0
598144,18/06/2013 06:40,5,219,,,219,24222,3,3.5,1,2.3,,0,1,199,0,5886,2,74,2,0,1,1,,574.23,1,,,,,,,,,,,,,,,,,,,,,,,,,0,,0
508109,03/06/2013 17:58,23,181,,,181,67275,3,4,1,3.66,,0,20,196.04,0,7825,2,25,2,0,1,1,,,1,1,0,11,,,,,,,,,,0,0,,,,,0,0,,,,,0,,0
536589,18/06/2013 06:26,5,53,,,219,124842,2,4,1,2.4,0.0212,0,3,78,0,21808,3,9,2,0,1,1,,,1,,,,0,0,,0,0,,,,,0,0,,,,,,,,0,0,,0,,0
16313,08/03/2013 16:46,5,219,,,219,49554,3,4,1,3,0.0837,5.04,6,124,0,11230,1,9,2,0,1,0,,334.86,0,,,,0,0,,,,,,,,,,,,,,,,,0,0,,0,,0
532946,02/06/2013 10:40,5,219,,,219,105251,4,4.5,1,1.61,0.0006,5.43,36,129,0,13216,2,19,1,0,1,1,,247.6,0,,,,,,,,,,,,,,,,,,,,,,,,,0,,0
107262,21/01/2013 12:14,15,55,,,31,84113,4,4.5,1,5.14,0.672,5.42,2,313.44,1,23445,1,40,1,0,1,1,,,0,,,,,,,,,,,,,0,0,,1,0,17,1,0,17,,,,0,,0
387973,29/05/2013 23:35,5,219,,,219,112799,2,2,1,2.3,0.0583,4.12,3,42,1,17621,3,4,3,1,1,0,,382.32,0,,,,0,0,2,-1,0,11,,,,1,0,7,,,,,,,0,0,2,0,,0
599770,09/02/2013 17:20,15,55,,,39,120822,5,4.5,0,2.3,0.0074,5.89,29,192.79,1,15122,2,232,2,0,1,0,,,0,,,,,,,,,,,,,,,,,,,,,,,,,0,,0
274027,24/03/2013 23:51,5,219,,,219,7651,3,4.5,1,1.95,0.0604,4.97,9,189,0,7915,1,9,2,2,1,0,,146.64,1,,,,0,0,,0,0,,,,,0,0,,,,,,,,0,0,,0,,0
87046,05/03/2013 00:22,22,99,4,228,219,37818,4,3.5,1,3.95,0.2317,5.16,9,113,1,8192,3,4,2,0,1,1,,,0,,,,0,0,,0,0,,,,,0,0,21,,,,,,,0,0,21,0,,0
433462,29/05/2013 12:15,5,219,,,219,94382,3,3,1,1.1,0.0001,5.45,3,165,0,20319,3,33,2,0,1,0,,2395.73,1,,,,,,,,,,,,,,,,,,,,,,,,,0,,0
168802,05/04/2013 18:01,18,129,,,31,59498,4,4,0,0,0.0023,5.17,10,200.13,0,23820,5,94,2,2,1,0,,315.04,1,,,,,,,,,,,,,,,,,,,,,,,,,0,,0
2168,17/03/2013 14:52,5,219,,,219,22541,4,4,1,0.69,0.0004,5.23,22,169,0,3073,1,6,1,1,2,1,,92.49,0,,,,,,,1,0,6,,,,,,,,,,,,,1,0,6,0,,0
351032,29/01/2013 07:42,5,219,,,219,97044,3,4.5,1,2.08,0.05,4.74,26,110,0,7237,1,1,2,0,1,0,,319.58,1,,,,0,0,,,,,,,,0,0,,,,,,,,0,0,,0,,0
334553,22/12/2012 11:05,5,219,,,219,55791,2,4,0,4.03,,5.31,32,99,0,1154,1,1,1,1,1,0,,25.06,0,,,,0,0,,,,,,,,0,0,,,,,,,,0,0,,0,,0
592105,15/05/2013 06:34,5,219,,,219,110190,4,4,1,2.3,0.2814,5.48,4,279,0,23055,1,15,1,0,1,1,,2563.93,0,,,,0,0,7,0,0,7,,,,0,0,,,,,,,,0,0,,0,,0
117310,25/05/2013 08:29,5,55,,,219,11948,4,4.5,0,2.48,0.0761,5.51,22,139,1,3095,14,36,1,0,1,0,,,1,,,,0,0,,0,0,,,,,0,0,,,,,,,,0,0,,0,,0
280699,29/01/2013 15:18,5,219,,,219,132673,3,4,1,3.04,0.0436,4.89,14,109,0,23753,2,10,2,0,1,1,,93.39,0,,,,0,0,,,,,,,,0,0,,,,,,,,0,0,,0,,0
501450,22/06/2013 21:46,24,216,,,219,135195,5,5,1,4.81,0.366,0,2,439,0,20319,3,70,2,0,1,1,,,0,,,,0,0,,,,,,,,0,0,,,,,,,,,,,0,,0
353509,14/05/2013 16:23,9,59,,,59,43450,3,2.5,0,3.5,0.1358,4.7,16,112.5,1,1785,3,2,1,0,1,1,,179.38,1,,,,1,0,7,,,,,,,,,,,,,,,,,,,0,,0
440298,23/04/2013 15:49,14,100,,,219,55396,3,4.5,1,2.3,,4.81,9,154.04,0,6935,6,102,4,0,2,0,,145.72,1,,,,,,,,,,,,,,,,,,,,,,,,,0,,0
590384,16/05/2013 18:54,5,219,,,219,2386,2,2,1,2.08,,3.83,19,40,0,14777,1,2,2,0,1,1,,25.82,0,,,,0,0,9,,,,,,,,1,,,,,,,,0,0,,0,,0
199278,17/06/2013 08:34,5,219,,,100,80545,4,4,1,3.99,0.1021,0,6,198,0,982,4,41,1,0,1,0,,2199.25,0,,,,0,0,,0,0,,,,,1,0,41,,,,,,,,,,0,,0
270978,13/04/2013 11:04,5,219,,,219,65723,3,3.5,1,1.39,0.0851,4.8,8,136,0,14153,3,82,2,2,1,1,,382.51,0,,,,0,0,,0,0,,,,,,1,,,,,,,,0,0,,0,,0
509674,13/03/2013 01:53,14,100,,,219,55401,2,4.5,0,3.61,0.0113,5.03,19,79.8,1,22620,2,34,2,2,1,0,,706.89,1,,,,,,,,,,,,,,,,,,,,,,,,,0,,0
56369,05/06/2013 15:59,19,158,,,158,23036,3,0,0,1.95,,0,8,56.4,0,5043,1,10,2,0,1,1,,,0,,,,,,,,,,,,,,,,,,,,,,,,,0,,0
35211,24/04/2013 14:10,5,219,,,48,118881,4,4.5,1,2.56,,5.74,35,557,0,6066,1,99,2,0,1,1,,3181.42,0,,,,,,,,,,,,,,,,,,,,,,,,,0,,0
46434,02/06/2013 13:29,5,219,,,219,97432,4,4.5,1,4.04,0.0282,5.46,32,382,1,7714,2,24,2,1,1,0,,999.3,0,,,,,,,,,,,,,,,,,,,,,,,,,0,,0
392186,13/03/2013 11:21,32,220,,,220,52139,4,3.5,1,2.48,,5.14,16,287.3,0,27586,1,0,1,0,1,0,,,1,,,,0,0,,0,0,,0,0,,0,0,,,,,,,,,,,0,,0
222213,29/06/2013 14:28,15,55,,,73,27533,1,4,1,3.87,,0,28,60.85,0,5252,2,5,1,1,1,1,,,0,,,,,,,,,,,,,,,,,,,,,,,,,0,,0
333019,13/04/2013 10:27,5,219,,,219,41712,4,4.5,1,5.79,0.1518,5.98,15,399,1,4562,4,91,4,0,1,1,,2412.8,0,,,,,,,,,,,,,,,,,,,,,,,,,0,,0
564829,27/04/2013 18:41,31,219,,,31,89006,4,4,0,6.82,0.1022,5.01,24,181,1,15620,1,155,2,0,1,0,,5692.05,0,,,,,,,,,,,,,,,,,,,,,,,,,0,,0
428494,26/02/2013 21:23,9,59,,,59,60399,2,3,0,1.1,0.0926,3.94,12,32.08,1,27268,1,0,2,0,1,0,,,0,,,,,,,,,,,,,-1,0,5,,,,,,,,,,0,,0
203676,19/11/2012 06:01,5,219,,,219,62400,5,5,1,5.28,0.0617,6.21,15,1155,0,4562,1,18,2,0,1,1,,6.39,0,,,,-1,0,8,0,0,,,1,,0,0,,,,,,,,0,0,,0,,0
42213,09/12/2012 17:14,5,219,,,219,131317,3,5,1,0.69,,4.62,18,116,0,9097,1,10,2,0,1,0,,129.87,0,,,,,,,,,,,,,,,,,,,,,,,,,0,,0
475497,29/12/2012 01:06,5,99,,,106,4191,3,4,1,1.61,0.0352,4.99,24,91,0,18366,1,0,2,0,1,1,,,0,,,,,,,,,,,,,0,0,,0,0,,0,0,,,,,0,,0
364268,23/04/2013 09:07,14,100,3.7,166,219,98884,2,2.5,0,2.3,0.0084,4.68,22,89.69,0,15146,1,31,2,0,1,1,,205.63,0,,,,0,0,,0,0,,,,,0,0,,,,,,,,0,0,,0,,0
400444,19/06/2013 11:56,5,219,,,219,95182,4,4,0,2.94,0.2599,0,6,112,0,15066,3,46,3,0,1,0,,304.23,1,,,,0,0,,,,,,,,,,,,,,,,,,,,0,,0
505108,27/06/2013 13:57,5,219,,,219,136010,3,5,1,2.08,,0,21,115,0,19358,1,5,1,0,1,0,,,0,,,,,,,,,,,,,,,,,,,,,,,,,0,,0
237012,29/03/2013 18:53,14,100,,,219,25424,4,4,1,2.56,0.3216,5.09,3,99.27,0,5028,1,2,2,2,1,0,,1248.41,0,,,,-1,0,4,-1,0,5,,,,,,,,,,,,,-1,0,4,0,,0
23644,22/04/2013 14:51,5,219,,,99,16071,3,3.5,1,4.28,0.008,5.46,12,207,0,13292,5,100,2,2,1,0,,3849.73,1,,,,,,,,,,,,,,,,,,,,,,,,,0,,0
109577,30/04/2013 10:10,5,219,,,219,62954,3,4.5,0,3.76,0.3055,5.47,19,159,0,17618,4,5,2,0,1,0,,414.93,1,,,,0,0,,0,0,,,,,,,,,,,,,,0,0,,0,,0
315402,12/03/2013 21:55,15,55,,,55,58077,4,3.5,1,2.3,0.0403,4.73,20,102.83,0,10010,2,3,2,1,1,1,,,0,,,,,,,,,,,,,0,0,,0,0,,0,0,,,,,0,,0
589738,12/12/2012 09:06,14,100,,,219,30271,2,3.5,0,4.87,,5,10,81.27,1,5797,2,24,1,0,1,1,,,0,,,,0,0,,0,0,,,,,,,,,,,,,,,,,0,,0
445241,09/05/2013 05:55,5,219,,,219,63917,3,3,1,1.1,0.0012,4.66,15,93,0,19194,1,111,2,0,1,0,,2169.19,0,,,,,,,,,,,,,,,,,,,,,,,,,0,,0
303725,16/05/2013 19:08,5,219,,,219,8603,2,3.5,1,0,0.0162,4.43,20,73,0,9137,4,19,1,0,1,0,,2339.63,1,,,,0,0,,,,,,,,,,,,,,,,,,,,0,,0
42696,29/04/2013 18:54,5,219,,,219,58970,4,4,1,2.08,0.2297,4.52,4,72,1,9910,2,4,2,0,1,1,,132.02,1,,,,0,0,,-1,0,5,,,,,,,,,,,,,-1,0,6,0,,0
181470,13/06/2013 10:26,5,219,,,219,49656,3,3.5,0,3.76,0.0937,0,32,49,1,8192,2,47,1,0,1,0,,1668.67,0,,,,0,0,16,,,,,,,0,0,,,,,,,,,,,0,,0
444696,07/11/2012 17:56,5,219,,,219,3775,3,4,1,4.29,0.2241,5.09,19,99,1,13870,1,1,1,0,1,1,,340.98,0,,,,1,0,11,0,0,,,,,0,0,,,,,,,,0,0,,0,,0
376949,17/03/2013 20:23,15,181,,,219,154,3,3.5,1,0.69,0.0002,5.2,4,269,0,23904,4,92,2,1,1,0,,,1,,,,,,,,,,,,,,,,,,,,,,,,,0,,0
247591,16/12/2012 19:58,5,219,,,219,64138,3,3,1,2.48,0.1242,4.82,16,105,0,22164,1,6,2,0,1,1,,21.26,0,,,,0,0,,,,,,,,,,,,,,,,,,,,0,,0
77881,18/04/2013 16:56,5,219,,,219,65389,3,5,1,0,0.019,4.9,8,96,0,23661,3,11,2,0,1,0,,29.63,0,,,,,,,,,,,,,,,,,,,,,,,,,0,,0
434063,20/03/2013 21:07,5,219,,,219,123706,0,2.5,1,1.1,0.0042,4.2,13,63,0,2978,2,17,2,0,1,1,-33.6102,309.34,0,,,,,,,,,,,,,,,,,,,,,,,,,0,,0
306467,24/05/2013 11:25,24,216,,,117,58623,5,4,1,2.83,0.114,5.3,27,369.46,0,15078,1,14,1,0,1,1,,,0,,,,,,,1,0,45,1,0,14,-1,0,13,,,,,,,,,,0,,0
421311,28/05/2013 07:34,14,100,,,100,16337,3,4.5,1,1.39,0.0256,4.9,26,85.59,1,7306,1,1,2,0,1,0,,,0,,,,,,,,,,,,,,,,,,,,,,,,,0,,0
258819,19/03/2013 08:06,5,163,,,42,3154,1,0,0,1.79,0.0037,5.28,14,120,0,17191,2,6,2,0,1,0,,,0,,,,,,,,,,,,,,,,,,,,,,,,,0,,0
382382,06/06/2013 19:38,5,219,,,99,101443,4,4.5,1,5.46,0.0172,0,29,277,0,13292,5,138,2,0,1,0,,3450.86,1,,,,,,,,,,,,,,,,,,,,,,,,,0,,0
441898,19/02/2013 19:03,5,219,,,219,68683,3,4,1,0.69,,4.96,34,139,0,12781,1,3,2,0,1,1,-39.2117,62.01,0,,,,,,,,,,,,,,,,,,,,,,,,,0,,0
572049,05/04/2013 20:35,32,220,,,80,48363,2,3.5,0,3.66,0.2656,4.93,12,105.9,0,2173,1,113,1,0,1,1,,11508.71,0,,,,,,,,,,,,,,,,,,,,,,,,,0,,0
252828,02/06/2013 17:14,5,219,,,219,35679,4,4.5,1,5.11,,5.74,22,234,1,13430,4,45,2,0,1,0,,1734.42,1,,,,0,0,,,,,,,,0,0,,,,,,,,,,,0,,0
149948,15/05/2013 01:12,15,55,3,118.07,23,91907,0,0,0,1.79,,5.35,2,252.89,0,1577,1,61,2,1,1,0,,,0,,,,,,,,,,,,,,,,,,,,,,,,,0,,0
432810,02/03/2013 08:41,5,219,,,219,109958,4,4.5,1,4.5,0.5628,5.64,3,299,0,12410,1,1,2,0,1,0,,204.53,0,,,,0,0,,0,0,,,,,,,,,,,,,,0,0,,0,,0
98788,25/02/2013 11:53,14,100,,,219,57632,4,4.5,1,3.22,0.0455,5.74,4,357.63,0,16509,2,108,4,0,2,1,,813.6,1,,,,,,,,,,,,,,,,,,,,,,,,,0,,0
236256,19/02/2013 09:32,5,219,,,219,937,2,3.5,1,0.69,0.0006,4.4,19,60,0,13472,5,13,1,0,1,0,,1903.21,1,,,,0,0,,0,0,,,,,,,,,,,,,,0,0,,0,,0
505431,03/01/2013 19:03,5,219,,,219,9029,2,2.5,0,1.39,0.0012,4.87,30,69,0,9402,3,6,2,0,1,0,,339.5,0,,,,,,,,,,,,,0,0,,,,,,,,,,,0,,0
258075,07/04/2013 20:44,5,219,,,219,80066,3,3.5,0,1.39,,4.88,20,113,0,25910,1,5,2,0,1,1,-48.3718,165.22,0,,,,,,,,,,,,,,,,,,,,,,,,,0,,0
532025,19/03/2013 18:08,5,219,,,4,3384,3,4,0,4.81,0.2253,5.11,20,321,0,18791,1,87,5,0,2,1,,2992.88,0,,,,,,,,,,,,,0,0,,,1,,-1,0,10,,,,0,,0
460611,05/02/2013 13:20,5,219,,,219,130245,2,3.5,1,2.77,0.1678,4.53,6,43,0,22162,1,9,2,0,1,1,,2.35,0,,,,0,0,,0,0,,,,,,,,,,,,,,0,0,,0,,0
568180,11/12/2012 19:43,5,219,,,219,3119,0,3.5,0,2.94,0.1355,4.81,27,49,0,7834,3,17,1,0,1,1,,396.14,1,,,,,,,,,,,,,,,,,,,,,,,,,0,,0
237891,04/02/2013 19:06,5,219,,,219,64324,2,4,1,0,0.0003,4.12,33,55,0,4335,1,12,3,0,1,1,,390.47,0,,,,,,,,,,,,,,,,,,,,,,-1,0,23,0,,0
307753,21/05/2013 15:23,5,219,,,219,124242,3,4,1,4.98,,5.6,8,356,0,27085,3,14,2,0,1,0,,482.9,1,1,0,15,0,0,5,,,,0,1,,0,0,,,,,,,,0,0,,0,,0
23000,19/06/2013 17:53,5,219,,,219,27132,2,0,1,2.2,,0,14,195,0,4599,2,19,4,0,1,0,,,1,,,,,,,,,,,,,,,,,,,,,,,,,1,,0
538722,12/02/2013 16:55,5,219,,,219,128926,3,4.5,1,0.69,0.0255,4.85,18,86,1,20820,2,3,1,0,1,1,,143.29,0,,,,1,0,4,1,0,34,,,,,,,,,,,,,,1,,0,,0
330936,02/01/2013 10:11,5,219,,,219,36437,3,4.5,1,2.77,0.0945,5.11,19,99,0,4828,1,1,2,0,1,1,,,0,,,,0,0,,,,,,,,0,0,,,,,,,,0,0,,0,,0
213307,09/04/2013 17:02,22,92,,,14,52081,4,0,0,3.09,0.0741,5.2,20,110.8,0,28399,2,55,2,1,1,0,,,1,,,,,,,,,,,,,,,,,,,,,,,,,0,,0
439903,23/01/2013 17:09,18,129,,,68,16041,2,4,0,4.79,0.0472,3.64,28,21.31,0,14408,2,19,1,0,1,0,,7714.18,0,,,,,,,,,,,,,,,,,,,,,,,,,0,,0
225926,15/03/2013 23:47,5,219,,,219,138293,3,4.5,1,1.39,0.0011,4.82,37,95,0,13202,1,1,2,0,1,1,,1797.73,1,,,,,,,,,,,,,,,,,,,,,,0,0,,0,,0
475746,04/04/2013 13:04,5,219,,,219,1561,3,4.5,1,3.14,0.0139,4.82,7,230,0,26067,1,121,2,0,1,1,,106.82,0,,,,,,,,,,,,,,,,,,,,,,,,,0,,0
481370,25/12/2012 18:37,5,219,,,219,62899,3,4.5,1,0,0.1158,4.77,18,107,0,19297,1,19,1,0,1,0,,,1,,,,,,,,,,,,,,,,,,,,,,,,,0,,0
379073,18/06/2013 04:28,5,149,,,219,119146,5,4.5,0,3.18,0.0189,0,3,530,0,23605,2,144,2,0,1,1,,,1,,,,,,,,,,,,,,,,,,,,,,,,,0,,0
154869,14/05/2013 18:05,18,129,,,31,39946,3,5,0,1.39,0.0004,4.83,34,89.15,0,6785,1,2,2,1,1,1,,,1,,,,,,,,,,,,,1,0,5,,,,,,,1,0,14,0,,0
195425,05/02/2013 16:26,5,219,,,219,7676,3,3.5,0,1.79,0.175,5.16,13,90,0,10948,2,11,2,2,1,1,,111.17,0,,,,0,0,,0,0,,,,,,,,,,,,,,0,0,,0,,0
566646,28/05/2013 08:38,5,219,,,219,60853,3,4,1,2.3,0.1812,4.77,19,95,0,14835,2,12,1,1,1,0,,1023.08,1,,,,,,,,,,,,,,,,,,,,,,,,,0,,0
196800,20/12/2012 12:36,5,219,,,100,10494,3,4.5,1,2.4,0.0237,4.71,30,299,0,6948,1,11,2,0,1,0,,,0,,,,,,,,,,,,,0,0,,,,,,,,0,0,,0,,0
78500,31/12/2012 13:33,5,219,,,219,90150,2,3.5,0,1.79,0.0308,4.28,4,63,0,24728,1,0,2,0,1,0,,,1,,,,,,,,,,,,,,,,,,,,,,,,,0,,0
413144,20/06/2013 06:28,5,219,,,219,46850,3,5,1,1.39,0.0212,0,12,99,0,16701,1,1,2,2,1,1,,134.82,0,,,,,,,,,,,,,,,,,,,,,,-1,0,4,0,,0
380692,07/03/2013 07:56,5,219,,,219,16645,0,4,0,1.39,,4.35,35,275,0,24649,2,24,1,2,1,0,,,1,,,,,,,,,,,,,,,,,,,,,,,,,0,,0
242535,01/06/2013 09:33,5,219,,,219,130194,4,4,1,3.4,0.0183,5.11,26,164,0,24131,2,5,2,0,1,1,,377.69,0,,,,1,0,5,1,0,5,,,,0,0,,,,,,,,0,0,,0,,0
441318,27/04/2013 05:45,24,219,,,219,3213,3,3.5,0,5.67,0.4287,5.89,14,218.13,1,24700,1,2,1,0,1,0,,0.66,0,0,0,,0,0,,0,0,,0,0,,0,0,,,,,,,,,,,0,,0
132774,28/04/2013 15:08,5,219,,,219,137926,3,4,0,3.18,0.0272,5.15,9,140,0,9265,2,8,2,0,1,0,,123.41,0,,,,,,,,,,,,,0,0,,,,,,,,0,0,,0,,0
392177,10/02/2013 20:21,5,219,,,215,134852,4,4,1,6.05,0.5826,5.18,10,148,1,10778,3,96,2,1,1,1,,4931.43,1,,,,,,,,,,,,,,,,,,,0,0,,,,,0,,0
296012,02/03/2013 11:44,5,219,4,178.48,215,126753,3,4.5,1,4.42,0.0108,4.79,18,95,1,7363,1,73,2,1,1,0,,4376.55,0,,,,,,,,,,,,,,,,,,,,,,,,,0,,0
518942,24/04/2013 20:05,5,219,,,219,21469,4,4.5,0,3.47,0.1683,5.25,1,108,1,14366,2,30,1,0,1,1,,,1,,,,0,0,,0,0,,,,,0,0,,,,,,,,0,0,,0,,0
450219,08/03/2013 15:41,15,55,,,219,78545,3,3.5,1,3.37,0.0959,4.85,3,100,0,15534,3,69,2,0,2,1,,,0,,,,,,,,,,,,,,,,,,,,,,,,,0,,0
170553,08/04/2013 18:06,12,73,,,219,59322,3,3.5,1,3.04,0.1439,4.82,31,80.66,0,26067,1,65,3,0,1,0,-8.8849,,0,,,,,,,,,,,,,,,,,,,,,,,,,0,,0
341379,05/05/2013 11:29,5,219,,,219,87946,3,4.5,1,1.1,,5.2,10,149,0,15888,3,19,2,0,1,1,,282.46,1,,,,,,,0,0,,,,,,,,,,,,,,0,0,,0,,0
552520,11/02/2013 19:41,5,219,,,219,119399,3,4,1,2.64,,5.55,26,140,0,26413,6,9,1,0,1,0,,,0,,,,0,0,,0,0,29,,,,0,0,,,,,,,,0,0,,0,,0
117753,16/11/2012 11:05,5,219,2.29,96.86,219,59540,2,4,1,1.79,,4.48,8,91,0,24983,2,3,2,0,1,0,,261.49,0,,,,0,0,,0,0,,,,,,,,,,,,,,0,0,,0,,0
193718,14/03/2013 19:03,5,219,,,219,5502,2,3,1,2.83,0.0541,4.31,7,48,0,22097,1,10,2,0,1,0,,2116.71,0,,,,,,,,,,,,,,,,,,,,,,,,,0,,0
243530,03/11/2012 00:31,5,219,,,219,75658,4,4.5,0,4.47,0.1888,5.72,9,1094,0,27730,2,0,2,0,1,1,,130.25,1,,,,,,,,,,,,,,,,,,,,,,,,,0,,0
269393,21/06/2013 10:15,5,219,,,219,132193,4,4,1,0,,0,1,62,1,11246,2,3,2,0,1,0,,,1,,,,,,,1,0,22,,,,,,,,,,,,,1,0,22,0,,0
520285,28/12/2012 15:02,5,219,,,219,117430,3,3.5,1,1.61,0.0173,4.7,18,79,0,7384,3,2,2,0,1,0,,550.94,0,,,,0,0,,0,0,,,,,0,0,,,,,,,,0,0,,0,,0
487245,14/12/2012 03:58,9,219,,,59,63400,3,4.5,0,3.3,0.2224,4.8,2,60.19,0,23841,3,5,2,2,1,0,,,1,,,,,,,,,,,,,,,,,,,,,,,,,1,,0
186425,11/02/2013 10:11,5,219,,,219,11991,2,3,0,3.71,0.0975,4.45,6,43,1,7473,3,102,2,0,1,1,,,0,,,,,,,,,,,,,-1,0,27,,,,,,,0,0,9,0,,0
431949,14/01/2013 19:47,14,100,,,100,39020,4,4.5,1,0.69,0.002,5.6,36,202.3,0,20438,2,18,3,0,1,1,,194.09,0,,,,0,0,,,,,,,,,,,,,,,,,0,0,,0,,0
186681,19/03/2013 08:54,5,219,,,219,105779,4,4.5,1,5.15,0.1869,5.6,18,329,0,9402,1,8,1,0,1,0,,2688.78,0,,,,0,0,,0,0,,,,,0,0,,,,,,,,0,0,,0,,0
422234,28/11/2012 13:55,18,129,,,173,53154,5,4,1,0,0.1185,5.7,14,240.93,0,27303,3,6,1,0,1,0,,901.68,0,,,,,,,,,,,,,,,,,,,,,,,,,0,,0
594269,09/03/2013 11:06,5,219,,,59,104671,3,5,0,1.61,0.0328,5.25,8,163,1,9326,4,9,2,0,1,0,,1167.75,1,,,,0,0,,0,0,,,,,,,,,,,,,,,,,0,,0
401912,28/06/2013 17:00,5,219,,,219,28634,2,3,1,1.39,,0,25,119,0,15111,1,1,1,1,1,1,,,0,,,,,,,0,0,,,,,,,,,,,,,,0,0,,0,,0
295998,27/03/2013 12:12,5,219,,,219,97305,2,3,1,2.48,,4.54,36,105,0,24373,1,2,2,0,1,1,,364.69,1,,,,0,0,,0,0,,,,,,1,,,,,,,,0,0,,0,,0
261699,14/05/2013 12:17,5,219,,,219,12383,2,2.5,1,1.61,,4.25,31,52,0,9608,3,6,2,0,1,0,,70.28,0,,,,0,0,,0,0,,,,,,,,,,,,,,1,0,8,0,,0
177057,15/03/2013 16:57,5,219,,,219,90457,3,4.5,1,3.09,0.0072,5.63,22,181,0,4562,1,35,1,1,2,1,,747.47,1,,,,,,,,,,,,,,,,,,,,,,,,,0,,0
26913,31/03/2013 20:38,5,219,,,219,126952,2,3.5,0,2.83,0.1352,4.97,6,199,0,28407,1,2,2,2,1,0,,304.12,1,,,,,,,,,,,,,-1,0,29,,,,,,,-1,0,29,0,,0
142437,04/01/2013 10:31,24,216,,,15,29363,5,5,1,2.89,0.017,5.82,16,251.02,0,17768,2,4,2,0,2,0,,,0,,,,0,0,,,,,,,,0,0,,0,0,,,,,,,,0,,0
529626,28/06/2013 22:09,5,219,,,219,125524,3,4,1,1.39,0.0242,0,24,94,0,3396,1,29,2,0,1,1,,30.41,0,,,,0,0,,,,,,,,,,,,,,,,,,,,0,,0
203311,02/01/2013 08:06,5,219,,,219,122377,4,4,1,3.47,0.15,4.98,3,79,0,7643,1,10,2,0,1,1,-15.8513,191.12,1,,,,,,,0,0,,,,,,,,,,,,,,0,0,,0,,0
285517,20/02/2013 15:49,5,219,,,219,20304,4,4.5,0,0,0.1604,5.6,2,209,0,4799,1,10,2,0,1,1,,11.04,0,,,,,,,,,,,,,,1,,,,,,,,0,0,,1,233.65,1
393229,13/06/2013 13:51,32,220,,,220,72176,5,4,0,3.78,,0,15,114.7,0,9436,1,4,2,0,1,0,,12.83,1,,,,0,0,,0,0,,,,,0,0,,,,,,,,,,,1,,0
278406,15/01/2013 11:20,13,81,3.73,198.3,225,70724,3,3,0,4.25,0.7948,4.81,15,62.79,0,27260,6,74,2,0,1,0,,,0,,,,,,,,,,,,,0,0,,,,,,,,,,,0,,0
520624,25/05/2013 21:34,32,220,,,220,25519,4,3.5,1,3.33,0.0257,5.22,2,124.52,0,697,1,14,2,1,1,1,,,0,,,,0,0,,0,0,,0,0,,0,0,,,,,,,,,,,1,124.52,1
513188,19/12/2012 08:27,5,219,,,219,124342,4,4,1,4.19,0.2997,5.29,19,131,1,8192,2,9,2,0,1,1,,1058.08,0,,,,0,0,,0,0,14,,,,0,0,,,,,,,,0,0,,0,,0
356405,02/06/2013 10:10,5,68,,,219,57945,5,4.5,1,5.72,0.1018,5.94,35,359,1,4562,1,117,2,0,1,1,,,0,,,,,,,,,,,,,,,,,,,,,,,,,0,,0
286981,26/06/2013 13:11,5,219,,,219,126548,2,2.5,1,2.2,0.026,0,2,119,0,19982,2,9,2,0,1,1,,273.11,1,,,,,,,,,,,,,,,,,,,,,,-1,0,33,0,,0
454784,25/06/2013 16:41,5,18,,,219,116133,4,4.5,1,0,0.0015,0,35,119,0,25479,9,7,3,2,1,0,,,1,,,,1,0,38,,,,,,,,,,,,,,,,0,0,,0,,0
569046,13/12/2012 10:51,5,219,,,219,67619,4,4.5,1,4.14,0.0926,5.59,16,209,1,7714,2,16,2,0,1,1,,2425.7,0,,,,0,0,,0,0,,,,,,,,,,,,,,0,0,,0,,0
221219,20/05/2013 19:30,14,100,,,100,104251,3,4,1,1.95,,5,12,146.47,0,13796,1,20,2,0,1,0,,,0,,,,,,,,,,,,,0,0,,,,,,,,,,,0,,0
246985,06/03/2013 11:13,5,219,,,219,2237,4,4,1,2.08,0.0534,4.83,28,124,0,1600,2,9,4,0,1,1,,134.79,1,,,,0,0,,,,,,,,0,0,,,,,,,,0,0,,0,,0
461113,06/06/2013 00:27,5,219,,,219,14180,3,4,0,2.83,0.009,0,15,175,0,23904,2,35,2,0,1,1,,456.28,0,,,,0,0,,0,0,,,,,,,,,,,,,,0,0,,0,,0
80391,05/01/2013 05:41,5,219,,,220,71960,3,4,0,3.76,0.1222,4.29,15,64,0,8325,2,1,1,0,1,0,,9694.74,0,,,,,,,,,,,,,,,,,,,,,,,,,1,127.86,1
354548,14/06/2013 06:44,22,92,,,98,122951,3,3.5,0,5.2,0.4099,0,22,43.89,0,8612,1,7,3,0,1,1,,,1,,,,,,,,,,0,0,,0,0,,,,,,,,,,,0,,0
225027,04/04/2013 07:40,5,230,,,80,136247,3,4,0,1.1,0.0041,5.25,18,116,1,25836,5,19,1,0,1,0,,,0,,,,,,,,,,,,,,,,,,,,,,,,,0,,0
531752,12/04/2013 05:37,14,100,,,219,69184,4,4,1,5.18,0.6351,5.6,19,327.55,0,17012,2,5,1,0,1,0,,2219.74,0,,,,0,0,,0,0,8,,,,0,0,,,,,,,,0,0,,0,,0
115837,29/01/2013 09:43,34,205,5,631.71,205,130646,4,0,0,4.06,0.072,5.53,18,201.59,1,28317,8,80,2,0,1,0,,,0,,,,0,0,10,0,0,10,0,0,10,,,,,,,,,,,,,0,,0
221168,08/12/2012 05:17,5,219,,,219,62654,3,2.5,1,0,,4.13,27,55,0,12948,1,0,2,0,1,1,,58.82,0,,,,1,0,12,1,0,12,,,,,,,,,,,,,,,,0,,0
526765,29/01/2013 18:55,5,219,,,219,88570,4,4.5,1,1.61,0.0288,5.6,13,169,1,7434,2,24,2,0,1,1,,263.04,0,,,,,,,0,0,,,,,0,0,,,,,,,,0,0,,1,411.58,1
121781,16/06/2013 21:56,24,216,,,55,88464,4,4,0,5.05,0.4586,0,7,144.74,1,6058,3,68,2,0,1,1,,,1,,,,,,,,,,,,,0,0,,0,0,,,1,,,,,0,,0
513789,12/06/2013 06:07,14,100,,,219,46393,3,4.5,0,4.17,0.2216,0,15,141.33,1,9358,1,1,1,0,1,1,,2165.53,0,,,,0,0,38,0,0,,,,,0,0,38,,,,,,,0,0,38,0,,0
305930,23/01/2013 08:27,5,219,,,4,128777,3,4,1,4.74,,4.98,34,79,0,21769,1,125,2,0,1,0,,4364.94,1,,,,,,,,,,,,,,,,,,,,,,,,,1,,0
328271,25/02/2013 14:12,5,219,,,219,97859,4,4.5,1,4.2,,5.81,20,279,0,19626,1,9,1,0,1,0,,1032.48,0,,,,0,0,,0,0,,,,,0,0,,,,,,,,0,0,,0,,0
13911,13/02/2013 12:15,5,219,,,159,18731,3,4,0,1.61,0.0581,5.89,29,153,1,17520,5,32,1,0,1,0,,1616.09,0,,,,,,,,,,,,,,,,,,,,,,,,,0,,0
110837,08/01/2013 22:25,16,31,,,31,24632,4,4.5,0,6.93,0.5585,5.91,12,160.89,0,11530,2,3,1,0,1,1,,296.94,0,1,0,5848,,,,0,0,,,,,0,0,,,,,,,,,-1,,0,,0
336170,19/06/2013 12:51,24,216,,,18,4416,3,3.5,0,2.3,0.0405,0,30,139.1,1,7267,1,45,1,0,1,1,,,0,,,,0,0,24,0,0,24,,,,1,0,124,,,,,,,,,,0,,0
223139,29/04/2013 19:09,12,99,,,99,55507,3,4,1,5.44,0.2022,5.33,26,264.61,0,8082,2,25,1,0,1,1,,,0,,0,,,,,,,,,,,0,0,,0,0,,,0,,,,,0,,0
337650,04/06/2013 21:26,5,219,,,117,70150,4,4.5,0,4.7,0.1975,0,19,115,0,8981,3,46,1,0,1,1,,6917.45,0,,,,0,0,9,0,0,9,0,0,,0,0,,,,,,,,,,,0,,0
244763,06/02/2013 16:19,5,219,,,219,131740,4,4,0,3.43,,5.48,24,164,0,15066,2,1,2,0,1,1,,,0,,,,,,,,,,,,,,,,,,,,,,,,,0,,0
431539,05/12/2012 06:47,15,213,,,138,129822,2,3.5,0,1.1,,4.88,14,69.21,0,3229,1,0,1,0,1,0,,,0,,,,,,,,,,,,,0,0,24,,,,0,0,,,,,0,,0
76466,26/12/2012 21:44,24,216,,,99,115202,3,4.5,0,5.46,0.3116,5.37,24,274.45,1,8082,4,24,1,1,1,1,,,0,,-1,,,,,,,,,,,,-1,,,,,,,,,,,0,,0
257386,09/11/2012 22:01,12,99,,,99,122331,2,4,1,2.2,0.0343,4.81,35,127.06,0,27929,2,46,2,1,1,0,,,1,,,,,,,,,,,,,,,,0,0,,,,,,,,0,,0
555108,03/03/2013 19:26,15,55,,,219,131350,2,4,0,4.36,0.2085,4.93,26,96.24,1,570,4,52,2,1,1,0,,,0,,,,,,,,,,,,,,,,,,,,,,,,,0,,0
59580,08/05/2013 11:19,14,100,,,219,238,2,4.5,1,2.56,0.2193,4.96,25,119.68,0,19955,2,64,4,4,2,1,,,0,,,,,,,,,,,,,,,,,,,,,,,,,0,,0
142435,15/11/2012 12:06,5,219,,,219,82169,3,3.5,1,0.69,,4.66,21,72,0,24403,3,6,1,0,1,0,,493.35,0,,,,,,,,,,,,,,,,,,,,,,0,0,,0,,0
87677,26/01/2013 14:57,5,55,,,219,57396,3,3.5,1,2.94,,4.76,8,119,0,15475,2,4,4,0,4,0,,,0,,,,,,,,,,,,,,,,,,,,,,,,,0,,0
300811,04/01/2013 02:06,14,100,,,100,62883,2,3.5,1,0.69,0.017,4.76,16,90.15,0,4490,1,0,2,0,1,1,,13.61,0,,,,0,0,,,,,,,,,,,,,,,,,0,0,,0,,0
93670,28/05/2013 08:39,5,219,,,219,29804,3,4.5,1,2.08,0.0309,4.69,34,99,0,4552,2,150,2,0,1,1,,227.11,0,,,,,,,,,,,,,,,,,,,,,,,,,0,,0
558312,23/06/2013 06:27,14,100,,,219,89211,2,3.5,1,2.4,0.2264,0,14,130.06,0,13611,2,10,2,0,1,0,,115.43,0,,,,0,0,,0,0,,,,,,,,,,,,,,0,0,,0,,0
363540,27/02/2013 20:31,16,31,,,55,135892,4,4,1,2.56,,4.71,4,84.07,0,19392,2,4,2,0,1,0,,1216.94,0,,,,,,,,,,,,,1,0,2,1,0,2,1,0,70,,,,0,,0
650,23/04/2013 23:00,24,216,,,225,103221,4,0,0,1.1,0,5.22,12,233.5,0,11308,2,7,2,0,2,0,,,1,,,,,,,-1,0,6,1,0,18,,1,,,,,,,,,,,0,,0
67678,13/03/2013 19:37,5,117,,,205,92100,4,4,1,4.06,0.5799,5.38,2,123,1,27761,1,1,1,0,1,1,,,0,,,,0,0,,0,0,,0,0,,0,0,,,,,,,,,,,0,,0
465380,21/03/2013 12:22,5,53,,,31,62119,3,3.5,0,5.73,0.129,5.17,4,101,1,25721,3,76,2,0,1,0,,,0,1,0,10,,,,,,,,,,0,0,,,,,,,,,,,0,,0
363011,21/12/2012 15:49,14,100,,,100,11284,5,5,0,4.51,0.431,5.66,15,163.11,1,12454,2,2,2,0,1,0,,60.44,0,,,,0,0,,,,,,,,0,0,,,,,,,,0,0,,0,,0
70331,04/06/2013 14:43,15,55,,,215,97548,3,4,1,6.02,0.0469,0,24,131.68,1,2303,3,28,2,1,1,0,,,1,,,,,,,,,,,,,,,,,,,,,,,,,0,,0
531739,13/03/2013 11:53,5,219,4,169.76,219,59781,5,4.5,1,4.32,0.2581,5.82,8,209,1,8192,1,17,2,2,1,1,,2026.48,0,,,,0,0,,0,0,4,,,,0,0,,,,,,,,0,0,,0,,0
85784,06/11/2012 12:06,31,219,,,219,64777,3,4,1,2.83,0.0037,4.85,6,94,1,3073,9,42,1,0,1,0,,8.48,0,,,,0,0,4,,1,,,,,0,0,4,,,,,,,0,0,,0,,0
352687,29/06/2013 09:20,15,55,,,215,139158,0,0,0,5,,0,35,129.3,0,2657,5,100,2,0,1,0,,,1,,,,,,,,,,,,,,,,,,,,,,,,,0,,0
447062,08/03/2013 00:08,5,219,,,219,41064,3,3.5,0,0.69,0.6688,5.15,1,99,0,6264,1,50,2,0,1,1,,550,0,,,,,,,,,,,,,,,,,,,,,,,,,1,,0
262478,26/11/2012 21:25,5,219,,,219,57112,0,4,0,1.39,,4.57,21,88,0,25335,1,4,2,0,1,1,,833.05,0,,,,,,,,,,,,,,,,,,,,,,,,,0,,0
138579,27/12/2012 13:29,5,219,,,219,5614,4,4.5,1,2.48,0.1863,5.26,6,163,0,24454,3,1,2,0,1,1,,811.54,0,,,,,,,0,0,,,,,0,0,,,,,,,,0,0,,0,,0
40764,18/11/2012 22:37,32,220,,,205,40222,5,4.5,0,4.47,0.6394,5.71,14,295.7,0,17796,2,5,1,0,1,1,,,0,,,,0,0,,0,0,,0,0,,0,0,,,,,,,,,,,0,,0
181814,05/03/2013 15:18,18,23,,,215,1271,4,4.5,1,5.24,0.0249,5.03,8,110.94,0,9371,1,26,2,1,1,0,,,0,,,,,,,,,,,,,0,0,,0,0,,0,0,,,,,0,,0
30314,02/01/2013 11:45,5,219,,,219,41260,3,0,1,0,,0,31,305,0,26086,3,29,2,0,1,1,,1426.39,1,,,,,,,,1,,,,,,,,,,,,,,,,,0,,0
382721,11/03/2013 09:13,5,219,,,219,107528,3,3.5,0,2.77,0.0061,4.92,29,189,0,3694,2,25,1,1,1,1,,370.27,1,,,,,,,,,,,,,,,,,,,,,,,,,0,,0
368107,22/06/2013 16:08,24,216,3.33,71.01,219,23190,4,4.5,1,3.71,0.042,0,12,345.28,1,9402,7,15,1,0,1,0,,,0,,,,0,0,,0,0,,,,,0,0,,,,,,,,0,0,,0,,0
321593,30/05/2013 20:08,5,219,,,219,59781,5,4.5,1,4.32,0.2581,5.82,3,130,1,8192,3,19,2,0,1,0,,237.23,0,,,,0,0,,0,0,,,,,0,1,,,,,,,,0,0,,0,,0
223919,04/04/2013 11:42,5,219,,,219,38419,5,4,1,4.19,0.2573,5.61,7,145,1,8192,1,67,2,0,1,0,,386.85,0,,,,,,,,,,,,,,,,,,,,,,,,,0,,0
372212,19/03/2013 12:29,18,129,,,154,77979,2,0,0,4.16,0.1959,3.92,35,55.4,0,26266,1,11,2,0,1,1,,142.96,0,,,,,,,,,,,,,,,,,,,,,,,,,0,,0
476237,26/02/2013 15:54,5,219,,,219,67989,2,4,1,2.08,0.2544,4.97,4,119,0,4467,4,37,2,0,1,1,-36.8254,1143.24,0,,,,1,0,33,,,,,,,0,0,,,,,,,,,,,0,,0
160855,07/03/2013 11:49,7,100,,,100,20013,4,4,1,2.94,0.1106,5.24,8,106.86,1,18825,1,29,1,0,1,1,,2065.02,0,,,,0,0,,0,0,,,,,0,0,,,,,,,,0,0,,0,,0
529609,15/01/2013 08:13,5,219,,,219,80475,3,4.5,0,5.65,0.1359,5.77,4,159,0,4562,1,10,2,2,1,1,,,0,,,,1,0,14,,,,,,,,,,,,,,,,,,,0,,0
164612,05/06/2013 07:06,5,219,,,219,111508,3,4.5,0,4.75,0.5306,0,27,359,0,26037,1,16,2,0,1,1,,605.32,0,,,,1,0,14,0,0,,,,,0,0,6,,,,,,,0,0,6,0,,0
302977,25/06/2013 18:28,5,219,,,219,62326,4,4.5,1,3.87,0.1209,0,10,282,0,5045,1,53,2,0,1,1,-10.4443,148.89,1,,,,,,,,,,,,,,,,,,,,,,,,,0,,0
575555,20/06/2013 04:45,5,212,,,219,121267,4,4.5,1,5.75,0.5806,0,14,372,0,24700,3,6,3,0,1,0,,,1,0,0,9,0,0,9,0,0,9,,1,,0,0,9,,,,,,,0,0,9,0,,0
21430,30/03/2013 14:49,29,132,3.01,166.89,221,46509,3,3,0,2.3,,5.07,13,214.05,0,24414,8,102,2,1,1,0,,,1,,,,,,,,,,,,,,,,,,,,,,,,,0,,0
543502,22/11/2012 16:07,5,18,,,219,12977,3,4,1,1.79,0.0312,4.71,27,90,0,21913,3,31,6,1,2,0,,,0,,,,,,,,,,,,,0,0,,,,,,,,0,0,,0,,0
381401,04/01/2013 18:33,15,55,,,132,73866,5,4.5,1,5.28,0.0936,5.8,24,456.37,1,10520,1,73,2,0,1,0,,,0,,,,,,,,,,,,,,,,,,,,,,,,,0,,0
409589,30/05/2013 18:07,9,59,,,59,25285,4,4,1,2.56,,5.7,28,165.95,1,18247,3,3,2,0,1,0,,,0,,,,0,0,,0,0,,,,,0,0,,,,,,,,,,,0,,0
303437,03/03/2013 09:59,5,219,,,219,136922,2,2,1,3.3,0.113,4.52,6,80,0,20193,2,22,1,0,1,0,,2280.38,1,,,,0,0,,0,0,,,,,,,,,,,,,,,,,0,,0
195547,19/03/2013 21:49,32,220,,,219,38571,4,3.5,1,1.1,0.0052,4.97,14,109.92,1,3073,3,18,1,0,1,1,,7181.88,0,,,,0,0,,0,0,,,,,,,,,,,,,,-1,0,7,0,,0
483618,25/01/2013 13:45,18,32,,,31,43330,3,4.5,0,5.8,0.0992,5.45,32,145.4,1,25721,5,12,1,0,1,0,,441.75,1,,,,,,,,,,,,,,,,,,,,,,,,,1,,0
144993,13/05/2013 09:24,5,219,,,219,2933,3,4.5,1,1.1,,4.98,18,133,0,16876,2,60,2,0,1,1,,794.22,0,,,,-1,0,2,,,,,,,,,,,,,,,,,,,0,,0
313892,26/04/2013 09:49,14,100,,,100,106307,4,4.5,0,3.89,0.1103,5.94,14,241.96,1,11224,1,36,2,0,1,1,-32.3595,,1,,,,0,0,,,,,,,,0,0,,,,,,,,,,,0,,0
585312,19/06/2013 06:02,5,219,,,219,62804,3,0,1,0,,0,4,275,0,21928,3,19,2,0,1,0,,,0,,,,,,,,,,,,,,,,,,,,,,,,,0,,0
174169,22/04/2013 17:00,15,55,,,99,60370,3,4,1,0.69,0.0278,4.8,14,96.35,0,19414,1,109,4,0,2,1,,,0,,,,,,,,,,,,,,,,,,,,,,,,,0,,0
433869,03/02/2013 01:39,32,220,,,216,100921,4,4.5,1,3.81,0.0366,5.21,27,114.48,1,28172,1,41,1,0,1,1,,4927.65,0,,,,,1,,,1,,1,0,12,1,0,16,,,,,,,,,,0,,0
434653,12/06/2013 15:10,5,219,,,15,27865,4,4.5,0,4.52,0.118,0,26,95,0,15359,13,2,1,0,1,0,,6843.34,1,,,,,,,,,,0,0,,0,0,,1,0,100,1,0,101,,,,0,,0
255921,03/12/2012 21:23,15,55,,,154,133670,5,0,0,4.28,,5.02,34,94.95,0,5192,2,17,2,0,1,1,,,0,,,,,,,,,,,,,,,,,,,,,,,,,0,,0
169075,18/03/2013 13:29,5,219,,,219,5002,5,4.5,1,4.48,0.0065,6.08,2,335,0,4562,1,5,2,0,1,1,,69.27,0,,,,0,0,8,0,0,8,,,,0,0,8,,,,,,,0,0,8,0,,0
289741,26/12/2012 14:34,5,219,,,219,52533,0,3.5,1,0.69,,4.28,8,64,0,16706,6,165,2,0,1,0,,603.02,1,,,,,,,,,,,,,,,,,,,,,,,,,0,,0
436393,20/02/2013 20:31,24,216,,,219,69376,3,3.5,1,1.95,,4.96,13,110.97,0,8232,1,167,2,1,1,0,,,0,,,,,,,,,,,,,,,,,,,,,,,,,0,,0
589280,12/06/2013 09:34,5,219,,,219,59721,4,4.5,1,5.09,0.2899,0,9,460,0,4271,4,102,2,0,1,0,,679.57,0,,,,,,,,,,,,,,,,,,,,,,,,,0,,0
427467,26/06/2013 08:40,5,117,,,219,73599,3,4,1,2.3,0.0017,0,5,59,0,13216,1,4,2,0,1,0,,,0,,,,,,,,,,,,,,,,,,,,,,,1,,0,,0
397844,20/11/2012 13:16,5,219,,,15,103044,0,1.5,0,4.2,,4.96,20,82,0,15359,28,4,2,0,1,0,,7807.98,1,,,,,,,,,,,,,,,,,,,,,,,,,0,,0
558613,27/03/2013 13:11,18,129,,,129,11180,3,4.5,0,4.11,,4.28,34,57.51,0,259,2,22,1,0,1,1,,153.62,1,0,0,,,,,,,,,,,0,0,,,,,,,,,,,0,,0
429759,06/11/2012 20:08,5,219,,,219,92137,4,4,1,5.76,0.1067,6.02,2,239,0,4562,3,12,2,0,1,0,,2453.11,1,,,,0,0,,0,0,,0,0,,0,0,,,,,,,,0,0,,1,,0
109517,10/03/2013 12:59,14,100,,,59,45723,4,4.5,0,5,,5.67,34,160.4,0,102,5,40,2,0,1,0,,2799.98,1,,,,-1,0,18,,,,,,,,,,,,,,,,,,,0,,0
154937,04/01/2013 20:40,15,55,,,99,22051,4,4,1,3.22,0.0051,5.05,31,115.7,0,13292,2,92,1,1,2,1,,,0,,,,,,,,,,,,,0,1,,1,0,3,1,0,3,,,,0,,0
446951,29/05/2013 07:41,5,219,,,219,63271,3,4,1,1.95,0.1245,4.76,3,134,0,10893,1,3,2,3,1,1,-12.5095,,0,,,,0,0,,0,0,,,,,0,0,,,,,,,,0,0,,0,,0
59505,23/06/2013 20:50,5,219,,,219,121101,5,4.5,0,4.01,,0,9,345,0,26925,1,140,2,0,1,0,-22.335,97.66,1,,,,,,,,,,,,,,,,,,,,,,,,,0,,0
361118,18/11/2012 17:45,5,219,2.05,80.72,219,79356,3,2,0,0.69,0.0608,4.37,18,70,0,7246,1,2,1,0,1,0,,,0,,,,,,,,,,,,,,,,,,,,,,,,,0,,0
471468,26/04/2013 08:25,5,219,,,219,25720,3,4,1,2.71,0.1437,4.93,30,79,0,22162,3,35,2,0,1,1,,456.17,0,,,,,,,,,,,,,,,,,,,,,,,,,1,336.63,1
324151,09/05/2013 07:32,5,219,,,219,118755,4,4,1,2.56,0.2785,5.11,2,134,0,15982,1,4,2,0,1,0,-84.8256,1002.28,0,,,,,,,0,0,,,,,0,0,,,,,,,,0,0,,0,,0
318137,28/03/2013 11:48,5,219,,,219,101135,3,4.5,1,1.39,0.0001,5.29,22,205,0,23904,3,130,2,0,1,0,,444.91,1,,,,,,,,,,,,,,,,,,,,,,,,,0,,0
366773,24/05/2013 13:59,5,219,,,219,59657,5,4.5,0,4.33,0.2398,5.88,35,360,0,8192,2,77,3,0,1,1,,223.26,1,,,,0,0,,0,0,,,,,,,,,,,,,,,,,0,,0
215385,13/05/2013 09:23,5,219,,,219,16144,3,4.5,1,1.79,,5,26,169,0,13644,5,2,2,0,1,0,,382.94,1,,,,,,,,1,,,,,0,0,,,,,,,,0,0,,0,,0
86655,08/06/2013 12:45,5,219,,,219,52826,3,0,0,2.4,,0,3,176,0,18547,4,27,6,1,1,1,,,0,,,,,,,,,,,,,,,,,,,,,,,,,0,,0
553650,31/05/2013 09:41,5,219,,,219,12720,3,4.5,1,1.39,,4.55,32,91,0,27200,1,2,3,2,1,0,,151.85,0,,,,,,,,,,,,,,,,,,,,,,0,0,,0,,0
576061,12/05/2013 14:09,5,219,,,219,93810,2,3.5,1,3.22,0.1515,4.47,8,65,0,1306,4,103,2,2,1,1,,1044.16,1,,,,,,,,,,,,,,,,,,,,,,,,,0,,0
291303,18/03/2013 10:09,5,219,,,219,2059,3,4.5,1,3.04,0.1543,5.49,6,162,1,27620,1,2,2,0,1,0,,198.34,0,,,,,,,,,,,,,,,,,,,,,,,-1,,0,,0
148504,31/05/2013 15:22,19,158,,,158,86980,2,0,0,3.53,0.4656,4.76,1,80.22,0,21109,2,7,2,0,1,1,,96.02,1,,,,,,,,,,,,,,,,,,,,,,,,,0,,0
135406,17/02/2013 07:16,5,219,,,219,100598,2,3,1,1.39,,4.51,25,64,0,5085,1,5,4,0,2,1,,,0,,,,1,0,6,1,0,6,,,,,,,,,,,,,1,0,6,0,,0
345089,25/02/2013 22:19,5,219,,,219,109651,2,3.5,1,3.18,0.1772,4.36,15,61,0,44,1,1,1,0,1,0,,679.6,0,,,,-1,0,11,-1,0,11,,,,1,0,6,,,,,,,-1,0,11,0,,0
28652,11/12/2012 12:02,5,219,3,325,219,127077,4,4,1,0.69,0.3566,4.29,9,125,0,19371,1,38,2,0,1,1,,99.34,1,,,,,,,,,,,,,,,,,,,,,,,,,0,,0
597137,17/01/2013 15:30,5,219,,,219,78547,4,4.5,1,1.61,0.1611,5.09,9,289,0,10898,1,19,2,0,1,0,,1178.26,1,,,,-1,0,3,-1,0,3,,,,-1,0,3,,,,,,,-1,0,3,0,,0
500357,13/04/2013 05:39,5,219,,,219,77007,2,4,1,0,0.0022,4.75,34,99,0,4637,1,4,2,0,1,0,-45.9283,112,1,,,,,,,,,,,,,,,,,,,,,,,,,0,,0
198475,17/04/2013 13:25,5,219,,,219,124859,5,4.5,1,0,0.0629,6.16,1,329,0,11228,6,106,2,1,1,0,,,1,,,,,,,,,,,,,,,,,,,,,,,,,0,,0
602612,08/01/2013 10:07,5,219,,,219,440,3,3,0,4.92,0.4147,5.31,15,299,1,25426,3,38,2,1,1,1,,1245.05,1,,,,,,,,,,,,,,,,,,,,,,,,,0,,0
476690,19/06/2013 11:30,14,100,,,100,119525,2,3.5,1,2.3,0.0004,0,22,103.18,0,4955,1,11,2,1,1,0,,311.87,1,,,,0,0,,,,,,,,0,0,,,,,,,,,,,0,,0
434537,28/06/2013 12:54,5,219,,,219,86798,2,3,1,2.08,,0,18,87,1,19186,3,7,2,0,1,1,,,0,,,,0,0,,,,,,,,,,,,,,,,,,,,0,,0
202317,12/02/2013 00:43,5,129,,,70,67565,5,4.5,0,2.2,0.1636,5.62,18,139,1,19441,1,3,2,0,1,1,-49.6018,1197.29,0,,,,,,,,,,,,,0,0,,,,,,,,,,,0,,0
538519,18/03/2013 18:34,19,158,,,81,137193,3,4,0,4.48,0.4402,4.35,6,64.07,0,3780,2,31,2,1,1,1,,,1,,,,0,0,,,1,,0,0,,0,0,,,,,,,,,,,0,,0
358771,20/05/2013 04:43,5,219,,,219,127671,3,4,0,5.16,,5.25,8,179,0,23396,2,37,1,0,1,0,,,0,,,,1,0,14,1,0,20,,,,1,0,61,,,,,,,-1,0,5,1,408.58,1
195044,03/12/2012 22:12,18,129,,,215,62536,3,0,0,4.34,,4.55,30,90.07,0,20354,8,14,3,0,1,0,,1942.26,1,,,,,,,,,,,,,0,0,,0,0,,,,,,,,0,,0
63926,14/11/2012 10:30,5,219,,,219,44901,2,2.5,0,1.39,0.158,4.15,32,59,0,24521,2,58,2,0,1,1,,99.35,0,,,,,,,,,,,,,,,,,,,,,,,,,0,,0
131473,18/12/2012 20:12,5,219,,,219,31871,2,2.5,0,1.1,,4.35,19,65,0,5228,4,0,1,0,1,0,,11.75,0,,,,,,,,,,,,,0,0,,,,,,,,0,0,,0,,0
364763,30/04/2013 10:43,5,219,,,219,121897,3,4.5,1,1.79,,4.81,22,100,0,23289,1,4,2,1,1,1,,45.13,0,,,,,,,0,0,,,,,,,,,,,,,,0,0,,0,,0
100492,15/12/2012 20:18,5,219,,,219,49601,2,3.5,0,1.61,,4.3,4,38,0,3422,1,4,2,0,1,0,,236.49,0,,,,,,,,,,,,,,,,,,,,,,1,0,18,0,,0
103524,08/04/2013 13:35,5,219,,,219,73565,3,3.5,1,2.71,0.1028,4.2,18,63,1,7680,1,4,1,3,1,1,,961.47,0,,,,0,0,,0,0,,,,,,,,,,,,,,0,0,,0,,0
149815,28/03/2013 15:19,11,103,,,31,80479,5,4.5,0,4.96,0.1678,6.21,29,514.69,1,4924,1,62,2,0,1,0,,,0,,,,,,,,,,,,,,,,,,,,,,,,,0,,0
222083,06/11/2012 15:22,14,100,,,219,109781,2,2.5,0,5.23,0.1062,5.13,32,130.03,0,23605,1,67,2,0,1,1,,1411.88,0,,,,0,0,,,,,,,,-1,0,14,,,,,,,-1,0,14,0,,0
447977,10/06/2013 00:42,5,158,,,98,100208,4,4.5,0,3.33,0.083,0,6,65,1,5394,6,115,2,0,1,0,,1873.32,1,,,,,,,,,,,,,,,,,,,,,,,,,0,,0
12831,01/01/2013 17:28,27,138,,,129,14499,4,4.5,1,4.32,0.0737,5.04,24,116.28,0,2290,3,45,2,0,1,1,,,0,0,0,,,,,,,,,,,0,0,,0,0,,0,0,,,,,0,,0
54060,08/12/2012 09:30,5,219,,,219,131932,4,4.5,1,4.55,0.0707,5.5,22,103,1,13216,2,6,2,0,1,1,,2273.45,0,,,,-1,0,14,-1,0,15,,,,,,,,,,,,,-1,0,14,0,,0
368253,09/01/2013 11:42,5,219,,,219,105098,3,4,0,1.79,,5.08,1,169,0,20810,2,9,2,0,1,1,,1070.33,1,,,,0,0,,0,0,,,,,,,,,,,,,,0,0,,0,,0
575860,25/11/2012 11:49,5,219,,,219,104475,3,0,0,2.4,0.0098,4.64,8,90,0,25479,1,76,6,0,3,1,,989.36,1,,,,,,,,,,,,,0,0,,,,,,,,0,0,,0,,0
535212,31/01/2013 19:40,14,100,,,100,30081,4,4.5,0,1.1,0.0088,5.36,22,400.12,0,18948,6,152,2,0,1,0,,1733.09,1,,,,,,,,,,,,,,,,,,,,,,,,,0,,0
59605,04/02/2013 20:09,5,219,,,219,66750,3,3.5,0,5.19,0.8197,5.22,8,137,1,25556,4,1,2,0,1,0,,2570.5,0,,,,,,,,,,,,,0,0,,,,,,,,0,0,,0,,0
488251,20/06/2013 14:46,5,219,,,219,2771,4,4,0,4.87,0.3576,0,32,242,1,25426,3,23,3,0,1,1,,1020.17,1,,,,,,,,,,,,,,,,,,,,,,,,,0,,0
2392,20/11/2012 15:57,5,219,,,55,117646,0,3,0,3.4,0.0018,5.46,16,290,0,10979,6,25,2,3,1,0,,5452.01,0,,,,,,,,,,,,,,,,,,,,,,,,,1,,0
342782,30/03/2013 08:04,5,32,4,184.67,32,77136,4,3.5,0,3.95,0.3938,5.49,24,151,0,6311,1,0,1,0,1,1,,25,0,,,,,,,,,,,,,,,,,,,,,,,,,0,,0
224101,05/04/2013 09:47,5,219,,,219,3617,3,4.5,1,0,,5.05,6,179,0,27286,1,1,1,0,1,1,,71.79,0,,,,0,0,,0,0,,,,,,,,,,,,,,0,0,,0,,0
392122,25/11/2012 11:58,5,219,,,219,28843,3,4,1,2.4,0.0424,4.9,6,249,0,2496,2,138,2,0,1,1,,80.25,0,,,,,,,,,,,,,,,,,,,,,,,,,0,,0
248636,10/06/2013 19:59,14,100,,,100,121206,2,3,0,2.48,,0,8,106.93,0,21368,1,12,2,1,1,1,,299.07,0,,,,,,,,,,,,,0,0,,,,,,,,,,,0,,0
491391,16/02/2013 14:55,5,219,,,219,68206,4,4.5,1,1.79,0.0066,6.21,1,551,0,17713,6,309,2,2,1,0,,414.77,0,,,,,,,,,,,,,,,,,,,,,,,,,0,,0
194278,25/11/2012 21:19,5,219,,,219,17633,4,4,1,5.86,0.0935,5.95,22,202,0,4562,3,27,2,0,1,1,,1603.98,0,,,,0,0,,0,0,,,1,,1,0,7,,,,,,,0,0,,0,,0
23219,30/01/2013 20:10,5,219,,,219,117989,3,4.5,1,0.69,,4.88,37,129,0,2762,1,3,1,0,1,1,,105.32,0,,,,,,,,,,,,,0,0,,,,,,,,0,0,,0,,0
232649,27/03/2013 10:20,14,100,,,100,2733,5,5,0,4.51,0.0677,5.71,16,156.5,0,6792,1,2,8,0,4,1,,53.35,0,,,,,,,,,,,,,,,,,,,,,,,,,0,,0
1794,13/01/2013 18:58,5,219,,,35,117773,3,4.5,1,1.61,0.036,4.88,8,97,0,21207,1,54,6,0,3,1,,1547.83,1,,,,0,0,,,,,,,,,,,,,,,,,,,,0,,0
231439,13/03/2013 01:25,5,117,2.25,114.2,219,48233,3,4,1,2.08,0.0232,5.18,1,130,1,26928,1,62,2,0,1,0,,,0,,,,,,,,,,,,,0,0,,,,,,,,0,0,,0,,0
475375,06/11/2012 06:03,5,219,,,219,96543,4,4.5,1,2.94,0.0393,6.16,8,269,1,15752,6,181,2,0,1,0,,4524.13,1,,,,,,,,,,,,,,,,,,,,,,,,,0,,0
234878,11/06/2013 10:20,5,219,,,219,75125,3,3.5,0,3.14,0.0127,0,13,101,1,8347,11,10,6,1,1,0,,193.88,1,,,,0,0,,0,0,8,,,,0,0,7,,,,,,,0,0,7,0,,0
500675,23/01/2013 17:11,5,2,,,219,35879,2,3,1,2.48,0.0078,4.1,36,55,0,14506,1,12,2,2,1,0,,,0,,,,,,,,,,,,,,,,,,,,,,,,,0,,0
263114,25/06/2013 08:22,14,100,,,219,13992,4,4.5,1,2.2,0.0337,0,29,148.36,0,22134,1,35,3,0,1,0,,,1,,,,,,,,,,,,,,,,,,,,,,,,,0,,0
580832,01/03/2013 09:05,5,219,,,219,77772,3,4,1,4.26,0.0574,5.23,19,131,0,7714,1,1,2,2,1,1,,0.49,1,,,,0,0,,0,0,,,,,0,0,,,,,,,,0,0,,0,,0
284448,29/01/2013 04:57,5,219,,,219,124166,4,4,0,4.69,0.625,5.28,3,124,1,17759,2,10,2,0,1,1,,375.87,1,,,,1,0,17,0,1,,,,,0,0,,,,,,,,0,0,,0,,0
350970,10/04/2013 14:23,5,219,,,219,54529,4,4.5,1,2.3,0.0057,5.51,35,139,0,7434,1,52,1,0,1,1,,51.38,0,,,,0,0,,1,0,14,,,,0,0,,,,,,,,0,0,,0,,0
319022,30/05/2013 11:57,5,219,,,219,46897,2,3.5,1,3.89,0.0978,4.95,3,77,1,4589,2,11,2,0,1,0,-14.4155,1011.16,0,,,,1,0,17,,,,,,,,,,,,,,,,0,0,,0,,0
441008,14/04/2013 19:05,23,181,,,31,87402,4,4.5,0,4.04,0.1708,5.89,31,393.53,0,2932,9,89,2,0,1,0,,,0,,,,,,,,,,,,,,,,,,,,,,,,,0,,0
333145,11/03/2013 10:05,14,100,,,219,125387,2,4.5,0,0,0.0572,4.56,3,115.02,0,25567,1,137,5,0,2,1,,333.81,0,,,,,,,,,,,,,,,,,,,,,,,,,0,,0
251507,26/01/2013 11:42,14,100,,,219,125264,3,3.5,1,0.69,,4.31,30,84.51,0,27147,1,20,1,0,1,1,,1583.38,1,,,,0,0,,0,0,17,,,,,1,,,,,,,,0,0,,0,,0
114301,17/06/2013 09:53,18,129,,,55,11745,3,4,1,0.69,,0,22,101.59,0,5713,2,47,2,0,1,1,,565.26,1,,,,,,,,,,,,,,,,,,,,,,,,,0,,0
368271,06/11/2012 17:33,5,219,3,78.05,219,95011,4,4,1,1.61,,5.31,37,135,0,22256,2,10,2,0,1,1,,170.55,0,,,,0,0,,0,0,,,,,,,,,,,,,,0,0,,0,,0
535630,16/03/2013 08:56,5,219,,,219,108191,3,4,1,2.94,0.1749,5.61,9,199,0,13388,1,8,2,0,1,0,,15.39,0,,,,0,0,,0,0,,,,,0,0,,,,,,,,0,0,,0,,0
145722,06/06/2013 17:58,24,216,,,216,100626,3,0,0,3.83,,0,3,107.15,0,8609,1,1,2,0,1,1,,,0,,,,,,,,,,,,,,,,,,,,,,,,,1,,0
120044,20/11/2012 16:33,5,219,,,219,121267,4,4.5,1,5.75,0.5806,6.05,21,275,0,24700,1,3,2,0,1,1,,212.91,0,,,,0,0,9,0,0,,,1,,0,0,,,,,,,,0,0,,0,,0
224911,09/11/2012 15:09,14,100,3.67,619.65,219,28618,3,4,1,1.39,0.0004,5.17,21,128.79,0,4075,1,15,2,0,1,1,,2783.42,0,,,,0,0,,0,0,,,,,0,0,,,,,,,,0,0,,0,,0
279769,18/11/2012 20:13,32,220,,,220,30326,4,3,0,2.64,,5.41,18,157.15,0,27478,3,74,1,0,1,1,,445.39,1,,,,,,,,,,,,,,,,,,,,,,,,,0,,0
209535,13/11/2012 09:07,5,219,,,219,35817,4,4.5,1,5.63,0.1091,6.06,6,262,1,5143,1,11,2,0,1,1,,3.03,0,,,,1,0,33,1,0,21,,1,,1,0,8,,,,,,,1,0,8,0,,0
208065,06/06/2013 19:43,15,55,,,219,79740,4,4,0,5.9,0.1151,0,21,333.85,1,4562,5,121,2,1,1,0,,,1,,,,,,,,,,,,,,,,,,,,,,,,,0,,0
55786,16/03/2013 17:13,14,59,,,59,72922,3,4.5,0,3.5,0.0795,5.57,26,149.11,1,22835,2,4,2,0,1,0,,,0,,,,0,0,,,,,,,,0,0,,,,,,,,,,,0,,0
568443,04/02/2013 19:35,5,219,,,219,13603,4,4.5,1,5.61,0.0706,6.02,25,259,0,4562,2,11,2,1,1,1,-68.1163,176.91,0,,,,0,0,,0,0,,,,,,1,,,,,,,,0,0,,0,,0
247796,26/12/2012 11:17,5,72,3,135.13,219,38898,3,3.5,1,3.76,0.0476,5.42,3,177,1,23605,12,33,2,0,1,0,,,0,,,,0,0,,,,,,,,0,0,,,,,,,,,,,0,,0
66136,27/01/2013 10:29,5,219,,,215,83923,5,4,0,3.93,0.0149,4.88,18,89,0,6366,2,76,2,0,1,1,,4535.91,0,,,,,,,,,,,,,,,,,,,,,,,,,0,,0
455113,28/11/2012 08:11,5,219,,,219,9264,3,3.5,0,2.64,0.1018,4.99,16,129,0,27608,1,10,2,0,1,1,,179.47,1,,,,,,,0,0,,,,,,,,,,,,,,0,0,,0,,0
96617,26/01/2013 14:05,18,129,,,219,59528,4,4.5,1,0.69,0.0012,5.3,10,144.05,0,3073,4,153,1,1,2,1,,5798.93,0,,,,,,,,,,,,,,,,,,,,,,,,,0,,0
87490,26/03/2013 20:22,5,219,,,219,128090,3,4,1,3.53,0.5112,5.69,12,216,0,27770,3,58,2,0,1,1,,433.35,0,,,,,,,0,0,,,,,0,0,,,,,,,,0,0,,0,,0
214679,14/05/2013 19:55,24,216,,,32,57286,4,4.5,0,3.26,0.1711,5.9,14,283.14,0,15196,1,87,2,0,1,1,,,1,,,,,,,,,,,,,,,,,,,,,,,,,0,,0
590950,16/11/2012 19:36,5,219,,,219,23661,4,4,1,4.03,0.0412,5.56,22,170,0,23904,4,4,2,2,1,0,,1891.17,0,,,,,,,0,0,,,,,0,0,,,,,,,,0,0,,0,,0
369421,20/06/2013 08:02,5,219,,,100,68038,4,4,1,4.2,0.1493,0,18,193,0,17311,1,16,2,0,1,1,,,1,,,,0,0,,,,,,,,0,0,,,,,,,,0,0,,0,,0
187057,30/01/2013 21:47,16,31,,,215,61707,4,4,0,3.58,0.0409,5.12,15,150.59,0,13647,11,182,4,1,2,0,,1603.86,0,,,,,,,,,,,,,,,,,,,,,,,,,0,,0
122632,13/02/2013 08:31,5,219,,,219,45141,3,4.5,1,1.95,0.0199,5,35,125,0,24232,2,13,1,0,1,0,,1094.95,0,,,,0,0,,,,,,,,,,,,,,,,,,,,0,,0
102897,31/01/2013 12:16,14,100,,,202,50484,5,5,1,1.79,0.195,5.87,1,283.79,1,13695,5,39,2,0,1,0,,8309.32,1,,,,,,,,,,,,,,,,,,,,,,,,,0,,0
412997,10/05/2013 16:05,5,23,,,14,93206,3,0,0,1.95,,4.41,27,44,1,9818,14,267,2,0,1,0,,,1,,,,,,,,,,,,,,,,,,,,,,,,,0,,0
458772,07/01/2013 14:18,12,99,,,109,11056,2,3.5,0,2.94,,4.63,27,30.17,0,16523,3,133,2,0,1,0,,,0,,,,,,,,,,,,,,,,,,,,,,,,,0,,0
204399,06/04/2013 09:20,7,100,,,219,79137,2,4,0,1.95,0.065,4.47,6,72.72,0,1800,1,0,2,0,1,1,,93.14,0,,,,,,,-1,0,17,,,,-1,1,17,,,,,,,-1,0,17,0,,0
520859,14/02/2013 20:39,14,100,,,219,11631,2,2.5,0,0.69,0.0011,4.45,36,82.93,0,13870,5,41,2,2,1,0,,1103.09,1,,,,,,,,,,,,,-1,0,27,,,,,,,-1,0,27,0,,0
29578,29/11/2012 22:11,24,216,,,99,40539,4,4,1,3.04,0.0028,5.14,16,110.39,0,20686,2,2,1,0,1,1,,,0,,,,,,,,,,,,,,,,1,0,3,1,0,3,,,,0,,0
340149,28/12/2012 18:11,14,100,,,100,27002,3,4.5,1,2.4,,5.05,18,105.32,0,1737,1,1,2,0,1,1,,339.59,0,,,,0,0,,,,,,,,1,0,3,,,,,,,0,0,,0,,0
516390,24/02/2013 16:03,5,219,,,219,133826,3,4,0,3.3,0.537,5.51,2,167,1,27891,3,62,2,0,1,1,,1205.63,0,,,,0,0,,,,,,,,0,0,,,,,,,,0,0,,0,,0
72979,17/03/2013 03:21,14,100,,,219,62473,4,3.5,1,2.08,0.0125,4.75,29,114.77,0,13539,2,3,1,0,1,0,,267.66,1,,,,0,0,,,1,,,,,0,0,12,,,,,,,0,0,,0,,0
287951,05/06/2013 08:00,14,100,,,100,140436,3,3.5,1,4.42,0.1982,0,16,118.9,1,12454,5,118,3,0,1,0,,1158.91,0,,,,,,,,,,,,,,,,,,,,,,,,,0,,0
291628,10/01/2013 08:39,5,219,,,219,39608,2,4,1,2.56,0.0125,4.47,35,60,0,4324,1,11,2,0,2,0,,2219.99,0,,,,0,0,,,,,,,,1,0,17,,,,,,,,,,0,,0
579459,03/12/2012 19:54,5,219,,,15,115700,5,4.5,1,3.5,0.0357,6.15,8,259,0,8660,3,6,1,0,1,0,,,0,,,,0,0,,,,,,,,0,0,,,,,,,,,,,0,,0
248118,30/06/2013 15:20,14,100,,,100,29953,4,4,1,4.19,,0,34,369.81,0,12454,1,6,2,0,1,1,,24.92,0,,,,-1,0,7,-1,0,7,,,,0,0,,,,,,,,-1,0,7,0,,0
401622,11/04/2013 18:09,5,219,,,219,74166,3,4.5,1,3,,5.31,19,149,0,14071,2,51,2,0,1,1,,2448.37,1,,,,0,0,,,,,,,,0,0,,,,,,,,0,0,,0,,0
529707,28/06/2013 19:21,16,31,,,31,120253,4,4.5,0,4.56,0.3117,0,6,290.1,0,14358,4,32,5,0,2,0,,,0,,,,,,,,,,,,,,1,,,,,,,,,,,0,,0
375794,17/03/2013 20:09,5,100,,,100,37489,3,3.5,1,2.08,0.3394,5.04,6,165,0,10403,1,11,2,0,1,1,,210.03,0,,,,0,0,,,1,,,,,,,,,,,,,,,1,,0,,0
117625,08/05/2013 14:10,5,219,,,219,11631,2,2.5,0,0.69,0.0011,4.44,20,62,0,13870,2,2,2,0,1,1,,353,0,,,,,,,,,,,,,-1,0,24,,,,,,,-1,0,24,0,,0
228809,28/05/2013 04:12,5,219,,,219,6900,3,3.5,0,3.04,0.1248,5.12,16,299,0,27620,1,32,2,0,1,1,,83.95,1,,,,,,,,,,,,,,,,,,,,,,-1,0,10,0,,0
256701,11/03/2013 19:32,5,219,,,219,99894,4,4.5,1,4.32,,5.77,37,259,0,4447,2,32,2,0,1,1,,4229.87,1,,,,0,0,,0,0,,,,,,,,,,,,,,0,0,,0,,0
457101,31/12/2012 14:23,5,219,,,55,122586,4,4,1,4.95,0.1835,5.82,22,289,0,27397,5,154,2,0,1,0,,3465.67,1,,,,,,,,,,,,,,,,,,,,,,,,,0,,0
89222,10/03/2013 15:54,24,216,,,215,968,2,3,0,5.87,0.0772,4.8,30,81.59,1,2303,3,49,2,1,1,0,,,0,1,0,9,,,,,,,,,,0,0,,,,,,,,,,,0,,0
70657,21/05/2013 07:13,14,100,,,100,111635,3,4.5,0,2.71,,5.14,9,112.01,0,18139,1,26,2,0,1,0,,3.36,0,,,,,,,,,,,,,1,0,17,,,,,,,,,,0,,0
470335,19/12/2012 06:27,26,39,,,39,10450,2,3,0,4.2,0.0583,4.61,15,83.71,0,15122,7,81,2,0,1,0,,,1,,,,0,0,,0,0,,0,0,,0,0,,,,,,,,,,,0,,0
146192,16/05/2013 06:29,5,219,,,219,104361,3,4.5,1,0,,4.83,13,104,1,13055,1,7,2,2,1,1,,23.49,0,,,,,,,,,,,,,,,,,,,,,,,,,0,,0
545994,14/12/2012 23:52,15,55,,,132,72650,4,4.5,1,1.61,0.0053,4.66,22,77.63,1,23141,6,10,2,0,1,0,,,0,,,,,,,,,,,,,,,,,,,,,,,,,0,,0
430730,28/01/2013 23:38,12,99,,,31,49283,2,4,0,4.16,0.0195,4.71,2,100.91,0,7573,3,33,4,0,1,1,,,1,,,,,,,,,,,,,1,0,10,1,0,10,1,0,10,,,,0,,0
231290,14/06/2013 16:13,5,219,,,219,103339,5,5,1,3.83,0.3624,0,6,899,1,27770,3,10,2,0,1,0,,2544.88,1,,,,1,0,11,1,0,11,,,,1,0,11,,,,,,,1,0,11,0,,0
571633,07/04/2013 18:04,16,31,,,219,89404,3,4,1,1.79,0.1683,5.18,4,119.56,0,7500,5,131,2,1,1,0,,7730.33,1,,,,,,,,,,,,,,,,,,,,,,,,,0,,0
135926,09/03/2013 11:35,16,31,,,31,17424,3,4,0,3.33,0.009,4.59,26,97.53,0,23840,1,20,2,0,1,1,,75.58,0,,,,,,,,,,,,,0,0,,1,0,14,0,0,,,,,0,,0
417830,05/06/2013 19:44,5,219,,,219,118696,3,4.5,0,3.04,0.0458,0,14,270,0,25332,4,47,1,0,1,0,,463.71,1,,,,0,0,,,,,,,,,,,,,,,,,,,,0,,0
140772,21/05/2013 15:17,24,216,,,219,21198,4,4.5,1,3.69,0.0669,5.35,31,337.11,0,9358,6,171,1,0,1,0,,,0,,,,,,,,,,,,,,,,,,,,,,,,,0,,0
238330,05/01/2013 18:05,32,220,,,220,78561,5,4,1,4.86,0.3713,5.33,28,190.74,1,25981,3,138,2,0,1,1,,854.96,0,,,,,,,,,,,,,,,,,,,,,,,,,0,,0
204530,06/03/2013 20:14,5,219,,,219,108262,3,4.5,1,0.69,,5.14,4,169,0,24367,2,100,2,0,1,1,-21.6096,,0,,,,,,,,,,,,,,,,,,,,,,,,,0,,0
47229,21/06/2013 10:29,15,55,,,55,72297,3,3.5,1,4.14,0.0223,0,14,152.64,0,3353,4,37,2,2,1,0,,,0,,,,,,,,,,,,,,,,,,,,,,,,,0,,0
492396,08/11/2012 18:25,5,219,,,219,8383,3,4,1,2.94,0.3385,5.33,10,123,0,18876,2,15,2,2,1,1,,235.92,0,,,,0,0,,0,0,,,,,0,0,,,,,,,,0,0,,0,,0
538027,27/02/2013 19:35,5,219,,,219,133943,3,4,1,5.16,0.7376,5.22,10,139,1,25556,1,12,2,0,1,0,,1581.62,0,,,,1,0,30,1,0,25,,,,1,0,25,,,,,,,1,0,25,0,,0
178126,17/06/2013 15:36,5,219,,,219,71181,3,3.5,0,5.95,0.1932,0,6,207,1,5143,2,25,3,0,2,1,,238.72,1,1,0,39,,,,0,0,6,,,,1,0,19,,,,,,,1,0,19,0,,0
363599,03/11/2012 17:32,24,216,,,219,44533,0,3.5,0,0,0.0006,4.12,13,54,0,1742,2,7,1,0,1,1,,,1,,,,,,,,,,,,,,,,,,,,,,,,,0,,0
54260,23/12/2012 17:58,15,55,,,31,25140,4,0,0,1.1,0.0001,5,2,155.24,0,15620,3,111,2,1,1,1,,,1,,,,,,,,,,,,,,-1,,,,,,,,,,,0,,0
538487,07/05/2013 16:14,14,100,,,219,24545,4,4,0,4.04,0.278,5.19,37,73.69,1,8192,3,77,5,0,2,0,,948.72,1,,,,,,,,,,,,,,,,,,,,,,,,,0,,0
352697,22/04/2013 17:21,19,158,,,10,123509,4,0,0,3.04,,5.01,8,57.73,1,26304,2,27,2,0,1,0,,,1,,,,,,,,,,,,,,,,,,,,,,,,,0,,0
356030,26/05/2013 18:47,14,100,,,100,99129,3,4.5,1,1.79,0.059,4.92,18,115.33,0,18825,2,5,1,1,1,1,,158.01,0,,,,,,,,,,,,,0,0,,,,,,,,,,,0,,0
129952,12/12/2012 02:31,24,216,,,219,109958,4,4.5,1,4.5,0.0725,5.66,31,141.99,1,13216,4,17,2,0,1,1,,,0,,,,0,0,,0,0,,,,,,,,,,,,,,0,0,,0,,0
169148,25/04/2013 12:33,5,219,,,219,88719,2,2,1,1.39,0.0492,4.46,13,84,0,10948,1,79,2,0,1,1,,83.25,0,,,,0,0,,,,,,,,,,,,,,,,,,,,0,,0
252124,14/04/2013 00:40,5,219,,,219,130154,3,3,0,2.94,0.1033,4.95,2,84,1,24002,1,5,1,0,1,1,,2.48,1,,,,0,0,,,,,,,,0,0,21,,,,,,,0,0,10,0,,0
52769,22/04/2013 15:46,32,220,,,202,97091,4,0,0,2.94,0.0035,5.41,14,206.51,0,22784,8,361,2,2,1,0,,1602.83,1,,,,,,,,,,,,,,,,,,,,,,,,,0,,0
441304,05/11/2012 19:27,12,99,,,73,86351,0,0,0,0,,5.5,33,189.38,0,22521,3,52,2,0,1,1,-79.6182,,0,,,,,,,,,,,,,0,0,,,,,,1,,,,,0,,0
284108,14/03/2013 13:25,5,219,,,219,37706,3,4,1,1.95,,4.88,21,125,0,1903,3,11,2,0,1,0,-23.9569,210.08,0,,,,0,0,,0,0,,,,,0,0,8,,,,,,,0,0,,0,,0
431559,10/04/2013 15:20,5,219,,,99,61113,3,4,1,1.95,0.0026,5.04,32,109,1,13292,2,57,1,0,1,1,,4547.45,0,,,,,,,,,,,,,1,0,35,-1,0,6,-1,0,7,,,,0,,0
180487,26/02/2013 11:53,5,219,,,219,44675,2,2,1,1.39,,4.35,25,45,0,18586,1,16,1,0,1,1,,551.08,0,,,,0,0,,0,0,,,,,,,,,,,,,,0,0,,0,,0
151222,15/04/2013 13:59,5,219,,,219,137063,3,4.5,1,2.64,0.0553,4.85,8,114,0,12852,1,2,2,0,1,0,,165.05,0,,,,,,,,,,,,,,,,,,,,,,,,,0,,0
65902,10/04/2013 18:01,5,158,,,158,9526,3,0,0,3.76,,3.76,21,1000,0,4120,4,56,2,1,1,0,,,0,,,,,,,,,,,,,,,,,,,,,,,,,0,,0
494606,03/03/2013 13:52,5,219,,,219,11103,2,2.5,1,2.08,0.003,4.31,27,57,0,3073,5,8,2,0,1,0,,2325.8,0,,,,0,0,,0,0,,,,,,,,,,,,,,0,0,,0,,0
86852,02/04/2013 13:49,5,219,,,219,10781,4,4.5,1,3.87,,5.59,13,259,0,3569,1,16,2,0,1,1,,1343.43,0,,,,1,0,15,-1,0,3,,,,0,0,,,,,,,,0,0,,0,,0
250684,16/01/2013 02:09,5,23,,,15,50538,4,4.5,1,3.04,,5.76,15,339,1,7298,11,34,2,2,1,0,,,0,,,,,,,,,,,,,,,,,,,,,,,,,0,,0
6268,16/04/2013 16:21,15,55,,,26,78057,4,4,0,5.99,,5.14,19,122.89,0,18325,1,128,1,1,2,1,,,0,,,,,,,,,,,,,,,,,,,,,,,,,0,,0
153278,18/01/2013 16:21,32,220,,,220,50295,3,4.5,0,1.61,0.004,5.02,19,215.47,0,6171,1,38,3,0,1,0,,1.83,1,,,,,,,,,,,,,,,,,,,,,,,,,0,,0
373484,19/04/2013 10:09,5,219,,,219,99768,4,4,1,1.1,0.0041,5.23,31,458,0,16570,1,33,4,2,1,0,,2160.71,1,,,,0,0,,-1,0,9,,,,0,0,,,,,,,,0,0,,0,,0
394557,08/11/2012 20:22,14,100,,,100,74482,4,4.5,0,3.87,0.1594,5.4,35,177.95,1,15438,1,2,2,0,1,1,,309.95,0,,,,-1,0,4,,,,,,,-1,0,5,,,,,,,-1,0,5,0,,0
327811,13/02/2013 13:58,5,219,,,219,80422,4,4,0,4.17,0.0641,5.38,26,238,0,23904,2,38,2,0,1,1,,130.19,0,,,,-1,0,22,-1,0,18,,,,-1,0,20,,,,,,,-1,0,20,0,,0
517971,23/12/2012 18:01,14,100,,,219,116618,4,4,1,2.4,0.029,5.06,8,47.32,1,16570,2,201,2,1,1,1,,2181.18,0,,,,,,,,,,,,,,,,,,,,,,,,,1,145.81,1
583880,15/02/2013 13:27,5,213,,,215,79655,3,0,0,6.16,0.0947,5.42,7,204,0,2303,8,42,5,0,1,0,,,1,,,,,,,,,,,,,,,,,,,,,,,,,0,,0
53480,19/06/2013 19:20,5,219,,,219,119527,4,4.5,1,5.18,0.8074,0,9,214,0,25556,3,12,2,0,1,0,,896.61,1,,,,0,0,,0,0,,,,,0,0,,,,,,,,0,0,,0,,0
94830,08/06/2013 04:15,5,156,,,156,12186,3,0,0,2.48,0.0018,0,23,79,0,15494,1,1,2,0,1,0,,,0,,,,,,,,,,,,,,1,,,,,,,,,,,0,,0
151373,24/03/2013 07:41,5,219,,,219,20547,4,4,1,2.64,0.1519,5.3,9,179,0,15566,1,3,2,0,1,0,,691.14,0,,,,,,,0,0,,,,,0,0,,,,,,,,0,0,,0,,0
314398,28/03/2013 12:00,5,219,,,100,125740,3,3.5,1,0.69,0.0001,4.65,27,98,0,6948,1,1,4,0,1,1,,212.23,0,,,,0,0,,,,,,,,0,0,,,,,,,,0,0,,0,,0
759,09/03/2013 07:13,5,219,,,219,106764,4,4.5,1,4.91,0.6899,5.8,11,229,0,4045,1,1,2,1,1,0,,321.79,0,,,,0,0,,,,,,,,,,,,,,,,,0,0,9,0,,0
125185,17/06/2013 06:55,5,219,,,100,134638,0,4,0,1.61,0.0084,0,18,87,0,21087,2,57,2,0,1,0,,,0,,,,0,0,,,,,,,,,,,,,,,,,,,,0,,0
227616,26/06/2013 09:56,9,59,,,219,25241,4,4.5,1,2.08,0.0049,0,14,62.6,1,25479,5,2,2,1,1,0,,1291.03,0,,,,,,,,,,,,,0,0,14,,,,,,,,,,0,,0
89499,14/03/2013 17:53,5,219,,,219,30757,3,4,1,1.79,,5.09,22,145,0,8551,2,34,2,0,1,0,,,0,,,,,,,,,,,,,,,,,,,,,,,,,0,,0
7114,28/04/2013 19:27,14,100,,,100,3046,5,5,1,4.47,,5.9,13,398.35,0,7950,1,6,1,2,1,1,,0.28,1,,,,0,0,,,,,,,,0,0,,,,,,,,0,0,,0,,0
488415,04/03/2013 16:45,5,219,,,100,21946,2,4.5,0,3.89,0.1686,4.82,12,122,0,19898,1,157,1,0,1,1,,1036.23,1,,,,,,,,,,,,,,,,,,,,,,,,,0,,0
182428,16/01/2013 08:20,5,219,,,219,29678,3,5,1,1.79,0.0036,4.33,22,101,0,11537,5,8,1,0,1,0,,388.49,1,,,,,,,0,0,,,,,0,0,,,,,,,,0,0,,0,,0
278888,28/01/2013 16:13,5,219,,,219,17068,2,4.5,0,0,0.0029,4.15,31,113,0,3715,2,56,2,2,1,0,,306.93,1,,,,,,,,,,,,,,,,,,,,,,,,,0,,0
592201,15/05/2013 16:27,32,220,,,98,41123,3,,0,0.69,,3.5,2,30.68,0,7993,1,38,1,0,1,1,,4534.7,0,,,,,,,,,,,,,,,,,,,,,,,,,0,,0
88385,19/06/2013 04:35,5,219,,,219,20528,3,4,1,3.33,0.0547,0,2,140,1,12582,3,2,1,0,1,1,,4520.59,0,,,,,,,,,,,,,,,,,,,,,,,,,0,,0
410017,17/04/2013 21:13,24,216,,,31,50973,5,5,0,6.48,0.1813,6.21,12,375.1,0,23495,2,12,2,0,1,0,,,0,,,,,,,,,,,,,1,0,22,,,,,,,,,,0,,0
111733,25/11/2012 16:15,5,219,,,219,19343,2,4.5,1,2.89,0.3893,4.21,9,69,0,18111,1,195,2,0,1,1,-9.4598,1026.07,1,,,,,,,,,,,,,,,,,,,,,,,,,0,,0
245686,26/12/2012 20:24,5,100,,,100,100586,4,4.5,1,4.5,0.3618,5.57,14,144,1,12454,2,8,2,2,1,1,,29.26,0,,,,0,0,,,,,,,,0,0,,,,,,,,0,0,,0,,0
53563,09/05/2013 20:04,5,219,,,219,87097,2,4,1,1.79,0.0039,4.42,34,82,0,24131,4,91,2,2,1,1,,,1,,,,,,,,,,,,,,,,,,,,,,,,,0,,0
427448,20/06/2013 18:36,15,55,,,55,27563,0,0,0,0.69,,0,20,93.05,0,25,1,5,1,0,1,0,,,1,,,,,,,,,,,,,,,,,,,,,,,,,0,,0
264815,11/05/2013 09:25,5,219,,,60,137730,4,4,0,5.96,0.109,5.32,8,179,0,28150,6,26,6,1,3,0,,4985.75,1,1,0,14,,,,,,,,,,0,0,,0,0,,0,0,,,,,0,,0
186900,07/03/2013 18:39,5,219,,,219,38344,3,4.5,1,0,0.0016,4.83,22,119,0,8047,1,8,1,0,1,1,,819.72,0,,,,,,,,,,,,,0,0,,,,,,,,0,0,,0,,0
435933,02/12/2012 09:30,7,100,,,219,139310,4,4.5,1,1.79,,4.97,20,75.42,0,12736,1,27,2,2,1,1,,2167.57,0,,,,0,0,,0,0,,,,,,,,,,,,,,1,0,6,0,,0
102475,28/06/2013 17:28,22,92,,,216,86190,4,4,0,4.33,0.1917,0,24,95.72,0,25055,1,17,2,0,1,0,,,0,,,,,,,,,,,,,,,,,,,,,,,,,0,,0
29785,17/01/2013 12:16,5,219,,,219,76972,2,3,1,1.79,0.0004,4.43,3,70,0,8347,2,38,1,1,2,0,,989.87,0,,,,0,0,,,,,,,,,,,,,,,,,0,0,,0,,0
547312,20/11/2012 10:35,18,129,,,129,3164,4,4,1,1.39,0.009,5.34,4,217.89,0,9403,2,17,4,0,2,1,,,1,,,,,,,,,,,,,0,0,,,,,,1,,,,,0,,0
143939,17/01/2013 18:39,5,219,,,219,77276,3,4.5,1,2.48,0.0214,4.95,25,98,0,24026,1,1,2,0,1,1,,14.48,0,,,,0,0,,0,0,10,,,,,,,,,,,,,0,0,,0,,0
506006,23/05/2013 10:36,5,219,,,219,18082,3,3.5,1,2.64,0.0145,4.94,20,79,0,17603,4,4,3,1,1,0,,488.41,1,,,,,,,,,,,,,,,,,,,,,,0,0,,0,,0
407094,05/01/2013 10:35,14,100,,,100,109535,3,4.5,1,3.78,0.0639,5.5,16,120.54,0,15438,1,4,2,0,1,0,,71.07,1,,,,0,0,,,,,,,,1,0,5,,,,,,,0,0,,0,,0
444338,20/06/2013 22:33,5,219,,,100,80467,3,2.5,0,4.61,,0,10,137,1,12820,3,36,2,0,1,1,,194.29,1,,,,,,,,,,,,,,,,,,,,,,,,,0,,0
56487,12/06/2013 12:52,5,219,,,15,140297,4,3.5,0,4.62,0.0332,0,1,61,0,27101,1,5,1,0,1,0,,8086.89,0,,,,,,,,,,0,0,,0,0,,,,,,,,,,,1,73.51,1
24340,15/11/2012 16:43,32,220,,,219,7895,3,4.5,1,4.23,0.1391,5.56,13,148.78,0,15253,4,186,2,0,1,0,,8197.73,0,,,,,,,,,,,,,,,,,,,,,,,,,0,,0
383335,05/11/2012 09:27,5,219,,,219,40814,4,4.5,1,3.22,0.343,5.44,8,144,0,23753,1,39,4,0,1,1,,523.93,1,,,,0,0,,,,,,,,0,0,,,,,,,,0,0,,1,,0
62735,02/12/2012 12:14,15,55,,,55,46653,3,2.5,0,5.48,0.3891,4.69,1,78.46,0,19392,1,2,1,0,1,0,,,1,,,,,,,,,,,,,-1,0,16,,,,,,,,,,0,,0
234337,24/02/2013 22:03,24,216,,,31,80479,5,4.5,0,4.96,0.1678,6.21,22,510.49,1,4924,2,54,2,0,1,1,,,1,,,,,,,,,,,,,0,0,,,,,1,0,10,,,,0,,0
442543,09/02/2013 11:23,5,219,,,219,84768,3,4,1,1.39,,5.08,32,122,0,27104,3,109,2,0,1,0,,111.95,0,,,,,,,,,,,,,,,,,,,,,,,,,0,,0
419484,12/02/2013 22:43,24,216,,,215,68713,3,0,0,1.1,,0,28,104.15,0,7170,1,78,2,0,1,0,,,0,,,,,,,,,,,,,,,,,,,,,,,,,0,,0
410904,16/06/2013 07:39,5,219,,,219,8431,3,4,1,1.61,0.8088,0,1,122,0,14649,3,4,2,0,1,1,,92.46,1,,,,,,,,,,,,,,,,,,,,,,,,,0,,0
549777,02/06/2013 22:52,26,39,,,202,102061,3,4,0,4.84,0.2142,5.04,29,60.9,0,21897,4,89,2,0,1,1,,,0,,,,,,,,,,,,,,,,,,,,,,,,,0,,0
333352,11/04/2013 13:55,12,99,,,219,10214,3,3.5,1,0.69,0.0076,4.99,16,179.51,0,23695,1,109,2,3,2,0,,,0,,,,,,,,,,,,,,,,,,,,,,,,,0,,0
77572,07/02/2013 19:02,5,100,,,219,120850,2,3,1,2.08,,4.15,33,43,1,1833,2,16,2,0,1,1,-15.9464,,1,,,,1,0,19,1,0,17,,,,,1,,,,,,,,1,0,11,0,,0
208193,01/06/2013 10:41,24,202,,,202,57598,4,0,0,4.84,,5.5,2,82.84,0,22784,1,2,1,0,1,0,,,0,,,,,,,,,,0,0,17,0,0,15,,,,,,,,,,0,,0
133728,05/03/2013 14:49,32,220,,,103,55383,4,4,1,4.34,,4.87,16,94.37,0,14170,2,45,1,0,1,1,,1727.35,0,,,,,,,,,,,,,,,,,,,,,,,,,0,,0
131022,02/06/2013 19:33,5,219,,,100,51555,4,4.5,1,4.63,0.3688,5.35,32,264,0,15438,2,126,6,0,2,0,,2518.47,1,,,,,,,,,,,,,,,,,,,,,,,,,0,,0
468213,16/06/2013 18:32,5,219,,,219,20299,3,4,1,2.3,0.0139,0,26,84,0,22596,1,292,2,0,1,1,,1510.42,1,,,,,,,,,,,,,,,,,,,,,,,,,0,,0
191309,20/03/2013 13:44,14,100,,,100,138745,3,3.5,0,4.16,0.1173,4.93,9,106.24,0,21871,2,4,2,1,1,0,,,0,,,,0,0,,-1,1,4,,,,0,0,,,,,,,,0,0,,0,,0
315474,06/04/2013 10:34,28,206,,,99,111936,4,4,1,2.48,0.325,5.62,12,200.16,0,3544,2,45,2,1,1,0,,,1,,,,,,,,,,,,,,,,,,,,,,,,,0,,0
549070,17/06/2013 01:24,5,55,,,219,139887,3,4,1,3.09,,0,10,78,0,13910,1,3,2,0,1,1,,,1,,,,-1,0,15,-1,0,20,,,,0,0,,,,,,,,-1,0,20,0,,0
429821,27/02/2013 10:08,32,220,,,219,110789,4,4.5,1,2.2,0.0076,5.41,30,219.02,1,3073,2,75,2,1,1,0,,7179.8,0,,,,,,,,,,,,,,,,,,,,,,,,,0,,0
16318,14/04/2013 20:27,5,219,,,219,98021,2,3,1,2.89,0.0584,4.41,25,48,1,5671,1,22,2,0,1,0,-22.1973,418.41,0,,,,0,0,,,,,,,,,,,,,,,,,0,0,,0,,0
104667,20/02/2013 07:17,5,219,,,219,124763,2,3.5,1,1.95,0.003,4.46,4,80,1,13216,1,45,1,1,2,1,,8.51,0,,,,0,0,,0,0,,,,,,,,,,,,,,0,0,,0,,0
51661,24/02/2013 16:42,5,219,,,219,96112,3,4,1,4.17,0.1294,4.96,3,105,1,13870,2,99,2,0,1,0,,354.78,0,,,,,,,,,,,,,,,,,,,,,,,,,0,,0
290679,07/11/2012 19:03,5,219,,,219,18016,3,3,1,3.04,0.0894,4.46,18,61,0,24232,1,9,2,2,1,1,,,0,,,,-1,0,13,,1,,,,,-1,0,8,,,,,,,-1,0,13,0,,0
35177,19/06/2013 08:34,5,160,,,219,26480,2,3,1,2.48,0.0338,0,37,53,1,8026,2,38,2,0,1,1,,,1,,,,0,0,,,,,,,,,,,,,,,,,,,,0,,0
445351,14/03/2013 09:37,5,219,,,219,71916,2,2.5,1,2.56,0.1044,4.06,14,44,1,5250,1,0,2,0,1,1,,0.41,1,,,,,1,,,1,,,,,1,0,2,,,,,,,1,0,2,0,,0
510785,23/12/2012 01:50,32,220,,,81,135712,3,1,0,0,0.0009,3.93,31,49.9,0,19688,5,12,2,0,1,0,,2774,1,,,,,,,,,,,1,,,,,,,,,,,,,,0,,0
147994,24/04/2013 18:39,5,219,,,219,22578,4,4,0,4.14,0.0513,5.42,8,213,1,1226,1,72,3,0,1,1,,2568.01,1,,,,,,,,,,,,,,,,,,,,,,,,,0,,0
183887,18/03/2013 20:45,15,55,,,60,1037,4,4.5,0,5.64,0.0386,4.98,24,105.74,1,28150,2,22,2,0,1,0,-25.1901,,0,1,0,14,,,,,,,,,,0,0,,,,,0,0,,,,,0,,0
320762,16/01/2013 14:03,5,219,,,219,7132,2,3,0,1.1,0.0064,4.16,20,48,0,10737,2,30,2,0,1,1,,396.03,0,,,,0,0,,0,0,,,,,,,,,,,,,,0,0,,0,,0
439802,28/06/2013 21:01,24,216,,,39,139639,2,0,0,4.09,,0,13,137.07,0,15122,3,182,2,2,1,1,,,0,,,,,,,,,,,,,,,,,,,,,,,,,0,,0
145315,12/11/2012 19:26,5,219,,,219,34583,4,4.5,1,3.93,0.1274,5.53,8,199,0,7434,1,4,1,0,1,1,,1578.94,0,,,,0,0,,0,0,,,,,-1,0,10,,,,,,,-1,0,10,0,,0
506463,05/02/2013 10:41,22,92,,,31,8491,4,3.5,0,1.61,0.0011,4.73,19,83.36,0,15620,3,175,1,2,1,0,,,0,,,,,,,,,,,,,,,,,,,,,,,,,0,,0
65171,01/02/2013 17:59,5,219,,,219,104310,3,3.5,0,3.09,0.0151,5.18,8,111,1,23904,3,22,2,0,1,1,,2260.51,0,,,,0,0,17,0,0,17,,,,0,0,17,,,,,,,0,0,17,0,,0
344235,16/11/2012 19:06,5,219,,,219,69912,3,4.5,1,0,0.0039,4.7,19,99,0,3806,1,8,2,0,1,1,,38.95,0,,,,0,0,,0,0,,,,,,,,,,,,,,0,0,,0,,0
202989,17/05/2013 16:55,19,158,,,158,30581,4,4.5,1,3.04,0.0207,4.86,1,80.51,1,21079,1,0,1,0,1,1,,,0,,,,0,0,,,,,1,0,5,,,,,,,,,,,,,0,,0
377645,14/03/2013 14:45,5,219,,,219,37818,4,3.5,1,3.95,0.2317,5.16,9,77,1,8192,2,3,2,2,1,0,,226.75,0,,,,0,0,,0,0,,,,,0,0,13,,,,,,,0,0,13,0,,0
12656,23/12/2012 20:44,5,219,,,219,30529,2,3.5,1,0.69,0.0526,4.2,7,62,1,6475,1,3,1,0,1,0,,,0,,,,,,,,,,,,,,,,,,,,,,,,,0,,0
197963,09/02/2013 17:33,5,219,,,219,2826,2,4,1,2.3,0.0023,4.3,36,52,0,13228,1,1,2,0,1,0,-15.7048,212.31,0,,,,-1,0,3,-1,0,3,,,,,,,,,,,,,-1,0,3,0,,0
146419,30/05/2013 09:23,24,216,,,216,118415,5,0,0,0,0.0159,6.21,14,644.64,0,28340,4,50,2,2,1,1,,,0,,,,,,,,,,,,,,,,,,,,,,,,,1,,0
212491,05/03/2013 18:04,5,219,,,4,119897,3,4,1,1.1,0.0039,4.65,12,53,1,6678,1,7,2,0,1,0,,3744.1,0,,,,,,,,,,,,,0,0,33,,,,0,0,33,,,,0,,0
49077,07/04/2013 19:55,5,219,,,219,39004,4,4.5,1,4.89,0.4079,5.83,14,459,0,23090,2,25,2,0,1,1,,117.82,0,,,,0,0,,0,0,,,,,0,0,,,,,,,,0,0,,0,,0
492123,27/05/2013 23:18,5,219,,,219,102251,3,4,1,3.04,,5.35,16,299,0,11846,1,117,2,1,1,1,,667.15,0,,,,0,0,,,,,,,,0,0,,,,,,,,,,,0,,0
144073,16/06/2013 10:09,30,103,,,31,67314,4,4.5,0,3.58,0.0099,0,7,123.74,1,23840,2,14,3,0,2,0,,,1,,,,,,,,,,,,,0,0,,0,0,,0,0,,,,,0,,0
332990,07/05/2013 19:43,5,219,,,219,75637,5,4.5,1,1.95,0.0116,5.26,14,178,1,8347,6,48,4,0,1,0,,,1,,,,,,,,,,,,,,,,,,,,,,,,,0,,0
195627,14/01/2013 16:10,5,219,,,219,115168,3,3.5,1,3.69,0.0279,4.89,10,60,0,17713,1,3,2,2,1,1,,101.01,0,,,,0,0,,0,0,,,,,,,,,,,,,,,,,0,,0
39774,21/01/2013 15:31,5,219,,,219,50760,3,4,1,2.64,0.016,5.36,15,165,0,27620,2,189,2,0,1,0,,2510.35,1,,,,,,,,,,,,,,,,,,,,,,,,,0,,0
217586,28/12/2012 22:49,16,31,,,31,16204,4,4.5,0,5.92,0.2674,5.55,4,142.74,0,25721,3,12,2,0,1,0,,295.79,1,0,0,,,,,,,,,,,0,0,,0,0,,0,0,,,,,0,,0
244312,21/04/2013 17:55,5,219,,,219,131310,2,3.5,1,1.79,0.1368,4.46,26,62,0,10948,1,0,1,0,1,0,,259.52,0,,,,0,0,,,,,,,,,,,,,,,,,0,0,,0,,0
353838,08/04/2013 09:17,5,219,,,219,82439,3,4.5,1,3.53,0.0935,4.87,9,94,0,3095,2,51,2,0,1,0,,595.39,1,,,,0,0,,,,,,,,0,0,,,,,,,,0,0,,0,,0
503168,20/12/2012 10:46,5,219,,,219,44493,4,4,0,4.37,0.205,5.08,35,124,1,21808,1,2,6,0,3,1,,185.59,1,,,,0,0,42,0,0,42,,,,0,0,28,,,,,,,0,0,28,0,,0
415419,16/02/2013 08:11,5,219,,,219,59782,4,4.5,1,4.91,0.4255,5.5,12,349,0,4045,2,251,4,0,2,1,,,1,,,,,,,,,,,,,,,,,,,,,,,,,0,,0
261179,28/12/2012 23:35,5,33,,,40,37497,4,3,0,1.1,0.0078,4.52,2,101,0,19510,3,2,2,0,1,0,,,1,,,,,,,,,,,,,,,,,,,,,,,,,0,,0
331715,27/12/2012 17:07,5,219,,,219,41381,3,4.5,1,3.43,0.053,5.51,20,116,0,7434,2,8,2,0,1,1,,82.88,0,,,,0,-1,,,-1,,,,,0,0,,,,,,,,0,-1,,0,,0
194765,12/11/2012 22:45,24,216,,,129,118083,3,3.5,0,2.71,0.0051,4.72,26,67.33,0,18433,1,48,1,0,1,0,,,0,,,,,,,,,,,,,,,,,,,,,,,,,0,,0
120396,30/04/2013 10:13,5,11,,,215,12541,4,4,1,4.68,0.2628,4.84,19,100,1,7357,1,33,2,0,1,0,,,0,,,,,,,,,,,,,0,0,,0,0,,0,0,,,,,0,,0
253210,14/05/2013 22:52,32,220,,,109,127159,4,4,1,3,0.0123,4.84,34,95.93,1,11543,2,32,2,0,1,1,,7643.23,0,,,,,,,,,,1,0,25,0,0,,0,0,,0,0,,,,,0,,0
591912,27/03/2013 16:39,5,219,,,219,4219,3,4,1,2.89,0.0219,4.75,3,89,0,4182,1,2,3,1,1,1,,525.44,0,,,,,,,0,0,,,,,,1,,,,,,,,0,0,,0,,0
150676,04/03/2013 19:29,16,31,,,55,30759,3,3,0,4.87,0.5452,5.27,13,132.86,0,5450,4,16,2,0,1,0,,,0,,,,,,,,,,,,,0,0,,,,,-1,0,15,,,,0,,0
406622,29/04/2013 07:38,31,219,,,219,103108,2,2.5,0,3.09,0.0393,4.29,19,56,1,9910,1,5,2,0,1,1,,133.62,0,,,,0,0,,,,,,,,1,0,25,,,,,,,1,0,25,0,,0
183711,31/03/2013 11:49,5,219,4,463.14,219,82975,0,1.5,1,2.4,0.0088,4.37,27,49,0,17237,1,27,2,0,1,1,,,0,,,,,,,,,,,,,,,,,,,,,,,,,0,,0
249322,15/06/2013 13:51,5,219,,,219,79014,3,4.5,1,0,,0,31,87,0,16364,2,33,2,0,1,1,,2088.98,1,,,,0,0,,0,0,,,,,,,,,,,,,,,,,0,,0
83782,28/02/2013 10:30,5,219,,,219,93423,2,3.5,1,2.71,0.2772,4.01,3,48,1,26451,2,5,1,0,1,0,,1437.73,0,,,,0,0,,,,,,,,-1,0,5,,,,,,,,,,0,,0
191309,20/03/2013 13:44,14,100,,,100,87652,4,4,1,3.64,0.0343,5.3,26,144.25,0,21871,2,4,2,1,1,0,,,0,,,,,,,,1,,,,,,,,,,,,,,0,0,,0,,0
449762,12/12/2012 06:48,5,219,,,219,61356,3,4,1,1.39,0.1479,4.93,16,126,0,11325,1,19,4,4,2,0,,70.75,1,,,,0,0,,,,,,,,,,,,,,,,,,,,0,,0
382311,23/02/2013 19:01,19,158,,,34,10693,3,4,0,1.1,0.0164,5.47,14,204.47,0,437,4,68,2,0,1,1,,,1,,,,,,,,,,,,,,,,,,,,,,,,,0,,0
236809,19/05/2013 22:58,5,23,,,31,104928,5,4.5,0,4.65,0.2671,6.02,2,285,1,4924,3,44,2,1,1,0,,,1,,,,,,,,,,,,,0,0,,1,0,57,1,0,56,,,,0,,0
379628,21/05/2013 17:32,14,100,,,100,114924,2,3,0,0,,4.34,26,68.18,0,10455,2,4,4,0,1,1,,307.8,0,,,,,,,,,,,,,0,0,10,,,,,,,,,,0,,0
540007,05/12/2012 19:05,5,219,,,219,78621,2,4,1,3,,4.41,36,64,0,2137,1,3,2,0,1,1,-17.9449,345.66,0,,,,,,,,,,,,,,,,,,,,,,0,0,,0,,0
42538,26/11/2012 14:54,14,100,,,100,63519,2,2.5,0,3.18,0.0178,4.36,12,45.29,0,6948,1,5,3,0,2,1,,63.78,0,,,,-1,0,11,,,,,,,-1,0,33,,,,,,,-1,0,33,0,,0
529959,19/03/2013 20:59,5,219,,,219,31486,4,4,0,1.39,0.088,5.04,9,79,1,26067,2,6,2,0,1,0,,135.33,0,,,,0,0,,0,0,,,,,0,0,,,,,,,,0,0,,0,,0
457047,01/05/2013 03:16,5,219,,,219,30880,3,4,0,2.56,,5.02,6,112,1,976,1,2,2,0,1,1,,389.78,0,,,,0,0,,0,0,,,,,1,0,6,,,,,,,0,0,6,0,,0
547433,28/11/2012 19:37,16,31,3.31,145.95,99,14564,3,3.5,0,6.29,0.3683,5.25,30,98.45,1,23431,3,25,2,1,1,0,,924.63,1,,,,,,,,,,,,,0,0,,0,0,,0,0,,,,,0,,0
455642,28/12/2012 20:33,10,4,,,55,100086,4,4.5,1,0,,5.06,2,107.06,0,20336,1,0,2,0,1,1,,,0,,,,,,,,,,,,,0,0,,,,,0,0,,,,,0,,0
237718,16/01/2013 12:54,5,219,,,219,77089,3,3.5,1,3.99,0.2896,4.92,33,78,1,8192,3,23,2,0,1,1,,1658.25,1,,,,0,0,,0,0,33,,,,0,0,23,,,,,,,0,0,20,0,,0
452975,11/06/2013 07:12,5,219,,,215,129133,3,4.5,1,6.17,,0,12,193,1,9562,3,9,1,0,1,1,,4222.4,0,0,0,10,,,,,,,,,,0,0,9,,,,0,0,11,,,,0,,0
260883,23/12/2012 01:31,24,216,,,205,104526,4,4,0,4.55,0.094,5.15,9,108.89,1,28317,7,42,1,0,1,0,,,0,,,,0,0,,0,0,,0,0,,0,0,,,,,,,,,,,0,,0
323595,22/03/2013 20:34,5,219,,,219,130029,2,2.5,1,3.53,0.1184,3.83,2,55,0,18547,3,2,2,2,1,0,,,1,,,,0,0,,0,0,,,,,0,0,,,,,,,,0,0,,0,,0
279838,07/11/2012 18:10,15,55,,,132,34935,4,4,1,4.88,0.0113,5.34,38,105.5,1,1815,3,78,2,0,1,1,,,0,,,,,,,,,,,,,,,,,,,,,,,,,0,,0
468106,03/02/2013 22:13,14,100,,,98,129817,4,4,1,1.79,0.0002,4.62,8,107.38,1,24731,1,2,3,0,1,0,,,0,,,,1,0,17,,1,,0,0,,0,0,17,,,,,,,1,0,17,0,,0
585889,22/05/2013 18:15,5,219,,,219,12654,2,2.5,1,0,0.0157,4.09,1,55,0,11230,1,5,2,0,1,0,,,1,,,,0,0,,0,0,,,,,0,0,,,,,,,,0,0,,0,,0
281493,04/01/2013 10:59,5,219,,,219,72642,0,0,0,0,,5.13,29,615,0,27773,2,15,2,0,1,1,,115.43,0,,,,,,,,,,,,,,,,,,,,,,,,,0,,0
311602,28/06/2013 23:54,14,100,,,205,111830,4,4,0,4.04,,0,10,109.33,1,23933,3,61,2,0,1,0,,6377.03,1,,,,0,0,,,,,0,0,,,,,,,,,,,,,,0,,0
597887,04/03/2013 16:56,19,158,,,98,130920,5,4.5,1,4.48,0.1678,4.6,6,74.46,1,4862,3,2,4,1,2,0,,,1,,,,1,0,53,,,,0,0,,0,0,,,,,,,,,,,1,,0
596724,02/05/2013 16:18,5,149,,,219,45080,4,4,1,5.73,0.3567,6.17,19,429,0,24700,1,16,2,0,2,1,,,1,1,0,18,0,0,,0,0,,0,0,,,,,,,,,,,0,0,,0,,0
81230,09/01/2013 01:10,5,31,,,31,139864,4,5,0,4.93,0.0281,5.13,32,154,0,16841,1,0,2,0,1,0,,218.91,0,,,,,,,,,,,,,,,,0,1,,0,1,,,,,0,,0
162328,09/04/2013 13:32,5,219,4.25,342.31,219,134859,4,4.5,1,0,0.0002,4.97,18,160,0,13202,1,21,1,0,1,0,,1639.54,0,,,,,,,,,,,,,,,,,,,,,,,,,0,,0
332016,02/11/2012 01:23,32,220,,,158,28411,3,3.5,0,1.61,0.0357,3.6,27,37.21,0,15260,1,72,1,0,1,0,,6464.32,0,,,,,,,,,,,,,,,,,,,,,,,,,0,,0
148395,23/05/2013 13:23,18,99,,,99,71669,4,4.5,1,3.76,0.0587,5.37,15,181.09,1,2219,2,5,2,0,1,0,,,1,,,,,,,,,,,,,0,0,,0,0,,,,,,,,0,,0
64546,27/02/2013 18:06,12,99,,,31,1013,4,4.5,0,6.16,0.1892,5.64,19,173.39,0,15733,4,57,3,0,1,1,,,1,1,0,10,,,,,,,,,,0,0,,0,0,,0,0,,,,,0,,0
402219,05/05/2013 15:34,5,219,,,219,33166,2,4,1,3.97,0.2903,4.24,18,42,0,5924,2,3,2,0,1,0,,59.82,0,,,,,,,,,,,,,,,,,,,,,,,,,1,96.66,1
579744,02/12/2012 19:21,28,206,,,22,75041,4,4,0,1.1,0.2042,4.74,9,129.83,1,27529,1,4,2,0,1,1,,,0,,,,,,,,,,,,,0,0,,,,,,,,,,,0,,0
460069,16/12/2012 14:01,5,219,,,219,79914,3,5,1,2.89,,4.85,6,139,0,16812,1,4,1,0,1,1,,4.88,0,,,,,,,,,,,,,,,,,,,,,,,,,0,,0
531510,21/04/2013 12:52,5,219,,,60,100171,5,4.5,1,5.84,0.5291,5.78,1,167,1,20446,5,127,2,0,1,0,,4539.39,0,,,,,,,,,,,,,,,,,,,,,,,,,0,,0
441622,04/03/2013 23:52,22,92,,,216,80630,3,4,0,2.3,0.0006,4.92,29,66.08,0,28172,1,12,1,0,1,1,,,0,,,,,,,,,,,,,,,,,,,,,,,,,0,,0
85169,25/06/2013 16:05,5,219,,,219,92279,3,4.5,1,0.69,,0,8,229,0,2581,1,65,2,0,1,1,,106.97,0,,,,,,,,,,,,,,,,,,,,,,,,,0,,0
596250,23/02/2013 10:33,14,100,,,100,10828,4,4,1,2.08,0.1026,5.2,1,120.41,0,13847,1,7,2,1,1,1,,91.55,0,,,,0,0,6,0,0,5,,,,0,0,,,,,,,,0,0,5,1,156.58,1
168847,29/01/2013 12:50,15,55,,,55,67388,4,4.5,0,1.1,0.0132,5.01,18,78.81,0,10010,1,112,2,0,1,0,,,0,,,,,,,,,,,,,,,,,,,,,,,,,0,,0
127387,18/02/2013 16:30,5,219,,,219,1506,3,4.5,1,0.69,,4.9,29,139,0,24519,1,0,2,0,1,0,,2.77,0,,,,0,0,,,,,,,,0,0,,,,,,,,,,,0,,0
111908,14/02/2013 11:32,5,219,,,219,1591,3,3.5,0,3.5,0.0075,4.78,34,520,1,25479,3,8,1,0,1,1,,1078.67,1,,,,,,,0,0,,,,,0,0,,,,,,,,0,0,,0,,0
303797,01/05/2013 02:36,5,117,,,219,124447,2,3.5,0,1.1,0.0012,4.54,30,70,0,3694,1,7,8,0,4,0,,,0,,,,,,,,1,,,,,,,,,,,,,,,,,0,,0
80374,01/01/2013 12:26,14,100,,,219,59286,5,5,1,3.04,0.0544,6.21,25,1260.32,0,12582,14,52,4,0,1,0,,3079.45,1,,,,,,,,,,,,,,,,,,,,,,,,,0,,0
365521,28/03/2013 18:48,14,100,,,100,39016,2,4,0,3.64,0.0847,4.88,16,73.8,1,20438,2,28,2,0,1,1,,185.33,0,,,,,,,,,,,,,0,0,,,,,,,,,,,0,,0
368271,06/11/2012 17:33,5,219,3,78.05,219,75852,3,2.5,1,1.1,,4.4,8,76,0,22256,2,10,2,0,1,1,,168.53,0,,,,0,0,,0,0,,,,,,,,,,,,,,0,0,,1,177.22,1
591425,08/06/2013 17:24,5,219,,,215,75868,4,4.5,1,6.29,0.0894,0,4,170,1,2303,2,35,2,0,1,1,,4692.87,0,1,0,10,,,,,,,,,,0,0,,0,0,,0,0,,,,,0,,0
374661,30/05/2013 13:26,5,127,,,32,45561,1,3,0,4.52,0.2301,4.63,21,133,0,6735,3,3,1,1,1,0,,,0,,,,,,,,,,,,,0,0,,1,0,28,,,,,,,0,,0
370953,08/05/2013 19:11,7,100,,,99,7693,3,4,1,2.2,0.0151,4.85,8,121.67,0,13408,1,44,2,1,1,1,,4109.65,0,,,,,,,,,,,,,0,0,,,,,1,0,2,,,,0,,0
597639,14/04/2013 08:45,5,219,,,219,91225,3,4,1,1.1,0.4568,5.08,3,127,0,12484,1,37,4,0,1,0,,,0,,,,0,0,,,,,,,,,,,,,,,,,0,0,,0,,0
572744,08/05/2013 08:45,5,219,,,219,38913,3,4,0,4.23,0.1623,5.28,20,139,0,13870,2,7,2,0,1,0,-10.3502,58.75,0,,,,0,0,,0,0,,,,,0,0,,,,,,,,0,0,,0,,0
458497,05/02/2013 18:46,15,55,,,70,12930,5,4.5,1,4.96,0.0984,5.11,6,104.92,1,25423,1,11,2,0,1,1,,,0,,,,,,,,,,,,,0,0,,,,,1,0,15,,,,0,,0
115302,03/03/2013 22:03,4,50,,,219,70903,4,4.5,1,3.37,0.0116,5.48,12,192.45,0,13687,13,146,2,1,1,0,,,1,,,,,,,,,,,,,,,,,,,,,,,,,1,,0
497123,14/04/2013 15:34,14,100,,,219,52304,2,3.5,1,1.1,0.014,4.36,4,87.81,0,19194,2,19,2,0,1,1,,2263.76,0,,,,,,,,,,,,,,,,,,,,,,0,0,,0,,0
422070,25/01/2013 13:55,16,31,,,31,112384,3,4,0,0,,4.28,28,88.85,0,6904,1,1,2,0,1,1,,19.21,1,,,,,,,,,,,,,,,,,,,,,,,,,0,,0
386363,21/05/2013 20:51,5,219,,,219,125427,2,4.5,1,1.61,0.0093,4.74,34,139,0,15353,1,5,3,1,1,0,,163.61,0,,,,0,0,,0,0,7,,,,,,,,,,,,,0,0,,0,,0
595150,13/03/2013 15:41,5,36,,,129,112430,4,3.5,1,2.08,,5.18,20,292,0,2343,1,1,1,0,1,1,,,0,,,,,,,,,,,,,0,0,,,-1,,0,0,,,,,0,,0
320508,23/01/2013 16:13,5,219,,,219,69261,5,5,1,5.97,0.1342,6.17,24,240,0,4562,4,2,1,1,1,1,,1375.07,0,,,,0,0,,0,0,,0,0,,0,0,,,,,,,,0,0,,0,,0
434749,18/05/2013 11:05,5,219,,,219,82093,2,4,0,2.56,,4.42,19,65,0,21328,1,2,2,0,1,0,,105.31,1,,,,-1,0,13,-1,0,13,,,,-1,0,4,,,,,,,-1,0,13,0,,0
410798,18/06/2013 17:36,15,55,,,55,82941,4,4,1,3.3,0.1025,0,1,159.55,0,20201,1,8,1,0,1,0,,,0,,,,,,,,,,,,,-1,0,16,,,,-1,0,23,,,,0,,0
45748,18/04/2013 05:33,14,100,,,219,29633,3,4.5,1,4.22,0.2547,5.51,34,131.53,0,8192,1,32,1,0,1,0,,2141.89,0,,,,0,0,,0,0,,,,,0,0,,,,,,,,0,0,,0,,0
468367,14/03/2013 21:51,5,2,,,219,90693,5,4.5,1,5.51,0.4535,5.89,19,214,0,15495,2,3,1,1,1,0,,,1,,,,0,1,,1,0,39,,,,0,0,,,,,,,,0,0,,0,,0
333759,15/03/2013 03:53,5,219,,,219,117114,2,3,1,2.48,0.1461,3.86,3,38,0,26938,2,0,2,0,1,1,,166.31,0,,,,1,0,18,1,0,18,,,,1,0,29,,,,,,,1,0,18,0,,0
371700,10/05/2013 11:52,5,219,,,219,30020,2,2,1,1.95,0.3222,3.91,10,44,0,24771,1,0,2,1,1,1,,61.11,0,,,,0,0,,,,,,,,,,,,,,,,,,,,0,,0
515325,26/02/2013 17:57,5,98,3.7,110.33,98,44004,3,4,0,5.14,0.0832,4.16,18,48,0,24731,2,2,1,1,1,1,,,1,,,,0,0,,,,,0,0,,0,0,,,,,,,,,-1,,0,,0
214658,28/05/2013 08:56,5,219,,,219,92263,2,4,1,2.83,0.0181,4.42,36,56,0,9179,2,3,2,0,1,1,,405.28,0,,,,-1,0,8,-1,0,8,,,,1,0,6,,,,,,,-1,0,8,0,,0
430243,28/06/2013 10:59,15,31,,,31,34188,3,4,0,5.89,0.2761,0,19,147.55,0,25721,2,0,2,0,1,1,,,0,,0,,,,,,,,,,,0,0,38,0,0,,,0,,,,,0,,0
149833,20/06/2013 10:24,5,219,,,219,8834,2,3,0,2.77,0.1347,0,33,70,0,168,2,29,2,0,1,1,,,0,,,,1,0,14,,,,,,,,,,,,,,,,0,0,,0,,0
399818,10/06/2013 16:02,32,220,,,219,4610,4,4.5,1,3,0.0506,0,34,334.09,0,8714,5,78,3,1,2,0,,7184.81,0,,,,,,,,,,,,,,,,,,,,,,,,,0,,0
254875,21/02/2013 19:53,14,100,,,100,89874,3,3.5,1,2.08,,4.67,15,74.62,0,1737,2,43,4,4,2,1,,130.13,0,,,,0,0,,,,,,,,1,0,17,,,,,,,,,,0,,0
55970,26/02/2013 21:10,5,219,,,219,111453,3,4,1,3.09,0.0013,4.95,12,157,0,7473,2,1,1,1,2,0,,99.35,0,,,,,,,,,,,,,,,,,,,,,,,,,0,,0
457041,10/05/2013 00:34,16,31,,,55,118084,3,4,1,5.46,0.0665,5.25,20,1035.33,1,10979,2,0,2,0,1,1,,758.2,1,,,,,,,,,,,,,,1,,,1,,,1,,,1,,0,,0
417548,28/03/2013 23:17,24,216,,,92,125136,3,4,0,4.43,,5.01,19,92.14,0,13512,1,102,2,0,1,0,,,0,,,,,,,,,,,,,,,,,,,,,,,,,0,,0
187435,06/12/2012 13:42,25,215,,,215,87552,4,4,1,5.35,0.0282,5.03,25,182.83,0,9371,2,0,2,1,1,1,,,0,,,,,,,0,0,16,,,,0,0,16,0,0,,0,0,,-1,0,6,0,,0
475586,20/11/2012 22:14,10,4,,,4,70441,4,5,0,3.87,0.289,4.77,1,71.78,0,24904,1,67,2,0,1,1,,45.88,0,,,,,,,,,,,,,1,0,45,,,,,1,,,,,1,78.45,1
123398,12/11/2012 06:11,5,127,,,219,22764,2,3.5,1,2.3,0.0342,4.8,26,88,0,4075,1,18,2,0,1,1,,,0,,,,0,0,,0,0,,,,,0,0,9,,,,,,,0,0,,0,,0
431438,06/05/2013 05:03,5,219,,,219,35488,0,4.5,1,2.08,0.0007,4.33,36,97,0,19371,4,38,1,0,1,1,,338.91,1,,,,,,,,,,,,,,,,,,,,,,,,,0,,0
380975,08/04/2013 19:43,5,219,,,219,121965,2,3,1,1.95,,4.53,29,80,0,23055,3,31,2,0,1,1,,2565.85,1,,,,0,0,,,,,,,,1,0,52,,,,,,,0,0,,0,,0
169554,17/11/2012 07:34,5,219,,,31,55022,3,2.5,0,6.84,,5.31,2,125,0,8794,2,2,2,2,1,0,,,0,,,,,,,,,,,,,0,0,,1,0,11,0,0,,,,,1,,0
319455,01/03/2013 18:18,5,219,,,219,118002,2,3,1,2.64,0.0773,4.38,34,95,0,27742,3,31,2,1,1,0,-17.2009,1486.13,0,,,,0,0,,,,,,,,-1,0,27,,,,,,,,,,0,,0
591588,24/06/2013 22:21,5,219,,,219,7634,3,4,0,0,,0,22,87,0,17516,3,1,2,0,1,0,,64.3,0,,,,,,,,,,,,,,,,,,,,,,,,,0,,0
337111,29/12/2012 14:34,5,219,,,219,73497,3,5,1,0,0.0002,4.82,24,91,0,5156,1,4,2,0,1,0,,297.21,1,,,,,,,,,,,,,,,,,,,,,,,,,0,,0
135191,27/06/2013 20:33,5,219,,,219,80877,2,3,1,2.89,0.05,0,26,90,0,10794,2,7,1,0,1,1,,399.73,0,,,,0,0,,0,0,,,,,,,,,,,,,,0,0,,0,,0
255346,07/05/2013 12:40,5,219,,,219,24778,4,4,1,2.08,,5.22,24,120,0,28010,1,4,2,0,1,1,,192.3,0,,,,,-1,,,-1,,,,,,,,,,,,,,,-1,,0,,0
443308,25/06/2013 14:41,5,219,,,219,62982,2,3.5,0,1.79,,0,27,64,0,25719,1,3,1,0,1,1,,835.27,0,,,,,,,,,,,,,,,,,,,,,,,,,0,,0
577181,24/06/2013 11:48,5,219,,,219,121617,4,4,1,2.56,0.1279,0,7,189,0,26086,5,7,4,0,2,0,,470.04,0,,,,1,0,101,,,,,,,,,,,,,,,,1,0,101,1,2364.06,1
593594,10/12/2012 11:17,5,219,3.33,354.53,219,89878,4,4,1,2.83,0.0325,5.51,12,419,0,2518,2,291,2,0,1,1,,943.4,0,,,,,,,,,,,,,,,,,,,,,,,,,0,,0
169039,28/11/2012 16:15,5,219,,,219,90312,5,4.5,1,4.49,,5.62,4,129,0,15153,2,1,2,0,1,1,,134.29,0,,,,,,,,,,,,,,,,,,,,,,,,,1,340.9,1
205598,10/06/2013 17:42,16,31,,,99,75845,4,4.5,0,6.14,0.2714,0,6,379.16,0,15650,2,21,2,1,1,0,,398.07,1,1,0,15,,,,,,,,,,1,0,7,,,,,,,,,,0,,0
599361,15/02/2013 11:53,5,219,,,219,82930,3,3.5,0,1.79,0.02,4.53,37,79,0,15186,1,0,2,0,1,1,,323.53,1,,,,1,0,16,0,0,,,,,0,0,,,,,,,,0,0,,0,,0
550974,04/06/2013 12:39,5,219,,,219,39993,4,4,1,3.09,0.0452,0,13,336,0,5521,5,29,2,0,1,0,,2295.96,0,,,,1,0,6,1,0,6,,,,0,0,,,,,,,,0,0,,0,,0
572789,08/11/2012 16:14,5,220,,,219,50458,3,3,1,2.77,,4.81,25,116,0,75,11,26,1,0,1,0,,9552.52,0,,,,,,,0,0,,,,,,,,,,,,,,0,0,,0,,0
331342,23/02/2013 13:53,15,55,,,99,1638,4,3.5,1,5.87,0.0146,5.88,25,517.06,0,13292,2,141,4,2,2,0,,,1,,,,,,,,,,,,,,,,,,,,,,,,,0,,0
144091,12/06/2013 23:24,5,219,3.5,62.76,216,39128,0,5,1,0.69,,0,19,94,0,3949,1,4,1,0,1,0,,5523.07,1,,,,,,,,,,,,,,,,,,,,,,,,,0,,0
358042,06/05/2013 19:23,5,219,,,219,11482,3,4.5,1,0,0.0006,4.87,35,89,0,10737,1,180,1,1,1,1,,273.28,0,,,,,,,,,,,,,,,,,,,,,,,,,0,,0
488303,30/04/2013 16:39,14,100,,,219,75736,3,4,1,1.1,0.0026,4.87,16,121.12,0,15307,1,10,2,0,1,1,,845.57,0,,,,0,0,,0,0,,,,,0,0,,,,,,,,0,0,,0,,0
604161,04/03/2013 12:57,14,100,,,100,107766,3,4,0,4.64,0.8889,5.4,9,189.82,0,9536,5,23,2,0,1,0,,2075.82,1,,,,,,,,,,,,,1,0,24,,,,,,,1,0,24,0,,0
70270,30/06/2013 08:20,5,219,,,215,65592,3,5,0,0,0.0045,0,18,182,0,9062,2,11,2,0,1,1,,5036.28,1,,,,,,,,,,,,,,,,,,,,,,,,,0,,0
200384,14/01/2013 09:14,11,103,,,220,1696,4,3.5,0,5.04,,5.06,29,297.61,0,1238,3,52,2,0,1,1,,,0,,,,,,,,,,,,,,,,,,,,,,,,,0,,0
531858,06/11/2012 20:40,15,55,,,55,58450,3,3,1,0,,4.97,8,137.56,0,8001,1,11,2,0,1,1,,,0,,,,,,,,,,,,,0,0,,0,0,,-1,0,9,,,,0,,0
330290,27/02/2013 11:46,5,219,,,100,106019,3,4,1,2.71,0.0941,5.17,3,116,0,12079,1,4,1,0,1,0,,1277.05,0,,,,0,0,,,,,,,,0,0,,,,,,,,0,0,,0,,0
373117,27/04/2013 20:09,5,219,,,219,99844,2,4,1,4.34,0.2348,5.13,30,199,0,570,2,28,3,0,1,1,,,0,,,,0,0,,0,0,,,,,0,0,,,,,,,,0,0,,0,,0
376165,13/01/2013 12:28,5,219,,,219,135249,3,4,1,3.3,,4.97,25,195,0,11846,1,68,2,0,1,1,,480.14,0,,,,-1,0,28,-1,0,28,,,,,,,,,,,,,-1,0,23,0,,0
124495,07/05/2013 19:44,5,219,,,219,125042,3,3.5,1,0.69,,4.62,21,75,0,11621,1,4,2,1,1,1,,,0,,,,0,0,,0,0,,,,,0,0,8,,,,,,,0,0,,0,,0
292997,12/02/2013 07:39,5,219,,,219,107162,3,3.5,1,1.1,,4.7,14,109,0,16849,1,4,2,0,1,1,,119.12,0,,,,0,0,,,,,,,,1,0,4,,,,,,,0,0,,0,,0
513764,05/06/2013 08:32,5,219,,,219,14262,4,4.5,1,1.79,0.005,0,21,150,0,6346,1,3,2,0,1,1,-16.4183,134.37,0,,,,,,,0,0,,,,,0,0,,,,,,,,0,0,,0,,0
31332,03/06/2013 19:02,5,219,,,219,63132,5,4.5,1,3.14,0.0653,0,19,212,1,15764,1,27,2,0,1,0,,24.4,0,,,,1,0,36,1,0,46,,,,,,,,,,,,,1,0,47,0,,0
550085,25/03/2013 13:22,5,59,,,215,1970,3,0,0,6.01,,4.97,22,99,0,14828,1,12,2,0,1,1,,5791.15,0,,,,,,,,,,,,,1,0,10,0,0,10,1,0,10,,,,0,,0
437166,03/05/2013 18:47,5,219,,,219,90809,3,4,0,3.85,0.0692,4.7,33,118,1,8192,1,51,4,0,1,0,,240.32,1,,,,,,,1,1,25,,,,-1,0,14,,,,,,,1,0,7,0,,0
544045,03/04/2013 13:51,32,220,,,98,63250,4,4,1,4.82,0.0406,4.96,30,104.61,0,24731,4,165,2,0,1,0,,4584.27,1,,,,,,,,,,,,,,,,,,,,,,,,,0,,0
96923,19/02/2013 23:53,5,181,,,181,40166,3,3,0,0.69,0,4.84,29,136339,0,12907,1,38,2,0,1,1,,,0,,,,,,,,,,,,,,,,,,,,,,,,,0,,0
431273,07/12/2012 12:38,22,92,,,216,14087,3,4.5,0,3.22,0.0116,4.44,7,50.51,0,1404,2,33,2,0,1,0,,,1,,,,,,,,,,1,0,85,,1,,,,,,,,,,,0,,0
128539,24/11/2012 12:03,5,219,,,219,138376,0,4,1,1.39,,4.65,6,81,0,1777,1,14,2,4,1,1,,11.03,0,,,,-1,0,4,1,0,8,,,,,,,,,,,,,-1,0,5,0,,0
542211,28/05/2013 13:47,5,219,,,219,117294,5,5,1,3.37,0.0615,5.98,28,199,1,8192,2,14,2,0,1,0,,267.83,0,,,,,,,0,0,,,,,,1,,,,,,,,0,0,,0,,0
3146,16/04/2013 11:15,5,219,,,219,1230,3,3.5,0,5.83,0.4831,5.72,15,294,0,5677,2,16,2,1,1,1,,,0,,,,,,,0,0,,,,,,,,,,,,,,,,,0,,0
126458,28/01/2013 22:07,32,220,,,219,77109,3,4,1,4.74,,5.36,7,159.39,1,4447,7,355,2,2,1,0,,6786.74,1,,,,,,,,,,,,,,,,,,,,,,,,,0,,0
200945,17/04/2013 13:28,5,219,,,219,59320,4,4,0,2.4,0.0066,5.21,24,128,1,16570,5,15,2,0,1,0,,2113.82,0,,,,0,0,,0,0,,,,,,,,,,,,,,0,0,,0,,0
294224,05/03/2013 09:49,5,219,,,100,32279,2,2.5,0,2.89,0.0079,4.65,10,38,0,17311,1,3,2,0,1,1,,,1,,,,,,,,,,,,,-1,0,25,,,,,,,-1,0,25,0,,0
117539,11/11/2012 13:59,5,219,,,219,7377,4,4,0,3.81,0.0752,5.15,13,120,1,13870,1,0,2,2,1,0,,76.75,0,,,,,,,,,,,,,1,0,11,,,,,,,1,0,11,0,,0
66138,16/05/2013 09:09,5,219,,,219,101069,4,4.5,1,1.95,0.0274,5.19,1,160,0,28055,1,13,2,0,1,0,,3.21,1,,,,,,,,,,,,,,,,,,,,,,,,,0,,0
550069,22/11/2012 22:05,13,81,,,81,3356,4,3.5,1,3.71,0.0673,4.7,27,87.23,0,19688,1,3,2,0,1,0,,,0,,,,0,0,,1,0,16,0,0,,0,0,,,,,,,,,,,0,,0
293931,27/06/2013 10:29,5,219,,,219,117546,2,3,1,2.89,0.317,0,13,56,1,17111,4,0,2,0,1,1,,550.79,0,,,,0,0,,,,,,,,,,,,,,,,,0,0,,0,,0
329604,12/02/2013 15:51,5,219,,,219,20362,4,3.5,1,3,0.1013,5.32,14,135,0,24373,2,136,2,0,1,1,-12.0948,2336.13,1,,,,,1,,,,,,,,0,0,,,,,,,,0,0,,0,,0
595928,06/12/2012 13:18,5,219,,,219,95076,4,4.5,1,3.09,0.1246,4.98,4,90,0,11299,1,4,1,0,1,0,,427.98,0,,,,0,0,7,1,0,26,,,,,,,,,,,,,1,0,48,0,,0
151689,10/03/2013 18:11,31,219,,,219,135634,2,2.5,1,1.1,0.0098,4.08,3,32,1,3806,7,34,2,0,1,0,,,0,,,,,,,,,,,,,,,,,,,,,,,,,0,,0
110631,23/04/2013 03:25,5,129,,,129,94676,4,4,1,4.86,0.6067,5.28,10,243,0,447,1,1,1,0,1,0,,,0,,,,,,,,,,,,,1,0,6,,,,,,,,,,0,,0
153162,04/05/2013 06:48,5,33,,,99,24775,4,4.5,0,4.65,0.0284,6.13,4,547,0,4440,4,53,2,1,1,0,,,0,,,,,,,,,,,,,0,0,,0,0,,0,0,,,,,0,,0
207490,24/12/2012 09:34,5,219,,,219,54116,4,4.5,1,4.29,0.4265,5.51,7,161,0,570,1,3,2,0,1,1,,,1,,,,0,0,,,,,,,,0,0,,,,,,,,0,0,,0,,0
336986,25/02/2013 13:36,5,219,,,219,83045,3,3.5,0,3.26,0.3431,5.63,8,239,0,12588,1,39,2,1,1,1,,349.86,1,,,,0,0,,0,0,,,,,,,,,,,,,,0,0,,0,,0
32299,03/04/2013 07:57,5,219,,,219,83916,0,3,0,1.61,0.0006,4.89,27,60,0,2475,2,0,1,1,1,0,,59.48,0,,,,,,,,,,,,,,,,,,,,,,,,,0,,0
282206,26/04/2013 09:38,5,219,,,219,4544,3,4,1,2.94,0.0647,4.81,22,104,0,8026,2,35,4,1,1,1,,289.41,0,,,,0,0,,,,,,,,,,,,,,,,,,,,0,,0
532829,11/03/2013 19:37,5,219,,,219,57690,2,3,1,2.83,,4.81,10,94,0,20515,1,1,2,0,1,0,,156.31,1,,,,-1,0,14,-1,0,14,,,,0,0,,,,,,,,-1,0,14,0,,0
11544,07/02/2013 13:51,19,158,4.23,283.17,219,31825,3,4.5,0,5.18,0.4767,5.41,21,249.74,0,4271,4,71,1,0,1,1,,,0,,,,,,,,,,,,,,,,,,,,,,,,,0,,0
387588,26/11/2012 12:12,15,219,,,164,30946,3,3,0,4.91,0.1627,3.58,33,28.85,1,12902,2,30,1,0,1,0,,8885.94,0,,,,,,,,,,0,0,,1,0,4,,,,,,,,,,0,,0
543014,18/06/2013 13:23,5,219,,,215,73928,4,5,1,2.89,0.1344,0,1,98,0,21449,1,22,3,0,1,0,,3435.7,0,,,,,,,,,,,,,,,,,,,,,,,,,0,,0
277576,01/01/2013 12:26,18,129,,,129,97321,3,0,0,0,,4.77,34,66.01,0,21839,2,3,2,0,1,1,,128.66,0,,,,,,,,,,,,,,-1,,,,,,-1,,,,,0,,0
583112,28/12/2012 14:27,5,219,3,199.21,219,110981,0,2,0,1.61,0.0092,4.55,34,60,0,17747,1,0,1,0,1,1,,64.24,0,,,,,,,,,,,,,,,,,,,,,,,,,0,,0
402725,26/02/2013 20:27,18,129,,,129,129904,4,3.5,1,4.61,0.0173,5.09,20,104.49,1,18433,1,6,1,0,1,0,,268.8,0,,,,,,,,,,,,,0,0,,0,0,,,1,,,,,0,,0
115008,11/02/2013 21:27,5,219,,,219,16467,2,2.5,0,4.16,,4.86,27,107,0,16654,1,5,2,0,1,1,,95.11,1,,,,-1,0,14,-1,0,24,,,,-1,0,14,,,,,,,-1,0,24,0,,0
601885,11/12/2012 15:04,16,31,,,31,62122,0,4.5,0,1.39,,4.44,18,96.24,1,602,3,181,2,0,1,0,,,1,,,,,,,,,,,,,,,,,,,,,,,,,0,,0
576025,10/12/2012 12:14,5,219,,,219,137407,3,4.5,1,2.3,0.0249,4.98,8,99,0,21913,1,5,2,0,1,1,,222.06,1,,,,,,,,,,,,,0,0,,,,,,,,0,0,,0,,0
48805,06/02/2013 18:28,12,99,4,114.41,55,12616,2,4,0,1.79,0.001,3.89,35,186.64,0,10979,1,73,3,1,1,1,,,1,,,,,,,,,,,,,0,1,,,,,,,,,,,0,,0
454519,27/05/2013 09:51,14,100,,,127,85530,3,3.5,0,0.69,,5.93,13,191.47,0,21002,7,40,2,0,1,0,,1324.97,1,,,,,,,,,,,,,,,,,,,,,,,,,0,,0
232511,06/11/2012 05:31,5,15,,,186,115014,5,4.5,0,3.43,0.0288,5.72,4,275,0,24630,1,3,1,0,1,1,,,0,,,,,1,,,,,,,,0,0,,,,,0,0,,,,,0,,0
2702,19/12/2012 20:31,5,219,,,219,49555,3,4.5,1,2.08,0.051,4.86,31,90,0,25964,1,54,2,0,1,0,,2458.29,0,,,,0,0,,0,0,,,,,0,0,,,,,,,,0,0,,0,,0
386809,11/05/2013 20:56,32,220,,,81,63269,4,5,0,2.3,0.0145,5.44,18,227.57,0,28088,2,73,2,0,1,0,,,0,,,,,,,,,,,,,,,,,,,,,,,,,0,,0
479490,26/02/2013 17:25,5,219,,,219,37164,4,4.5,0,3.85,0.0663,5.56,27,549,0,11939,2,6,2,1,1,0,,1923.24,0,,,,0,0,,0,0,,,,,0,0,,,,,,,,0,0,,0,,0
5447,06/03/2013 16:06,32,220,,,129,58955,4,4,1,1.39,0.0879,4.46,15,56.28,1,17296,4,89,2,0,1,0,-14.3871,10072.94,0,,,,,,,,,,,,,,,,,,,,,,,,,0,,0
11099,28/11/2012 22:08,16,31,,,32,76551,3,4,0,3.47,0.4727,4.88,1,91.97,0,10788,3,8,2,1,1,1,,204.65,0,,,,,,,,,,,,,0,0,,,,,0,0,,,,,1,286.99,1
485741,19/02/2013 14:41,5,219,,,219,3566,2,4,1,3.37,,5.12,29,130,0,14389,2,10,1,0,1,1,,227.79,0,,,,0,0,,0,0,,,,,1,0,19,,,,,,,0,0,,0,,0
242584,27/12/2012 21:08,5,219,,,219,17144,0,2.5,1,0.69,,4.24,30,71,0,22505,2,8,2,2,1,1,,153.04,0,,,,,,,,,,,,,,,,,,,,,,1,0,14,0,,0
108703,16/02/2013 06:18,5,219,,,219,44484,2,3,1,3.33,0.0673,4.39,7,57,0,2463,2,0,2,0,1,1,,559.93,0,,,,0,0,,0,0,,,,,0,0,,,,,,,,0,0,,0,,0
406526,06/06/2013 13:46,5,219,,,219,66506,3,4,1,4.72,0.188,0,28,219,0,18774,1,6,1,0,1,0,,803.92,0,,,,0,0,4,1,0,4,,,,0,0,4,,,,,,,0,0,4,0,,0
219218,07/06/2013 00:27,5,219,,,219,123180,2,4,0,4.11,0.0651,0,15,215,0,3694,2,14,2,3,1,1,-25.2522,169.02,0,,,,,,,,,,,,,,,,,,,,,,,,,0,,0
579764,19/11/2012 07:58,5,219,,,219,52503,3,4.5,1,1.1,0.0031,4.73,12,74,0,11381,1,18,2,0,1,1,,68.75,0,,,,0,0,,0,0,,,,,,,,,,,,,,,,,0,,0
45301,31/03/2013 13:16,14,100,,,31,8666,2,4,0,6.09,0.3466,5.22,24,132.69,0,25721,4,131,2,2,1,1,,,0,,,,,,,,,,,,,,,,,,,,,,,,,0,,0
468985,26/06/2013 10:53,15,55,3.62,428.51,138,87695,4,4,0,4.36,0.2032,0,20,186.83,0,26389,1,5,1,0,1,0,,625.55,1,,,,,,,,,,,,,-1,0,9,,1,,-1,0,9,1,0,13,0,,0
16410,26/03/2013 10:39,14,100,,,100,17724,3,4.5,1,1.39,0.0387,5.04,2,133.85,0,27605,1,8,2,2,1,0,,369.98,1,,,,0,0,,,,,,,,,,,,,,,,,,,,0,,0
254711,06/05/2013 22:28,5,219,,,219,126116,2,3,0,1.95,,4.51,25,75,0,10518,1,5,2,0,1,1,,23.96,1,,,,-1,0,2,0,0,,,,,0,0,,,,,,,,0,0,,0,,0
272088,01/01/2013 21:43,5,28,,,219,91254,4,4.5,0,0,0.0004,4.91,34,142,0,8347,15,217,2,0,1,0,,,1,,,,,,,,,,,,,,,,,,,,,,,,,0,,0
405507,18/04/2013 09:06,5,219,,,219,128890,4,5,0,2.71,0.0049,5.17,3,149,1,6592,1,0,2,0,1,1,,1221.14,0,,,,1,0,17,1,0,11,,,,0,0,17,,,,,,,0,0,19,0,,0
337890,28/05/2013 15:18,5,219,,,219,14950,2,3,1,0,0.0017,4.2,10,49,0,3073,1,16,1,1,2,1,,321.12,0,,,,0,0,,0,0,,,,,1,0,17,,,,,,,0,0,,0,,0
274145,31/01/2013 11:33,5,219,,,219,3638,3,4.5,1,3.09,0.751,5.11,8,269,0,24596,1,63,2,0,1,1,-15.807,695.59,1,,,,0,0,,0,0,,,,,0,0,,,,,,,,0,0,,0,,0
12166,04/06/2013 13:11,5,219,,,219,104455,4,4.5,1,2.3,,0,18,159,0,15541,1,3,1,0,1,1,,138.91,0,,,,,,,0,0,,,,,0,0,,,,,,,,0,0,,0,,0
57514,03/02/2013 13:24,16,31,,,56,83991,4,3.5,0,4.17,0.1461,5.04,27,96.84,0,16170,1,6,2,0,1,1,,172.57,0,,,,,,,,,,,,,0,0,,0,0,,0,0,,,,,0,,0
306878,19/01/2013 13:31,5,219,,,219,24092,4,4,1,4.37,0.3319,5.28,10,99,0,570,1,1,2,0,1,0,,,0,,,,0,0,,0,0,23,,,,0,0,18,,,,,,,0,0,16,0,,0
572710,31/01/2013 22:35,24,216,,,205,15030,4,4.5,0,3.43,,5.75,18,214.28,1,6867,1,1,2,0,1,1,,,0,,,,0,0,,0,0,,0,0,6,0,0,2,,,,,,,,,,0,,0
80115,10/11/2012 18:57,5,219,,,219,54548,3,4,1,3.22,0.122,4.8,37,74,0,21382,1,32,1,0,1,0,,124.03,1,,,,,,,,,,,,,,,,,,,,,,,,,0,,0
461730,10/05/2013 15:22,5,219,,,132,73866,5,4.5,1,5.28,0.0087,6.21,18,438,1,1815,3,33,2,0,2,0,,3659.52,0,1,0,5,,,,,,,,,,0,0,,0,0,,0,0,,,,,0,,0
51603,25/01/2013 21:06,18,129,,,219,30618,3,3.5,1,3.89,0.0475,5.35,16,240.98,0,15307,1,94,2,0,1,0,,3560.87,0,,,,,,,,,,,,,,,,,,,,,,,,,0,,0
238434,12/05/2013 20:47,5,219,,,219,117997,2,3,1,3.04,0.331,4.67,16,90,0,14215,1,1,1,0,1,0,,605.43,0,,,,0,0,,0,0,,,,,,,,,,,,,,0,0,,0,,0
237960,21/03/2013 17:46,1,13,,,181,9073,5,4.5,1,1.79,0.0211,5.55,8,175.02,1,12907,2,20,1,1,1,0,,,1,,,,,,,,,,,,,0,0,,,,,1,0,18,,,,0,,0
594366,24/02/2013 13:05,5,219,,,132,105637,3,4,1,2.2,0.002,5,25,119,0,1815,3,79,1,0,1,0,,,0,,,,,,,,,,,,,,,,,,,,,,,,,0,,0
544972,24/04/2013 12:02,5,219,,,219,66102,2,3,0,5.21,0.0182,5.17,31,99,1,6507,1,3,1,0,1,1,,900.62,1,,,,-1,1,22,,,,,,,,,,,,,,,,,,,0,,0
52638,22/01/2013 21:59,18,129,,,219,88496,3,3.5,0,2.83,0.1635,5.36,20,218.43,0,27730,1,42,2,0,1,0,-6.9009,4868.07,0,,,,,,,,,,,,,,,,,,,,,,,,,0,,0
135210,23/05/2013 16:03,5,219,,,219,126548,2,2.5,1,2.2,0.0229,4.55,10,65,0,17603,1,9,1,0,1,1,,,1,,,,,,,,,,,,,,,,,,,,,,0,0,,0,,0
180828,21/06/2013 17:13,14,100,,,100,135731,0,2,0,2.56,0.1837,0,22,94.67,0,14161,2,14,2,0,1,1,,205.75,1,,,,,0,,,,,,,,,,,,,,,,,,,,0,,0
268025,01/06/2013 15:42,7,100,,,219,65642,4,4.5,1,2.4,0.0318,5.37,15,115.66,0,4748,3,28,2,2,1,1,,445.62,0,,,,0,0,,0,0,,,,,0,0,,,,,,,,0,0,,0,,0
521507,27/01/2013 18:36,24,216,,,92,69043,3,4,0,3.3,0.0817,4.88,16,59.48,1,19390,1,13,2,0,1,1,,,0,,,,,,,,,,-1,0,15,-1,0,23,,,,,,,,,,0,,0
209095,03/02/2013 13:33,14,100,,,219,90679,2,4,1,1.61,0.1338,4.79,9,110.39,0,2346,2,137,2,0,1,1,-25.7234,126.31,0,,,,0,0,,,,,,,,,,,,,,,,,,,,0,,0
255352,17/04/2013 18:35,5,219,4,235.76,219,5321,3,4.5,1,1.39,0.0376,4.96,2,169,0,25783,1,37,2,2,2,1,,,0,,,,0,0,,,,,,,,0,0,,,,,,,,,,,0,,0
580301,18/06/2013 16:11,5,219,,,219,114474,3,0,0,3.5,0.2649,0,16,89,1,20253,2,4,2,2,1,1,,47.44,0,,,,,,,,,,,,,,,,,,,,,,,,,0,,0
491661,24/02/2013 18:57,15,55,,,132,129725,4,4,1,4.93,0.0136,5.1,2,157.7,1,1815,2,55,1,1,2,1,,,0,0,0,5,,,,,,,,,,0,0,,0,0,,0,0,,,,,0,,0
95352,13/03/2013 11:37,24,117,,,202,63569,3,3.5,0,2.77,0.0316,4.26,9,53.83,1,18822,2,4,1,0,1,0,,,0,,,,1,0,8,,,,,,,0,0,,,,,,,,,,,0,,0
284697,10/05/2013 08:42,5,219,,,219,31977,4,4,0,2.2,0.0243,4.97,22,64,0,16570,1,14,1,0,1,1,,8.07,1,,,,1,0,49,1,0,47,,,,,1,,,,,,,,1,0,35,1,72.4,1
587761,19/01/2013 19:38,2,56,,,219,3213,3,3.5,0,5.67,0.1788,5.88,35,284.99,1,5143,5,169,2,1,1,0,,,0,,,,,,,,,,,,,,,,,,,,,,,,,0,,0
338474,24/02/2013 09:26,31,219,,,219,92024,3,3.5,0,1.61,0.0235,4.65,4,129,1,13216,4,145,2,0,1,1,,,0,,,,,,,,,,,,,,,,,,,,,,,,,0,,0
20536,26/12/2012 02:37,5,219,,,219,104033,2,1,0,1.1,,5.48,7,299,0,11700,1,5,2,0,1,0,,35.42,1,,,,,,,,,,,,,,,,,,,,,,,,,0,,0
486843,19/06/2013 17:56,5,219,,,219,128827,4,4,1,1.39,,0,14,108,0,21126,1,10,2,0,1,1,,135.26,0,,,,,,,0,0,,,,,1,0,11,,,,,,,0,0,,0,,0
504712,19/03/2013 09:10,5,117,,,219,122714,3,4.5,1,2.08,,4.99,18,139,0,4586,3,2,2,0,1,1,,,0,,,,,,,,,,,,,,1,,,,,,,,,,,0,,0
551096,28/06/2013 16:02,9,59,,,205,134406,5,4.5,1,4.16,0.0417,0,27,23.9,0,28317,1,3,1,0,1,0,,8794.17,0,,,,0,0,,0,0,,0,0,,0,0,,,,,,,,,,,0,,0
240197,22/06/2013 10:48,31,219,,,219,102873,3,4.5,1,1.95,0.0241,0,7,209,0,8754,1,2,2,0,1,0,,105.87,0,,,,0,0,,,-1,,,,,0,0,,,,,,,,0,0,,0,,0
411209,25/01/2013 19:48,5,219,,,158,98377,5,4.5,0,3.91,0.0596,5.39,13,142,1,26819,1,29,1,0,1,1,,7605.17,0,,,,,,,,,,,,,,,,,,,,,,,,,0,,0
478968,13/01/2013 11:42,5,219,,,219,87654,3,4.5,1,1.95,0.0124,4.64,18,95,0,6783,1,21,2,0,1,0,,,1,,,,,,,,,,,,,,,,,,,,,,,,,0,,0
417255,14/02/2013 13:22,11,103,,,103,66719,3,3.5,0,2.77,0.2823,4.15,7,64.66,1,11197,1,16,2,0,1,1,,,0,,,,1,0,35,,1,,0,0,,-1,0,7,,,,,,,,,,0,,0
261977,13/05/2013 10:25,5,219,,,162,76628,4,5,0,3.89,0.1369,4.97,20,92,0,22919,3,43,2,1,1,0,,5713.15,0,,,,,,,,,,,,,,,,,,,,,,,,,0,,0
573484,18/06/2013 08:45,5,219,,,219,122453,2,3.5,1,1.61,,0,32,79,0,19371,5,5,1,0,1,0,,,0,,,,0,0,,,,,,,,,,,,,,,,,0,0,,0,,0
150373,01/06/2013 09:53,5,219,,,206,47433,5,4,1,5.11,0.0732,5.45,9,139,1,9227,4,20,2,0,1,1,,6518.54,1,,,,,,,,,,,,,0,0,,,,,,,,,,,0,,0
495541,03/03/2013 20:04,5,219,,,219,74567,3,4.5,1,2.94,0.2613,5.1,24,99,0,15051,1,0,1,0,1,0,,385.03,0,,,,0,0,8,,,,,,,0,0,8,,,,,,,,,,0,,0
565683,27/03/2013 11:01,12,99,,,219,55754,2,2.5,1,5.11,0.2936,4.8,1,62.62,1,8183,4,13,3,0,1,0,,,1,,,,1,0,117,1,0,117,,,,1,1,4,,,,,,,0,0,4,1,,0
529023,15/02/2013 19:10,14,100,,,100,108963,3,4,1,4.5,0.0487,5.12,33,108.31,0,6792,2,58,2,0,1,0,,263.21,0,,,,0,0,,,,,,,,0,0,,,,,,,,,,,0,,0
421019,29/04/2013 18:08,14,100,3.5,235.87,100,82858,3,4,1,2.83,0.0421,5.09,20,186.91,0,7683,1,77,3,0,1,0,,,0,,,,,,,,,,,,,,,,,,,,,,,,,0,,0
549595,15/06/2013 12:32,5,219,,,219,58752,2,2,0,1.79,,0,29,65,0,6202,1,45,2,0,1,0,,675.68,0,,,,,,,,,,,,,,,,,,,,,,,,,0,,0
446950,23/04/2013 12:17,5,219,,,219,118448,2,3.5,1,3.58,0.1916,4.17,25,71,0,25403,1,4,1,0,1,1,,679.11,0,,,,,,,,,,,,,,,,,,,,,,0,0,6,0,,0
303964,02/05/2013 22:27,5,219,,,219,127979,2,4.5,1,2.48,0.0561,4.64,16,129,0,19115,3,101,4,4,2,0,,429.23,0,,,,,,,,,,,,,,,,,,,,,,,,,0,,0
440202,04/03/2013 16:16,16,55,,,31,56232,3,4.5,0,4.11,0.1307,4.57,16,152.4,0,8520,1,25,2,2,1,1,,,1,,,,,,,,,,,,,,1,,0,0,,0,0,,,,,0,,0
207047,16/01/2013 19:32,15,55,,,132,14049,3,4.5,1,5.57,0.0428,5.3,7,153.67,0,1346,4,269,2,0,1,1,,,1,,,,,,,,,,,,,,,,,,,,,,,,,0,,0
381096,20/06/2013 09:55,5,219,,,219,128134,2,4,0,2.3,0.1467,0,7,120,0,14100,1,4,1,0,1,0,,386.57,0,,,,,,,,,,,,,0,0,,,,,,,,0,0,,0,,0
261258,15/02/2013 12:38,12,142,2.13,84.89,219,39555,0,2.5,0,0,0.008,3.91,15,49.45,0,21576,8,154,2,2,1,0,,,0,,,,,,,,,,,,,,,,,,,,,,,,,0,,0
14051,13/04/2013 11:32,5,219,,,219,32794,2,3.5,1,2.56,0.0216,4.42,29,90,0,17548,1,83,2,2,1,1,,,0,,,,,,,,,,,,,,,,,,,,,,,,,0,,0
392432,19/11/2012 13:14,5,219,,,219,138426,2,2,1,0,,4.1,37,60,0,5979,1,4,2,0,1,1,-25.6886,866.54,1,,,,,,,,,,,,,,,,,,,,,,,,,0,,0
559586,15/02/2013 12:04,14,100,,,219,51979,4,4.5,1,3.5,0.4,5.15,1,118.24,0,4041,1,2,2,0,1,0,,2093.49,0,,,,,1,,0,0,26,,,,0,0,20,,,,,,,0,0,,0,,0
176237,13/05/2013 08:06,5,219,,,219,92772,2,3.5,1,1.1,,5.41,27,179,0,26413,2,35,1,0,1,0,,,0,,,,0,0,,0,0,,,,,0,0,,,,,,,,0,0,,0,,0
552593,16/04/2013 09:04,14,100,,,100,53276,3,3.5,1,3.22,0.1846,4.81,15,112.67,0,1996,1,7,1,0,1,0,,,0,,,,0,0,,,,,,,,0,0,,,,,,,,0,0,,0,,0
329693,10/06/2013 13:15,5,219,,,219,88626,4,4.5,1,4.89,0.268,0,32,599,0,23090,1,267,4,0,1,0,,913.17,0,,,,,,,,,,,,,,,,,,,,,,,,,0,,0
313351,28/06/2013 22:58,5,90,,,219,116304,5,4.5,1,3.3,,0,2,399,0,6592,2,177,2,0,1,0,,,1,,,,,,,,,,,,,,,,,,,,,,,,,0,,0
548260,09/12/2012 12:37,14,100,,,219,125079,3,4.5,1,2.64,0.0948,5.33,3,110.28,1,26531,1,12,2,0,1,1,,1214.22,0,,,,0,0,,0,0,,,,,,,,,,,,,,-1,0,8,0,,0
279872,28/11/2012 11:10,5,219,,,219,126899,5,4.5,1,3.87,0.6998,5.7,7,172,0,5313,2,79,2,0,1,1,,,1,,,,1,0,25,,,,,,,0,0,,,,,,,,,,,0,,0
418414,07/06/2013 13:01,15,55,,,55,74048,5,4.5,0,5.41,0.2151,0,21,496.27,0,14177,2,61,2,1,1,0,,,1,,,,,,,,,,,,,0,0,,0,0,,0,0,,,,,0,,0
242058,18/05/2013 08:40,14,59,,,100,18004,3,4.5,1,2.56,0.1027,5.33,25,126.45,0,12079,1,0,2,0,1,1,-9.5755,1952.49,0,,,,0,0,,,,,,,,0,0,,,,,,,,,,,0,,0
128919,05/01/2013 19:45,5,219,,,219,30986,2,3.5,1,2.48,0.0382,4.74,36,67,0,7384,1,11,2,0,1,0,-10.8514,31.23,0,,,,0,0,,0,1,,,,,1,0,19,,,,,,,0,0,,0,,0
342429,14/02/2013 12:56,5,219,,,59,15355,4,4.5,1,2.2,,5.89,12,238,1,12926,5,132,2,0,1,0,,1557.02,1,,,,,,,,,,,,,,,,,,,,,,,,,0,,0
219938,05/06/2013 13:46,5,219,,,219,125311,5,4.5,1,5.97,0.4618,0,3,269,1,24700,3,28,2,0,1,0,,,1,1,0,16,1,0,66,,,,-1,0,6,1,0,16,,,,,,,-1,0,6,0,,0
192920,26/12/2012 14:09,5,219,,,55,58053,3,3.5,0,0,,4.75,30,88,1,14182,1,8,2,0,1,1,,,0,,,,,,,,,,,,,1,0,14,,,,,,,,,,0,,0
601922,25/11/2012 12:03,5,219,,,219,13992,4,4.5,1,2.2,,5.26,39,84,1,10354,1,34,2,0,1,1,,,0,,,,,,,,,,,,,,,,,,,,,,0,0,,0,,0
567671,19/03/2013 17:35,5,219,,,219,61286,3,4.5,1,1.39,,4.67,27,110,0,14251,1,7,2,0,2,0,,736.83,0,,,,0,0,,,,,,,,,,,,,,,,,-1,0,13,0,,0
42137,29/03/2013 06:38,14,100,,,55,132115,5,5,1,4.96,0.0176,6.21,30,352.86,1,10979,4,114,2,0,1,0,,3553.3,1,,,,,,,,,,,,,,,,,,,,,,,,,0,,0
30386,14/04/2013 08:35,5,219,,,219,15174,3,4,1,3.78,0.1379,4.95,13,134,0,4182,2,1,8,0,4,0,,276.34,0,,,,0,0,,1,0,27,,,,0,0,,,,,,,,0,0,,0,,0
500651,09/01/2013 14:53,5,23,,,129,80110,4,3.5,1,1.39,0.1241,4.52,18,114,0,3468,2,100,2,0,1,1,,,0,,,,,,,,,,,,,,,,,,,,,,,,,0,,0
471361,14/05/2013 17:17,5,219,,,219,56776,4,4,1,2.2,,5.39,8,184,1,24214,4,16,2,0,1,1,,1074.16,0,,,,0,0,,0,0,,,,,0,0,,,,,,,,0,0,,0,,0
171325,25/04/2013 14:41,5,219,,,219,61357,3,5,1,0,0.0023,5.29,6,150,0,23004,2,1,2,0,1,1,,2463.14,0,,,,,,,,,,,,,,,,,,,,,,,,,0,,0
102005,14/12/2012 14:33,18,129,,,99,13115,0,0,0,1.1,0.0001,4.86,20,134.25,0,13292,4,14,4,1,2,1,,,1,,,,,,,,,,,,,-1,0,31,,,,,,,,,,0,,0
220543,04/02/2013 09:16,5,219,,,219,42585,3,4.5,1,2.4,0.1803,4.72,13,89,1,6189,1,4,2,0,1,1,,166.35,0,,,,,,,,,,,,,1,0,10,,,,,,,1,0,10,0,,0
554232,20/03/2013 15:50,15,55,4.5,363.81,31,97348,4,3.5,0,1.61,0.1904,5.01,3,179.68,0,8708,1,12,2,1,1,0,,,0,,,,,,,,,,,,,,,,,,,,,,,,,1,200.98,1
263972,06/05/2013 13:58,5,219,,,219,90809,3,4,0,3.85,0.0692,4.7,34,74,1,8192,2,59,2,1,1,1,,585.12,0,,,,,,,0,0,,,,,0,0,14,,,,,,,0,0,13,0,,0
262192,07/11/2012 09:08,5,15,,,41,93037,4,3.5,0,6.32,0.0887,5.25,8,165,0,23769,6,50,2,0,1,0,,,1,,,,,,,,,,,,,0,0,,1,0,7,0,0,,,,,0,,0
245845,20/11/2012 17:21,5,219,,,219,106539,3,4.5,1,1.39,,5.12,19,119,0,5063,2,1,2,0,1,0,,228.81,0,,,,0,0,,0,0,,,,,0,0,,,,,,,,0,0,,0,,0
480238,18/01/2013 14:11,14,100,,,219,91006,4,5,1,3.04,0.0534,5.4,14,117.98,0,24462,7,165,2,1,1,0,,,1,,,,,,,,,,,,,,,,,,,,,,,,,1,,0
445551,13/04/2013 18:11,14,100,,,100,106307,4,4.5,0,3.89,0.1199,5.94,16,292.03,0,21871,3,5,2,0,1,1,,211.52,0,,,,0,0,,,,,,,,0,0,,,,,,,,,,,0,,0
496383,29/04/2013 12:59,9,59,,,215,107760,4,4,1,2.56,0.2957,4.77,3,90.69,1,6177,1,63,2,0,1,0,,,0,,,,,,,,,,,,,,,,,,,,,,,,,0,,0
204487,05/11/2012 20:49,5,117,,,205,127818,4,4.5,0,1.1,0.0022,5.1,33,116,1,28317,2,5,1,0,1,1,,,1,,,,-1,0,20,-1,0,28,-1,0,28,-1,0,20,,,,,,,,,,0,,0
307508,03/04/2013 11:43,5,33,,,15,1930,4,3.5,0,4.55,0.0171,5.19,24,122,0,8660,1,20,2,0,1,0,,,1,,,,,,,,,,-1,0,10,-1,0,10,,0,,,,,,,,0,,0
464381,13/03/2013 08:55,14,100,,,219,71178,2,2.5,1,1.39,0.0167,4.99,35,135.27,0,2906,3,16,3,1,1,1,,340.35,0,,,,0,0,,,1,,,,,,,,,,,,,,,,,0,,0
496815,08/01/2013 14:14,15,55,,,55,108085,5,5,1,0.69,,5.03,14,110.79,0,20130,1,37,2,0,1,1,,,1,,,,,,,,,,,,,,,,,,,,,,,,,0,,0
302735,11/02/2013 13:34,5,219,,,219,77856,4,4.5,1,3.85,,5.92,19,314,1,16450,3,66,2,0,1,1,,2285.47,1,,,,,1,,,,,,,,-1,0,23,,,,,,,-1,0,23,0,,0
167784,20/05/2013 20:59,12,99,,,99,14875,3,3.5,1,1.95,,4.78,36,79.87,0,11628,1,4,2,0,1,1,,,1,,,,,,,,,,,,,1,0,4,0,0,,-1,0,7,,,,0,,0
355360,17/12/2012 15:42,5,219,,,219,99723,4,3.5,1,2.3,0.0812,4.98,10,99,0,20268,1,1,2,0,1,0,,442.27,0,,,,,,,0,0,,,,,0,0,4,,,,,,,0,0,,0,,0
86010,11/04/2013 10:22,5,219,,,219,55518,3,4.5,1,2.4,0.1942,4.95,4,125,0,24735,1,9,2,0,1,1,,157.07,0,,,,0,0,,0,0,,,,,,,,,,,,,,0,0,,0,,0
59335,12/06/2013 13:21,14,100,,,100,138174,4,4.5,1,3.61,0.1228,0,2,179.61,1,19215,2,2,2,0,1,1,,219,0,,,,,1,,,,,,,,1,0,3,,,,,,,1,0,3,0,,0
310137,25/05/2013 18:21,31,219,,,219,22511,0,4.5,1,1.39,0.0133,4.71,22,117,0,16239,1,1,2,0,1,0,,126.03,0,,,,1,0,18,,,,,,,,1,,,,,,,,1,0,10,0,,0
67224,31/12/2012 14:26,29,132,,,132,53858,2,0,0,0,,4.73,35,112.14,0,23882,1,3,1,0,1,1,,,0,,,,,,,,,,,,,,,,,,,,,,,,,0,,0
56532,24/05/2013 03:12,5,202,,,56,11812,3,4,0,2.4,0.0099,4.41,10,69,0,16170,1,6,4,1,2,1,,,1,,,,,,,,,,,,,0,0,,0,0,,0,0,,,,,0,,0
434104,29/05/2013 14:45,5,219,,,219,74166,3,4.5,1,3,,5.36,20,169,0,14071,2,148,6,0,3,1,,132.52,1,,,,,,,,,,,,,,,,,,,,,,,,,1,,0
432995,21/06/2013 09:41,5,219,,,219,133297,3,2.5,1,2.64,0.1183,0,25,129,0,23270,1,1,2,0,2,1,,53.53,0,,,,0,0,,,,,,,,0,0,,,,,,,,0,0,,0,,0
183768,21/05/2013 22:00,5,219,,,219,121071,4,4.5,1,2.56,,5.62,6,189,0,22870,2,4,2,0,1,1,,115.07,0,,,,0,0,,0,0,,,,,1,0,5,,,,,,,0,0,,0,,0
287289,09/05/2013 01:23,16,31,,,4,124005,3,2.5,0,4.81,0.0628,4.51,10,133.04,0,18791,3,14,2,0,1,1,,1172.1,1,,,,,,,,,,,,,0,0,,,,,,,,,,,0,,0
411066,28/06/2013 09:39,16,31,,,219,63928,4,4.5,1,3.85,0.0366,0,27,139.2,0,7473,2,35,4,1,1,1,,5385.22,1,,,,,,,-1,0,9,,,,0,0,,,,,,,,-1,0,10,0,,0
267063,25/03/2013 17:08,5,9,,,219,86639,4,4.5,0,5.96,0.1656,5.8,20,404,0,4562,2,44,2,1,1,0,,,1,,,,,,,,,,,,,,,,,,,,,,,,,0,,0
116696,01/01/2013 08:14,14,100,,,100,111635,3,4.5,0,2.71,,5.14,29,151,0,18139,1,19,2,0,1,0,,,1,,,,,,,,,,,,,,1,,,,,,,,,1,,0,,0
596123,31/12/2012 12:00,14,100,,,100,67448,3,4.5,1,1.95,0.1548,5.02,4,170.35,0,519,1,24,1,0,1,1,,149.9,0,,,,,,,,,,,,,,,,,,,,,,,,,0,,0
361448,17/04/2013 00:37,5,219,,,219,42071,3,4,0,2.08,0.0854,4.37,4,77,0,18593,1,3,2,0,1,1,,334.13,0,,,,,,,,,,,,,,,,,,,,,,-1,0,9,0,,0
490878,22/05/2013 06:58,5,219,,,219,130016,2,4,1,2.08,0.5871,4.8,4,62,0,14143,1,0,1,0,1,0,,509.11,0,,,,,,,,,,,,,,,,,,,,,,0,0,,0,,0
292397,15/04/2013 16:23,5,219,,,219,63894,3,4.5,1,2.77,0.2261,4.85,19,90,0,19222,1,19,2,0,1,1,,,0,,,,,,,,,,,,,,,,,,,,,,,,,0,,0
3604,15/06/2013 17:06,24,13,3.1,157.5,181,89799,4,4,0,0.69,0.0037,0,6,260.82,0,12907,3,30,2,2,1,0,,,1,,,,,,,,,,,,,0,0,,,,,0,0,,,,,0,,0
447123,27/04/2013 10:51,18,129,,,55,8606,4,4.5,1,0,0.2193,4.96,2,102.93,0,2846,1,73,4,0,2,0,,,0,,,,,,,,,,,,,,,,,,,,,,,,,0,,0
567229,18/06/2013 17:23,5,219,,,219,39311,3,5,1,3,0.0097,0,12,140,0,17603,4,19,2,0,1,0,,274.52,1,,,,,,,,,,,,,,,,,,,,,,,,,0,,0
469012,19/11/2012 11:36,5,219,,,55,92705,4,4,0,5.42,0.3032,5.9,1,249,1,19392,3,10,2,0,1,1,,,0,1,0,6,,,,,,,,,,0,0,,,,,,,,,,,0,,0
30784,12/04/2013 23:12,5,219,,,219,84635,4,4.5,1,3.64,0.0197,5.19,10,84,0,6443,1,56,2,1,1,1,,370.12,0,,,,,,,,,,,,,-1,0,10,,,,,,,,,,0,,0
504551,22/06/2013 19:49,5,219,,,219,72597,4,4.5,0,3.47,0.1513,0,1,288,1,13539,3,30,2,0,1,0,,844.06,0,,,,1,0,10,,,,,,,1,0,10,,,,,,,,,,0,,0
359117,13/06/2013 06:42,5,219,,,219,50477,3,4,1,2.64,0.1966,0,7,104,0,27189,1,1,2,0,1,1,,409.19,0,,,,0,0,,0,0,,,,,0,0,,,,,,,,0,0,,0,,0
530232,18/04/2013 21:55,5,219,,,219,124730,2,3.5,0,4.32,0.4769,4.46,15,54,0,10424,1,1,2,1,1,1,,159.67,0,,,,,,,,,,,,,,,,,,,,,,0,0,,0,,0
390925,19/12/2012 15:52,5,219,,,219,113866,4,4,1,1.39,0.0099,5.03,7,119,0,10737,1,0,1,0,1,0,,386.77,0,,,,0,0,,0,0,,,,,,,,,,,,,,0,0,,0,,0
343792,03/05/2013 21:09,5,219,,,219,44264,2,4,1,2.3,,4.18,10,62,0,14834,1,1,1,2,1,1,,0.83,0,,,,0,0,19,0,0,,,,,1,0,36,,,,,,,0,0,,0,,0
219866,16/02/2013 09:38,31,219,,,9,133904,2,0,0,5.26,,0,18,30,0,26837,1,102,2,1,1,0,,3377.75,0,,,,,,,,,,,,,,,,,,,,,,,,,0,,0
37072,02/06/2013 14:23,5,219,,,219,71946,3,4.5,1,1.1,0.0326,4.94,10,67,1,21395,3,32,2,1,1,1,,97.99,1,,,,,,,,,,,,,,,,,,,,,,0,0,,0,,0
406578,09/03/2013 03:34,5,109,,,59,112035,3,3.5,0,1.1,,4.08,21,52,1,25923,3,13,2,0,1,1,,,1,,,,,,,,,,,,,,,,,,,,,,,,,0,,0
347661,22/04/2013 20:12,5,219,,,219,30745,2,2.5,0,2.56,0.0023,4.31,31,59,0,26306,1,1,2,0,1,0,-28.6166,204.75,1,,,,-1,0,22,,,,,,,,,,,,,,,,,,,0,,0
425785,13/04/2013 17:50,5,219,,,219,31400,3,3,1,1.39,0.0327,4.4,2,74,1,4687,7,1,1,0,1,0,,683.54,0,,,,,,,,,,,,,,,,,,,,,,,,,0,,0
318366,01/02/2013 15:33,14,100,,,59,137152,3,4,1,2.3,0.0359,5.82,8,251.88,1,7723,3,10,2,3,1,0,,1642.29,0,,,,0,0,54,,,,,,,,,,,,,,,,,,,0,,0
77638,25/06/2013 10:13,32,220,3.71,186.02,31,111673,0,4.5,0,6.43,0.1329,0,2,75.93,0,23840,2,164,1,1,2,1,,10023.81,0,,,,,,,,,,,,,,,,,,,,,,,,,0,,0
381627,23/11/2012 11:46,22,92,,,98,129759,4,4.5,1,5,0.4264,4.92,20,117.22,0,1828,1,1,1,0,1,1,,,0,,,,0,0,,-1,0,12,0,0,,0,0,12,,,,,,,-1,0,6,0,,0
50280,22/03/2013 13:01,32,220,,,55,52098,2,3,1,0,0.2414,4.78,3,121.15,0,21542,1,150,2,0,1,0,,10274.59,0,,,,,,,,,,,,,,,,,,,,,,,,,0,,0
503612,11/12/2012 01:34,7,105,4.52,170.91,53,58870,4,5,0,0.69,0.0012,5.28,33,109.52,0,6005,4,54,1,1,1,0,,,0,,,,,,,,,,,,,0,0,,,,,,,,,,,0,,0
226414,01/05/2013 00:25,5,219,,,219,32431,3,4,1,0.69,0.0025,4.84,26,95,0,13870,3,36,2,3,1,1,,216.01,0,,,,1,0,9,0,0,,,,,1,0,25,,,,,,,0,0,,0,,0
197978,28/03/2013 12:34,5,219,,,219,7969,3,4.5,1,1.61,0.0086,5.01,24,130,0,16794,3,14,4,0,1,1,,55.33,1,,,,0,0,,,1,,,,,0,0,,,,,,,,,,,0,,0
255268,11/02/2013 11:25,5,219,,,219,40600,3,4,1,1.61,,4.82,24,90,0,3364,1,5,2,0,1,1,,80.84,0,,,,0,0,,,,,,,,0,0,,,,,,,,,,,0,,0
102985,23/05/2013 16:14,31,219,,,219,5124,2,4,1,4.14,0.2196,5.23,6,206,1,27770,2,62,2,0,1,0,,1928.12,0,,,,0,0,,0,0,,,,,-1,1,13,,,,,,,,,,0,,0
585580,16/02/2013 11:47,5,219,,,219,102049,3,4.5,1,1.95,0.0249,5.57,29,288,0,23676,3,138,2,0,1,1,,195.6,0,,,,,1,,1,0,13,,,,1,0,13,,,,,,,-1,0,3,0,,0
472395,25/12/2012 20:38,12,219,,,219,55865,3,4.5,1,2.89,0.0065,5.18,9,97.56,1,9402,5,0,2,0,1,0,,357.81,0,,,,1,0,11,,1,,,,,-1,0,5,,,,,,,-1,0,5,0,,0
10834,28/04/2013 16:50,24,216,,,39,25268,5,4.5,1,4.19,0.0378,6.21,30,425.06,0,15122,3,121,2,0,1,0,,,0,,,,,,,,,,,,,,,,,,,,,,,,,0,,0
289361,05/02/2013 08:42,5,219,,,219,38190,3,4,1,1.39,0.0023,4.72,24,95,0,10775,2,9,3,0,1,1,,107.95,1,,,,0,0,,0,0,,,,,,,,,,,,,,0,0,,0,,0
257560,10/03/2013 00:01,32,220,,,39,5131,4,3.5,1,4.26,0.0636,5.44,35,156.62,1,15122,4,48,2,1,1,1,,2430.22,0,,,,,,,,,,,,,,,,,,,,,,,,,0,,0
507591,11/06/2013 18:28,5,219,,,219,126066,4,4,1,3.33,0.2525,0,9,242,0,15586,3,10,2,0,1,1,,221.32,1,,,,0,0,,0,0,7,,,,0,0,,,,,,,,0,0,,0,,0
293143,06/03/2013 19:17,5,219,,,219,53928,2,3,1,2.89,,4.61,19,32,0,19810,1,48,2,0,1,0,,130.26,0,,,,,,,,,,,,,,,,,,,,,,,,,0,,0
458428,21/04/2013 10:51,14,100,,,219,64914,4,5,1,2.83,0.2241,6.21,4,431.52,0,3083,4,51,2,0,1,0,,4611.63,1,,,,,,,,,,,,,,,,,,,,,,,,,0,,0
321248,08/01/2013 02:49,1,13,,,55,12898,3,3,0,5.67,0.5229,5.11,19,224.9,0,19392,5,181,1,2,1,0,,,1,,,,,,,,,,,,,,,,,,,,,,,,,0,,0
499974,16/02/2013 16:14,15,55,,,45,122143,3,2.5,0,4.45,0.1732,5.07,33,43.45,1,7171,3,34,2,0,1,1,,,1,,,,,,,,,,,,,,,,,,,1,0,63,,,,0,,0
210745,17/04/2013 20:27,5,219,,,219,32427,3,0,1,0,,5.11,3,183,0,10944,3,65,2,0,1,1,,300.36,0,,,,,,,,,,,,,,,,,,,,,,,,,0,,0
479288,30/06/2013 09:00,19,158,,,158,70621,4,0,0,2.4,0.1169,0,6,84.19,0,1803,1,13,2,0,1,1,,,1,,,,,,,,,,,,,,,,,,,,,,,,,0,,0
479718,14/01/2013 18:17,14,100,,,100,116776,2,0,0,2.56,,4.68,25,80.31,0,14161,2,137,2,0,1,1,,248.91,0,,,,,,,,,,,,,,,,,,,,,,,,,0,,0
190766,24/12/2012 00:41,32,220,,,220,12627,4,5,0,1.79,,5.12,2,201.02,0,4427,2,10,2,0,1,1,,,1,,,,,,,,,,0,0,,,,,,,,,,,,,,0,,0
394536,08/06/2013 14:54,5,219,,,219,124342,4,4,1,4.19,0.1332,0,8,102,1,4931,3,35,2,0,2,1,,209.94,0,,,,0,0,,0,0,,,,,,1,,,,,,,,0,0,6,0,,0
207766,06/11/2012 17:11,24,216,,,219,69184,4,4,1,5.18,0.8327,5.62,8,228.82,0,25556,2,5,1,0,1,0,,,0,,,,0,0,,0,0,,,,,0,0,8,,,,,,,0,0,,0,,0
502237,26/06/2013 14:09,5,219,,,219,10750,2,3.5,1,3.04,0.1231,0,18,81,0,25436,3,13,1,1,1,0,,102.82,1,,,,,,,,,,,,,,,,,,,,,,0,0,,0,,0
460117,18/04/2013 19:49,5,219,,,219,96104,4,4.5,1,2.89,0.1341,5.38,7,232,0,10446,2,57,4,0,2,1,,384.06,1,,,,0,0,,0,0,,,,,,,,,,,,,,0,0,,0,,0
477693,19/05/2013 18:45,5,219,,,219,50694,4,4.5,1,2.64,0.3372,5.45,8,149,0,22204,2,5,2,0,1,1,-24.0713,64.4,0,,,,0,0,,0,0,,,,,0,0,,,,,,,,0,0,,0,,0
151907,04/06/2013 19:01,5,219,,,219,101700,3,4,0,3.58,0.0838,0,12,129,0,9265,1,8,1,0,1,0,,2662.78,0,,,,,,,,,,,,,0,0,,,,,,,,,,,0,,0
187749,17/12/2012 14:24,14,100,,,219,68972,3,4.5,1,1.79,0.0726,4.96,20,100.66,0,25567,2,10,2,2,1,1,,190.98,1,,,,,,,-1,0,10,,,,,,,,,,,,,-1,0,10,0,,0
324937,29/01/2013 06:18,14,100,,,100,67448,3,4.5,1,1.95,0.1548,5.35,4,158.86,0,519,3,5,2,2,1,0,,121.39,0,,,,0,0,,0,0,,,,,0,0,,,,,,,,0,0,,0,,0
179133,12/12/2012 19:53,5,128,,,92,124309,3,0,0,1.1,,4.31,23,115,0,3402,1,3,1,0,1,1,,,0,,,,,,,,,,,,,,,,,,,,,,,,,0,,0
280744,13/12/2012 19:59,32,220,,,98,123358,3,5,0,4.01,,4.47,25,63.17,1,20721,1,54,2,0,1,0,,,1,,,,,,,,,,0,0,,0,0,,,,,,,,,,,0,,0
312796,22/05/2013 10:02,5,59,,,219,83616,3,5,1,2.83,0.0352,5.5,7,270,0,23475,1,28,2,0,1,0,,,0,,,,,,,,,,,,,0,0,,,,,,,,,,,0,,0
550412,18/03/2013 23:41,5,219,,,219,88096,4,4,1,2.94,0.066,5.2,16,109,0,23246,2,4,1,0,1,1,,359.32,0,,,,0,0,18,0,0,20,,,,0,0,33,,,,,,,0,0,21,0,,0
388131,14/03/2013 15:59,32,220,4,201.37,220,41166,4,3,1,1.39,0.0153,5,6,174.45,0,17898,2,20,1,0,1,0,,1687.73,0,,,,0,0,,,1,,,1,,0,0,,,,,,,,,,,0,,0
344716,25/03/2013 12:54,5,219,,,219,32495,0,5,0,1.39,0.0114,4.68,15,120,0,23613,1,89,2,0,1,1,,74.9,1,,,,,,,,,,,,,,,,,,,,,,,,,0,,0
209222,04/11/2012 17:41,5,219,,,219,14535,2,3.5,1,1.79,,4.82,13,59,0,10149,1,10,2,0,1,0,,1975.67,0,,,,,,,,,,,,,1,0,16,,,,,,,1,0,16,0,,0
194735,18/11/2012 07:51,5,219,3.75,460.64,219,103187,4,5,1,5.66,0.1318,6.13,29,699,0,4562,2,42,6,0,3,0,,41.2,1,,,,,,,,,,0,0,,0,0,,,,,,,,0,0,,0,,0
199809,14/04/2013 23:08,14,100,,,100,24157,3,3.5,1,2.89,,4.94,29,127.27,0,4812,1,19,2,0,1,1,,172.66,0,,,,0,0,9,,,,,,,-1,0,11,,,,,,,,,,0,,0
105970,30/06/2013 21:54,5,219,,,219,135258,3,4,1,1.95,0.1311,0,9,99,0,9927,1,4,4,0,2,1,,139.81,0,,,,,,,,,,,,,,,,,,,,,,,,,0,,0
339666,22/01/2013 23:59,9,59,,,59,66968,4,4,1,3.37,0.0888,4.87,9,75.36,1,16770,2,16,1,0,1,1,,290.02,0,,,,,,,,,,,,,0,0,,,,,,,,,,,1,178.38,1
328669,24/05/2013 07:21,5,219,2.09,86.23,219,52961,3,5,0,2.08,0.2744,5,1,150,0,13640,3,27,1,0,1,1,,1853.48,0,,,,,,,,,,,,,,,,,,,,,,,,,0,,0
425193,15/06/2013 08:40,5,219,,,219,24684,3,5,1,2.77,0.0046,0,12,180,0,27669,3,43,2,0,1,0,,141.19,0,,,,,,,,,,,,,,,,,,,,,,,,,0,,0
34060,10/05/2013 16:42,14,219,,,219,79534,3,4,0,4.63,0.4075,5.7,27,167.33,1,20319,1,1,3,0,1,1,,0.42,0,,,,0,0,,0,0,,0,0,,0,0,,,,,,,,0,0,,0,,0
123145,04/05/2013 16:30,16,31,,,56,59265,5,4.5,1,5.29,0.0599,5.76,21,292.5,0,16822,6,96,3,1,1,0,,465.78,0,,,,,,,,,,,,,,,,,,,,,,,,,0,,0
136669,18/03/2013 16:18,12,99,,,219,90730,4,4,0,5.66,0.107,5.91,2,320.03,1,4562,1,35,2,0,1,0,,,0,,,,0,0,,,,,0,0,,0,0,,,,,,,,0,0,,0,,0
167610,20/01/2013 18:36,14,100,,,219,5405,2,0,1,0,,4.58,24,107.9,0,7153,4,39,3,1,1,1,,1364.71,0,,,,,,,,,,,,,,,,,,,,,,,,,0,,0
4057,09/01/2013 16:04,5,219,,,219,27140,2,3,1,1.79,0.0395,4.23,36,51,0,18000,1,3,2,0,1,1,,215.78,0,,,,,,,,,,,,,,,,,,,,,,,,,0,,0
487081,30/05/2013 21:53,9,59,,,59,128923,4,4,1,1.61,0.4357,5.27,3,147.03,0,25668,1,9,4,3,2,1,,63.58,0,,,,0,0,,0,0,,,,,0,0,,,,,,,,,,,0,,0
453800,15/04/2013 19:36,15,55,,,215,3106,4,4,0,3.89,0.1395,5.37,7,259.86,0,5852,2,32,1,0,1,1,,,0,,1,,,,,,,,,,,,1,,,1,,,1,,,,,0,,0
208411,21/05/2013 19:33,5,219,,,154,70515,2,0,0,5.3,0.0399,4.34,25,65,0,13247,1,76,2,3,1,0,,4556.19,0,,,,,,,,,,,,,,,,,,,,,,,,,0,,0
410973,30/01/2013 06:42,5,219,,,219,127898,3,3.5,0,4.22,0.2329,4.87,31,123,0,9412,2,55,2,0,1,0,,185.63,0,,,,-1,0,6,,,,,,,-1,0,6,,,,,,,,,,0,,0
246,04/03/2013 09:55,14,100,,,219,94325,0,4,1,1.1,0.0138,4.88,27,99.29,0,18294,1,6,2,0,1,0,,89.25,0,,,,,,,,,,,,,,,,,,,,,,,,,0,,0
252966,20/02/2013 12:10,14,100,3.41,176.99,55,50453,4,4,1,1.61,0.0129,4.87,17,92.46,0,5577,1,77,2,0,1,0,,4713.21,0,,,,,,,,,,,,,,,,,,,,,,,,,0,,0
362341,07/05/2013 18:07,5,219,,,219,131070,4,4.5,1,2.08,0.0026,4.78,38,101,0,4182,3,18,1,0,1,1,,,1,,,,,,,,,,,,,0,0,,,,,,,,0,0,,0,,0
542635,21/01/2013 06:37,24,55,,,215,69635,4,4.5,1,4.14,0.0553,5.18,24,98.87,0,20354,2,103,2,0,1,1,,1881.31,0,,,,,,,,,,,,,,,,,,,,,,,,,0,,0
120819,04/04/2013 19:33,16,31,,,31,44348,4,0,0,0,,4.84,20,85.37,0,13744,3,2,1,0,1,1,,10.39,0,,,,,,,,,,,,,0,0,,,,,0,0,,,,,0,,0
197995,21/05/2013 01:20,5,92,,,219,666,4,4,0,3.87,0.4545,5.45,1,156,1,3187,5,12,2,0,2,0,,,0,,,,0,0,,0,0,,,,,0,0,,,,,,,,0,0,,0,,0
80716,29/05/2013 18:03,5,219,,,129,16764,4,4.5,0,4.93,0.7095,5.4,2,134,1,447,6,24,1,0,1,0,,4629.56,0,,,,,,,,,,,,,0,0,14,,,,1,0,15,,,,1,,0
165061,26/06/2013 07:03,5,219,,,219,92972,2,4,1,1.95,0.3661,0,6,90,0,26207,1,38,2,0,1,1,,,1,,,,1,-1,6,0,-1,,,,,,,,,,,,,,0,-1,,0,,0
489841,21/11/2012 12:43,5,219,,,219,125083,4,4.5,1,3.61,0.0696,5.07,37,67,1,8192,3,27,2,0,1,0,,229.16,0,,,,,,,-1,0,5,,,,0,0,,,,,,,,0,0,5,0,,0
19455,04/04/2013 16:06,5,219,,,219,24816,4,4.5,0,2.48,,5.77,16,239,0,2861,2,55,2,0,1,0,,631.83,0,,,,,,,,,,,,,,,,,,,,,,,,,0,,0
497776,15/06/2013 05:47,5,219,,,219,53141,4,4,1,1.39,0.0574,0,1,241,0,11235,1,42,2,1,1,1,-37.1685,,1,,,,0,0,,-1,0,9,-1,0,9,0,0,,,,,,,,-1,0,9,0,,0
74483,03/02/2013 19:00,5,219,3.13,147.45,219,134072,2,5,1,2.08,0.0706,4.93,16,143,0,6179,3,102,3,0,1,1,,222.81,0,,,,,,,,,,,,,,,,,,,,,,,,,0,,0
173236,11/02/2013 11:09,5,78,,,219,82487,2,3.5,1,2.89,0.0325,4.92,20,120,0,24674,1,161,4,0,1,0,,,0,,,,,,,,,,,,,,,,,,,,,,,,,0,,0
267217,17/06/2013 12:44,14,100,,,100,117771,4,4,1,2.2,,0,24,106.03,0,4858,1,2,2,0,1,0,,211.56,0,,,,,1,,,,,,,,,,,,,,,,,1,0,14,0,,0
224890,19/06/2013 19:53,14,100,,,100,76028,3,4.5,1,1.95,0.1565,0,2,126.55,0,22302,1,22,2,0,1,1,,456.77,0,,,,,,,,,,,,,,,,,,,,,,,,,0,,0
93849,26/11/2012 08:18,5,219,,,219,40279,5,4.5,1,4.29,0.2385,5.96,28,219,1,8192,3,3,2,0,1,1,,2061.43,0,,,,0,0,,0,0,,,,,0,0,,,,,,,,0,0,,0,,0
299578,13/11/2012 10:42,5,219,,,219,98674,3,4,1,2.56,0.0851,4.67,14,75,0,16732,1,7,2,0,1,0,,1247.34,0,,,,,,,,,,,,,,,,,,,,,,,,,1,,0
199465,25/11/2012 22:12,5,219,,,219,76351,2,2,0,1.95,0.0163,4.12,14,200,0,10343,1,7,2,0,1,0,,230.3,0,,,,,,,0,0,,,,,0,0,,,,,,,,-1,0,80,0,,0
213939,01/06/2013 08:30,14,100,,,219,72799,3,3.5,0,1.39,0.0055,5.04,15,105.06,0,13524,1,9,1,0,1,0,,586.69,0,,,,,,,-1,0,5,,,,-1,0,4,,,,,,,-1,0,4,0,,0
26700,10/04/2013 16:21,5,219,,,219,96144,3,3.5,1,2.56,,5.08,20,149,0,4562,2,16,3,0,2,1,,,0,,,,0,0,,,,,,,,0,0,,,,,,,,0,0,,0,,0
325137,11/02/2013 13:13,5,219,,,219,51347,3,0,1,2.64,,4.73,22,84,0,19281,1,96,2,0,1,1,,64.46,0,,,,,,,,,,,,,,,,,,,,,,,,,0,,0
430564,17/06/2013 14:32,5,219,,,219,100882,5,,0,4.19,,0,31,154,0,8192,2,6,2,2,1,0,,1208.25,0,,,,0,0,,1,0,2,,,,,,,,,,,,,,,,0,,0
536464,26/06/2013 21:27,5,219,,,219,130249,0,1,0,0.69,,0,19,85,0,11966,2,31,3,2,1,1,,203.38,0,,,,,,,,,,,,,,,,,,,,,,,,,0,,0
439529,01/05/2013 10:39,5,229,,,215,9143,4,4,0,6.07,0.7099,5.11,10,113,1,10778,2,33,2,0,1,0,,,0,,,,,,,,,,,,,,-1,,,,,,,,,,,0,,0
490290,11/03/2013 13:44,5,219,3.44,143.84,219,47786,5,4.5,0,4.5,0.6511,6.1,2,306,1,4060,3,11,1,0,1,1,,207.28,0,,,,0,0,6,-1,0,14,,,,-1,0,6,,,,,,,-1,0,6,0,,0
243824,09/04/2013 11:27,5,219,,,219,80290,3,4,1,1.1,0.0085,4.9,20,110,0,691,2,37,1,0,1,1,,,0,,,,,,,0,0,,,,,,,,,,,,,,0,0,,0,,0
117047,29/11/2012 16:05,5,219,,,219,59063,2,4,1,1.95,0.0033,5.12,19,200,0,2906,1,2,2,0,1,1,,56.82,0,,,,0,0,,0,0,,,,,0,0,,,,,,,,0,0,,0,,0
234935,12/02/2013 19:15,5,219,,,219,56704,2,3.5,1,2.64,0.0268,4.37,25,71,1,7516,4,5,1,0,1,0,,837.58,0,,,,,,,,,,,,,1,0,7,,,,,,,1,0,7,0,,0
241468,27/06/2013 20:17,5,219,3,163.57,219,23982,1,2,1,2.77,0.1325,0,15,200,0,14304,1,51,3,1,1,1,,402.51,0,,,,,,,,,,,,,,,,,,,,,,,,,0,,0
402669,04/04/2013 07:14,5,219,,,219,104343,3,5,1,1.1,0.0078,4.91,21,124,0,27728,1,9,2,1,1,1,,370.39,0,,,,,,,,,,,,,,,,,,,,,,,,,0,,0
261547,01/05/2013 20:22,5,219,,,59,118307,0,0,0,1.79,0.0271,4.57,26,161,0,27380,1,7,1,0,1,0,,1147.96,0,,,,,,,,,,,,,,,,,,,,,,,,,0,,0
507369,04/06/2013 00:13,5,32,,,219,66042,3,3.5,0,1.61,0.0715,0,30,124,0,18410,1,40,2,1,1,0,,4391.72,0,,,,0,0,,0,0,,,,,0,0,,,,,,,,0,0,,0,,0
561717,25/02/2013 15:12,5,99,,,219,50435,2,3,1,3.3,0.1781,4.19,4,36,1,21382,1,40,2,0,1,1,,,0,,,,1,0,38,,,,,,,0,0,,,,,,,,,,,0,,0
551226,24/04/2013 19:16,5,219,,,219,71989,3,3.5,0,0,0.0001,5.02,2,166,0,15307,1,25,2,0,1,0,,947.39,1,,,,,,,,,,,,,,,,,,,,,,,,,0,,0
417035,19/05/2013 12:59,5,100,,,100,26772,0,5,1,2.71,0.0175,5.01,9,132,0,5794,1,16,2,0,1,0,,2034.14,0,,,,,,,,,,,,,,,,,,,,,,,,,0,,0
488604,07/02/2013 13:19,14,100,,,55,77262,5,5,0,5.2,0.2578,6.05,13,440.93,0,8053,1,21,2,0,1,1,,3246.56,0,,,,,,,,,,,,,0,0,,,,,-1,0,15,,,,0,,0
72601,07/12/2012 01:27,24,216,,,92,19942,4,3,0,2.64,0.0061,5.39,30,72.93,0,6991,1,56,1,0,1,1,,,0,,,,,,,,,,-1,0,3,-1,0,3,,,,,,,,,,0,,0
52690,30/04/2013 15:38,5,219,,,219,98465,4,4.5,1,3,0.2692,5.9,7,449,0,11846,1,4,2,0,1,1,,,1,,,,0,0,,0,0,,,,,0,0,,,,,,,,0,0,,0,,0
488833,21/12/2012 12:35,5,137,,,213,56199,5,5,0,3.78,0.0835,5.7,7,303,0,3812,2,23,2,0,1,0,,,0,,,,,,,,,,,,,0,0,,,,,,,,,,,0,,0
422500,22/05/2013 05:57,5,219,,,219,83042,3,5,1,0,0.0765,4.95,1,129,0,9620,1,114,2,0,1,1,,1233.16,0,,,,,,,,,,,,,,,,,,,,,,,,,0,,0
82251,19/06/2013 23:05,5,41,,,73,99046,4,4,1,5.02,0.0906,0,30,107,0,18367,1,36,1,0,1,1,,,0,,,,,,,,,,,,,0,0,,1,0,6,0,0,,,,,0,,0
320623,07/02/2013 10:31,14,219,,,219,75806,0,4.5,1,2.48,0.0879,4.47,13,98.21,0,5250,1,125,2,2,1,0,,921.46,0,,,,,,,,,,,,,,,,,,,,,,,,,0,,0
139938,24/01/2013 19:18,5,219,,,219,75747,4,4.5,1,4.52,0.0923,5.41,35,269,0,26522,2,113,2,0,1,1,,367.48,1,,,,0,0,,,,,,,,,,,,,,,,,,,,0,,0
559972,06/06/2013 16:41,5,219,,,219,99889,3,3.5,1,1.79,0.0054,0,3,150,0,21494,2,34,2,2,1,0,,123.52,1,,,,0,0,,,,,,,,,,,,,,,,,,,,0,,0
31635,02/12/2012 22:55,18,129,,,26,72523,4,4,0,4.3,0.3661,5.15,16,77.93,0,5674,4,34,2,0,1,1,,1787.79,0,,,,,,,,,,,,,0,0,,,1,,0,0,,,,,0,,0
227204,06/03/2013 19:53,5,219,,,219,39627,2,4,1,1.79,0.0185,4.91,21,80,0,2360,2,13,1,0,1,0,,102.2,0,,,,,,,,,,0,0,,0,0,,,,,,,,,,,0,,0
485782,10/01/2013 14:17,5,219,,,219,6973,2,3,1,4.19,,4.09,21,40,0,14230,2,70,1,0,1,1,,216.55,1,,,,0,0,,0,0,,,,,0,0,,,,,,,,0,0,,0,,0
233108,17/11/2012 21:57,11,103,,,48,67466,3,4,1,1.79,0.0654,4.63,18,93.46,0,6066,1,161,1,2,1,1,,,1,,,,,,,,,,,,,,,,,,,,,,,,,1,93.49,1
454562,10/01/2013 19:49,5,219,2.6,65.01,219,14024,4,4.5,1,3.74,0.1002,5.34,37,258,0,13870,4,104,2,3,1,0,,573.03,0,,,,,,,,,,,,,,,,,,,,,,,,,0,,0
264013,07/06/2013 15:27,14,100,,,100,110184,2,3.5,1,1.39,,0,12,114.74,0,22302,1,0,2,0,1,1,,54.97,0,,,,0,0,,0,0,,,,,-1,0,8,,,,,,,-1,0,8,0,,0
288893,12/03/2013 21:27,32,220,,,220,118817,4,4.5,0,4.39,,4.96,25,129.05,0,19553,2,208,2,0,1,0,,1286.98,0,,,,,,,,,,,,,,,,,,,,,,,,,0,,0
138929,30/01/2013 22:30,5,219,,,219,77089,3,3.5,1,3.99,0.2896,4.92,4,31,1,8192,2,14,2,0,1,0,,214.97,0,,,,-1,0,12,0,0,,,,,1,0,4,,,,,,,0,0,19,0,,0
195220,02/03/2013 20:10,10,4,,,219,58684,3,3.5,1,2.89,0.1064,4.76,21,98.97,0,1143,1,95,2,0,1,0,,,0,,,,,,,,,,,,,,,,,,,,,,,,,0,,0
112731,25/04/2013 23:13,24,216,,,31,84999,3,4.5,0,6.8,0.767,5.18,8,194.15,0,6285,2,51,2,0,1,1,,,0,,,,,,,,,,,,,,,,,,,,,,,,,0,,0
59247,23/01/2013 11:32,14,100,,,23,106603,5,5,1,5.05,0.0422,6.19,27,542.43,0,19304,4,136,2,0,1,1,,3857.8,0,,,,,,,,,,,,,,,,,,,,,,,,,0,,0
473557,15/04/2013 18:09,5,219,,,219,32491,3,4.5,1,2.3,0.0452,5.17,16,199,0,1097,2,30,2,0,1,0,,2380.37,0,,,,,1,,,,,,,,,1,,,,,,,,,,,0,,0
296491,27/05/2013 01:23,24,216,,,99,25536,4,4,0,3.3,0.0054,4.87,28,80.87,0,13292,3,79,2,0,1,0,,,1,,,,,,,,,,,,,0,0,,0,0,,0,0,,,,,0,,0
526493,21/03/2013 21:40,22,92,,,98,103862,3,0,0,1.1,,5.55,9,92.39,0,4862,3,14,2,0,1,1,,,1,,,,,,,,,,,,,,,,,,,,,,,,,0,,0
289451,14/04/2013 17:03,5,219,,,219,84809,3,4.5,1,2.89,0.1416,4.7,31,129,0,17079,2,38,1,0,1,0,,271.9,0,,,,,,,,,,,,,,,,,,,,,,,,,0,,0
403529,27/01/2013 16:26,18,129,,,99,2922,5,4.5,1,5.5,,6.21,12,399.84,0,15708,2,56,2,0,1,0,,,1,0,0,,,,,,,,,,,0,1,,0,0,,0,0,,,,,0,,0
177697,15/03/2013 17:12,32,220,,,202,9888,5,5,0,3.22,0.1265,6.21,1,364.32,1,17602,2,81,2,1,1,0,,2872.83,0,,,,,,,,,,,,,,,,,,,,,,,,,0,,0
120223,05/06/2013 07:14,5,219,,,219,3680,2,3.5,1,0,0.0003,0,25,96,0,17707,1,6,2,0,1,0,,1288.56,0,,,,0,0,,,,,,,,,,,,,,,,,,,,0,,0
220370,08/12/2012 20:24,5,219,,,219,97201,3,4,1,2.56,0.2518,4.54,2,72,1,18718,1,21,2,1,1,1,,478.96,0,,,,,,,,,,,,,,,,,,,,,,,,,0,,0
248049,29/01/2013 15:53,18,138,,,219,110813,2,4,0,2.4,,5.12,26,149.76,1,12588,5,261,2,0,1,0,,,1,,,,,,,,,,,,,,,,,,,,,,,,,0,,0
77735,07/04/2013 19:24,5,219,,,219,12098,3,4,0,0,0.0464,4.28,18,55,1,8026,3,40,4,0,2,1,,1905.46,0,,,,0,0,,0,0,,,,,,1,,,,,,,,,1,,0,,0
570937,01/03/2013 13:01,5,219,,,219,29402,3,4.5,1,0,0.4988,4.93,1,118,0,6602,3,35,2,0,1,1,,385.61,0,,,,,,,0,0,,,,,0,0,,,,,,,,0,0,,1,397.29,1
46428,22/06/2013 19:57,5,100,,,215,124504,4,4.5,0,5.28,0.076,0,29,123,1,2854,1,47,2,0,1,1,,,0,,,,,,,,,,,,,,,,,,,,,,,,,0,,0
449755,12/11/2012 13:40,5,219,,,100,82394,3,4,1,4.13,,5.12,25,93,1,12454,1,9,2,0,1,0,,121.42,0,,,,0,0,,,,,,,,0,0,,,,,,,,0,0,,0,,0
91629,27/05/2013 13:42,24,216,,,39,33231,2,1.5,0,4.04,0.0255,4.69,21,96.36,0,15122,4,115,2,0,1,1,,,0,,,,,,,,1,,1,0,10,-1,0,93,,,,,,,,,,0,,0
474218,25/06/2013 10:06,5,219,,,219,57181,4,4,1,4.54,0.3401,0,28,149,0,4072,2,31,2,1,1,1,,274.62,1,,,,,,,,,,,,,,,,,,,,,,,,,0,,0
281005,20/06/2013 14:07,5,219,,,219,78649,3,4,1,4.14,0.0246,0,29,149,0,23904,1,9,2,0,1,1,,84.31,1,,,,0,0,,0,0,,,,,0,0,,,,,,,,0,0,,0,,0
307319,28/11/2012 15:15,5,219,,,219,122112,5,5,1,4.29,0.2668,5.94,35,395,0,8192,4,30,1,0,1,1,,221.02,0,,,,,,,,-1,,,,,,,,,,,,,,,,,0,,0
510083,12/12/2012 00:47,16,31,,,132,140455,2,3,0,2.56,0.0023,4.49,30,107.2,0,1815,3,105,2,0,1,0,,655.67,1,,,,,,,,,,,,,,,,,,,,,,,,,0,,0
468367,14/03/2013 21:51,5,2,,,219,83736,2,3.5,1,5.24,0.2306,5.52,4,174,0,15495,2,3,1,1,1,0,,,1,,,,-1,0,3,0,0,3,,1,,0,0,3,,,,,,,-1,0,3,0,,0
470595,07/01/2013 15:37,5,219,,,219,63762,2,4.5,1,2.08,0.0507,4.73,14,74,0,25964,1,37,2,0,1,0,-8.8944,2202.69,1,,,,0,0,,0,0,,,,,0,0,,,,,,,,0,0,,0,,0
242696,10/01/2013 02:16,5,23,,,219,128734,4,4,0,4.91,0.3534,5.7,16,319,0,25426,9,112,2,1,1,0,,,0,,,,,,,,,,,,,,,,,,,,,,,,,0,,0
284894,08/05/2013 00:07,5,219,,,219,20587,4,4.5,0,5.16,0.3105,5.49,6,269,0,9402,1,23,2,0,1,1,,41.62,0,,,,,1,,,1,,,,,,1,,,,,,,,,1,,0,,0
497928,06/04/2013 17:33,5,219,,,219,96409,2,4,1,0.69,0.0688,4.19,7,63,0,20477,1,3,2,0,1,0,-36.4599,57.85,0,,,,,,,,,,,,,,,,,,,,,,,,,0,,0
23754,11/02/2013 18:55,5,219,,,73,102765,4,4,1,1.95,,5.26,24,294,0,22521,1,8,1,0,1,0,,5461.26,1,,,,,,,,,,,,,0,0,,,,,0,0,,,,,0,,0
382015,19/02/2013 11:01,5,219,,,219,126719,4,4.5,0,5.97,0.2871,5.95,20,185,1,5677,2,4,2,1,1,1,-21.8695,,0,,,,1,0,42,1,0,21,1,0,42,1,0,21,,,,,,,1,0,21,0,,0
7935,29/05/2013 21:50,1,13,,,219,125053,4,4.5,1,4.67,0.592,5.48,7,259.68,1,17759,4,7,2,0,2,0,,,0,,,,-1,0,2,-1,0,2,,,,0,0,4,,,,,,,0,0,4,0,,0
211310,04/04/2013 09:31,5,219,3.33,135.62,219,139670,2,4,1,0.69,,4.46,4,100,0,27453,1,2,4,0,1,1,,50.27,0,,,,,,,,,,,,,,1,,,,,,,,-1,0,10,0,,0
313593,02/03/2013 15:16,32,220,,,219,89836,2,3.5,1,4.57,0.288,5.26,8,113.24,1,20319,10,180,2,0,1,0,,5083.25,0,,,,,,,,,,,,,,,,,,,,,,,,,0,,0
578751,28/04/2013 10:34,32,220,3.79,198.28,221,131254,5,4,1,2.77,0.2031,5.22,6,142.84,0,4238,2,31,2,0,1,0,,9969.81,0,,,,,,,,,,,,,,,,,,,,,,,,,0,,0
499002,16/01/2013 17:01,22,92,,,216,24968,4,4,0,3.53,0.0582,5.1,16,123.29,1,729,2,10,2,0,1,1,,,0,,,,,,,,,,,,,,,,,,,,,,,,,0,,0
521845,14/04/2013 13:06,9,59,,,219,80579,4,4.5,1,4.28,0.2185,5.21,12,134.07,0,15253,5,112,4,0,2,0,-21.3382,887.38,1,,,,,,,,,,,,,,,,,,,,,,,,,0,,0
417199,25/04/2013 09:24,5,219,,,219,136658,2,1.5,1,2.77,0.0439,4.59,22,267,0,14304,2,88,2,2,1,0,,2180.52,1,,,,,,,,,,,,,,,,,,,,,,,,,0,,0
457113,10/01/2013 14:58,24,216,,,158,85551,2,3,0,3.56,0.1429,3.32,24,19.88,0,24470,2,31,2,0,2,0,,,0,,,,,,,0,0,,,1,,,,,,,,,,,,,,0,,0
100383,28/05/2013 15:53,18,129,,,55,68896,5,4.5,1,4.97,0.018,6.12,22,539.98,0,10979,5,28,3,0,1,0,,370.79,1,,,,,,,,,,,,,0,0,37,0,0,40,-1,0,11,,,,0,,0
525683,18/06/2013 07:27,14,100,,,219,96446,4,4.5,1,1.95,,0,16,115.55,0,4715,1,25,2,0,1,1,,148.28,0,,,,,,,0,0,,,,,0,0,,,,,,,,0,0,,0,,0
215162,19/12/2012 20:35,5,219,,,219,109332,2,4,1,1.79,,4.16,14,55,1,12449,1,8,2,1,1,1,,248.14,0,,,,0,0,,0,0,,,,,,1,,,,,,,,0,0,,0,,0
96192,16/06/2013 10:03,5,219,,,219,127531,2,3,0,4.11,0.0766,0,21,136,1,7342,3,12,2,0,1,1,-29.1071,,1,,,,-1,0,12,0,0,9,,,,,,,,,,,,,-1,0,23,0,,0
342577,28/12/2012 08:23,5,219,,,219,1991,2,3,0,4.55,0.0594,4.14,4,51,0,9975,2,18,1,1,2,0,,0.03,1,,,,,,,,,,,,,0,0,,,,,,,,,,,0,,0
54552,16/02/2013 12:14,31,219,,,219,1983,2,2,1,0,0.0058,4.23,8,150,0,16974,1,0,2,0,1,1,,155.85,0,,,,,1,,,1,,,,,,1,,,,,,,,,,,0,,0
95993,12/06/2013 14:58,5,219,,,219,52921,3,4,1,2.89,0.0355,0,9,143,1,15752,2,47,2,1,1,0,,2411.29,0,,,,,,,,,,,,,,,,,,,,,,,,,0,,0
307828,22/01/2013 12:53,5,219,,,219,39673,4,4.5,1,1.61,0.0308,5.41,32,179,0,4748,1,5,1,0,1,0,,163.03,0,,,,0,0,,0,0,,,,,0,0,,,,,,,,0,0,,0,,0
142749,18/04/2013 21:36,24,216,,,39,137576,4,4,0,2.71,,5.18,26,122.27,0,15122,3,21,2,0,1,1,,,0,,,,-1,0,15,-1,0,16,-1,0,16,,0,,,,,,,,,,,0,,0
18945,29/04/2013 10:14,5,219,,,129,76108,4,4,0,1.61,,4.8,8,148,0,20610,1,8,2,0,1,0,,4291.63,1,,,,,,,,,,,,,0,0,,0,0,,,1,,,,,1,,0
88364,17/12/2012 12:14,15,55,,,181,22863,5,4.5,1,4.44,0.0541,5.7,34,307.89,0,12907,4,28,1,0,1,0,,,0,1,0,12,,,,,,,,,,0,0,,0,0,,,1,,,,,0,,0
215943,20/12/2012 23:41,14,100,,,219,132898,3,4.5,1,0,0.0017,5.05,20,89.1,0,16570,3,8,2,2,1,1,,1239.02,0,,,,,,,,-1,,,,,,-1,,,,,,,,,-1,,0,,0
283806,12/03/2013 17:02,15,55,,,108,115978,3,0,0,2.48,0.1729,4.32,9,35.77,0,4167,1,145,1,0,1,0,,,0,,,,,,,,,,,,,,,,,,,,,,,,,0,,0
244446,24/02/2013 18:46,5,219,,,17,92833,4,4.5,0,2.4,0.0961,6.14,14,210,0,25345,7,181,1,0,1,0,,1707.55,1,,,,,,,,,,,,,,,,,,,,,,,,,0,,0
120778,20/04/2013 21:56,14,100,,,100,134754,3,4.5,0,0.69,,4.66,35,72.08,0,20216,2,4,3,0,1,0,,356.79,0,,,,0,0,,,,,,,,1,0,7,,,,,,,,,,0,,0
251610,14/03/2013 17:03,5,219,,,219,82328,5,5,0,4.54,0.0552,6.2,3,504,0,13216,2,14,2,0,1,1,,225.78,0,,,,0,0,,0,0,,,,,0,0,14,,,,,,,0,0,,0,,0
160060,01/05/2013 09:22,5,219,,,219,41634,3,4,1,0.69,,4.94,13,154,0,6650,1,159,1,0,1,0,,66.36,0,,,,,,,,,,,,,,,,,,,,,,,,,0,,0
145716,01/05/2013 09:12,5,219,,,219,87082,3,4,1,1.95,,4.9,30,149,0,8283,1,2,1,1,1,1,,144.9,0,,,,0,0,,0,0,,,,,,,,,,,,,,0,0,,0,,0
397209,12/02/2013 22:01,15,55,,,55,71419,3,4,1,2.4,,4.84,3,153.48,0,26051,4,44,2,0,1,1,,,0,,,,,,,,,,,,,,,,,,,,,,,,,0,,0
456708,11/04/2013 19:08,5,219,,,55,30952,2,5,1,0,,4.79,4,92,0,21081,2,45,2,0,1,0,,2949.5,1,,,,,,,,,,,,,0,0,,,,,,,,,,,0,,0
355237,11/11/2012 20:33,14,100,,,219,81884,2,3.5,0,5.07,0.4909,5.05,6,84.86,1,25426,3,32,4,0,1,1,,1237.09,0,,,,,,,,,,,,,,,,,,,,,,,,,0,,0
231457,09/06/2013 21:46,24,216,,,92,108598,3,0,0,1.61,0.0001,0,24,69.67,0,6991,2,48,2,0,2,1,,,1,,,,,,,-1,0,36,1,0,6,,,,,,,,,,,,,0,,0
447593,23/06/2013 17:27,5,219,,,219,41621,2,3.5,1,3.22,0.1533,0,13,69,0,1306,1,2,2,1,1,0,,274.27,0,,,,,1,,,,,,,,,,,,,,,,,,,,0,,0
109111,19/06/2013 21:31,5,219,,,219,46332,0,4.5,1,1.61,0.0172,0,25,99,0,8801,1,2,1,0,1,1,,,0,,,,1,0,12,1,0,11,,,,,,,,,,,,,1,0,11,0,,0
56313,26/03/2013 13:40,5,219,,,219,7268,3,4,1,0.69,0.0011,5.17,24,149,0,22851,1,3,1,2,1,1,,280.72,0,,,,,,,-1,0,6,,,,1,0,9,,,,,,,1,0,9,0,,0
404804,19/01/2013 13:47,5,219,,,219,92344,3,4.5,1,1.61,0.3967,4.72,7,109,0,26154,2,7,2,1,1,1,,794.97,0,,,,,,,,,,,,,,,,,,,,,,,,,0,,0
503584,15/01/2013 20:33,5,219,,,219,31582,2,3,1,1.1,,4.75,34,110,0,7384,1,87,2,0,1,1,,5.71,1,,,,,,,,,,,,,,,,,,,,,,,,,0,,0
432769,29/05/2013 12:21,15,31,,,31,127392,4,3.5,1,4.49,0.2698,5.16,22,158.87,0,13668,1,2,2,0,1,1,,189.11,0,,,,,,,,,,,,,0,0,,0,0,,-1,0,8,,,,0,,0
174675,18/06/2013 08:43,5,219,,,117,17502,3,0,0,3,0.0015,0,7,29,1,1141,12,23,2,0,1,0,,,0,,,,,,,,,,,,,,,,,,,,,,,,,0,,0
473271,04/12/2012 18:51,5,219,,,219,70803,3,4,1,1.79,0.0127,5.8,6,109,0,11230,3,25,2,0,1,1,,,1,,,,0,0,,,,,,,,,,,,,,,,,0,0,,0,,0
212779,13/12/2012 04:07,32,98,,,98,16331,5,4.5,0,2.64,0.0282,5.25,15,155.82,1,16359,1,0,2,0,1,1,,,0,,,,0,0,,-1,0,15,-1,0,34,-1,0,35,,,,,,,,,,0,,0
151986,23/06/2013 16:31,5,219,,,219,35138,2,2.5,1,1.39,0.0249,0,1,39,0,6346,2,56,2,0,1,0,,162.89,1,,,,0,0,,,,,,,,1,0,30,,,,,,,,,,0,,0
115149,26/06/2013 12:10,16,31,,,31,122615,3,0,0,3.71,0.5814,0,6,175.67,0,26825,1,2,2,1,1,1,,,1,,,,,,,,,,,,,0,0,,,,,0,0,,,,,0,,0
594616,23/12/2012 16:08,24,216,,,14,136017,4,4.5,1,1.1,0.0398,4.76,8,68.55,0,9453,3,43,2,0,1,0,,,1,,,,,,,,,,,,,,,,,,,,,,,,,1,,0
312264,21/03/2013 11:27,14,100,,,100,92226,3,3.5,1,3,0.1201,4.71,19,83.89,0,18825,1,7,1,0,1,1,,,0,,,,0,0,,,1,,,,,0,0,,,,,,,,0,0,,1,97.46,1
301688,30/01/2013 16:36,14,100,,,100,15220,4,4,1,2.56,0.1133,5.55,1,164.77,1,22132,6,60,2,0,1,0,,,0,,,,,1,,,,,,,,0,0,,,,,,,,,,,0,,0
324287,11/11/2012 16:26,29,132,,,55,95247,3,0,0,1.39,,4.56,4,45.74,0,10979,4,49,1,0,1,0,,,1,,,,,,,,,,,,,0,0,,,,,,,,,,,0,,0
61822,22/05/2013 19:07,5,219,2.67,97.33,219,33399,3,2.5,1,1.1,0.0116,4.2,18,60,0,13570,1,3,1,1,1,1,,149.91,0,,,,0,0,,0,0,,,,,0,0,,,,,,,,0,0,,0,,0
577306,08/11/2012 10:56,5,219,,,219,38926,3,3.5,1,3.09,0.001,5.81,20,199,0,4562,3,52,2,0,1,0,,274.18,1,,,,0,0,,0,0,,,,,0,0,,,,,,,,0,0,,0,,0
307508,03/04/2013 11:43,5,33,,,15,86729,4,4.5,1,3.81,0.028,5.55,3,150,0,8660,1,20,2,0,1,0,,,1,,,,,1,,,,,0,0,,0,0,,0,0,11,0,0,5,,,,0,,0
43009,07/05/2013 00:28,11,103,,,103,66728,4,5,0,3.61,0.3798,4.98,14,97.26,0,24349,4,35,1,0,1,0,,,0,,,,,,,,,,,,,,,,,,,,,,,,,0,,0
113442,21/06/2013 14:46,5,219,,,219,56880,4,4,1,2.83,0.1028,0,8,119,0,23246,1,16,1,0,1,0,,2320.81,0,,,,1,0,16,1,0,16,,,,1,0,67,,,,,,,1,0,16,0,,0
389592,21/06/2013 22:16,32,220,,,220,441,5,4.5,1,4.56,0.2478,0,27,211.12,0,16757,2,7,2,0,1,1,,0.44,0,,,,0,0,,1,0,11,,1,,0,0,,,,,,,,,,,0,,0
417820,12/11/2012 11:10,24,216,,,92,38828,4,0,0,4.6,0.1365,5.42,30,117.96,0,6991,2,1,1,0,1,0,,,0,,,,,,,,,,,,,,,,,,,,,,1,0,2,0,,0
48559,23/04/2013 23:26,16,31,,,31,82532,4,3,0,1.61,0.0107,5.1,32,123.5,0,8520,1,2,1,1,1,1,,78.75,0,,,,,,,,,,,,,-1,0,19,,,,,1,,,,,0,,0
332355,13/02/2013 12:16,5,219,,,219,2283,3,4.5,1,1.1,0.0027,4.99,31,110,0,19045,1,8,1,0,1,1,,81.55,1,,,,0,0,,-1,0,8,,,,0,0,,,,,,,,0,0,,0,,0
537455,27/06/2013 15:12,16,31,,,109,104067,4,2,0,3.47,,0,13,237.29,0,22118,3,42,2,0,1,1,,982.49,1,,,,,,,,,,,,,,,,,,,,,,,,,0,,0
62659,09/06/2013 15:57,14,100,,,215,52599,4,4,1,6.15,,0,34,214.77,0,25696,6,96,2,0,1,0,-27.9424,,0,,,,,,,,,,,,,,,,,,,,,,,,,0,,0
345138,04/03/2013 07:29,32,220,,,220,61669,3,3,0,4.85,0.203,4.14,15,147.84,0,25981,1,3,2,0,1,1,,1957.98,1,,,,0,0,,,,,0,0,,,1,,,,,,,,,,,0,,0
308284,26/03/2013 12:18,14,100,,,219,63470,4,4,1,3.26,0.235,5.05,24,143.69,0,44,1,121,2,0,1,1,,447.98,1,,,,,,,0,0,,,,,0,0,,,,,,,,0,0,,0,,0
68448,04/01/2013 18:14,5,219,,,219,8889,3,4,1,1.39,0.0427,5.1,24,98,0,26392,1,73,2,2,1,0,,468.24,1,,,,,,,,,,,,,,,,,,,,,,,,,0,,0
470660,29/05/2013 13:29,5,219,,,219,55681,2,3.5,1,0,,4.57,9,60,0,25554,2,4,1,0,1,0,,991.72,0,,,,,,,-1,0,11,,,,-1,0,11,,,,,,,-1,0,11,0,,0
470411,10/06/2013 08:08,5,219,,,219,73931,2,3,1,0,0.0088,0,18,89,0,15000,1,16,1,0,1,0,,128.95,0,,,,,,,,1,,,,,,,,,,,,,,,,,0,,0
490998,25/06/2013 18:50,5,219,,,219,27368,3,4.5,1,0,0.0039,0,28,92,0,1986,1,10,3,0,1,1,,149.42,1,,,,0,0,,0,0,,,,,0,0,,,,,,,,0,0,,0,,0
57932,24/01/2013 13:38,5,129,,,99,50688,3,4,1,4.13,0.1136,4.6,28,68,1,21150,2,31,2,0,1,0,,,0,,,,,,,,,,,,,,,,,,,,,,,,,0,,0
476424,05/02/2013 10:07,14,100,,,219,104648,3,4.5,1,3.5,0.3835,5.17,20,159.7,0,27236,1,1,1,0,1,0,,1338.17,0,,,,,,,,-1,,,,,,,,,,,,,,,-1,,0,,0
222817,12/02/2013 12:18,14,100,,,100,72892,2,3.5,1,2.3,0.092,4.81,9,75.83,1,454,1,4,1,1,1,1,,66.87,0,,,,,,,,,,,,,,,,,,,,,,0,0,,0,,0
192409,14/01/2013 08:25,14,100,,,100,25746,3,3.5,0,3.81,0.0782,4.79,15,79.29,1,15438,2,25,2,0,1,1,,102.36,1,,,,0,0,130,,,,,,,0,0,,,,,,,,0,0,,0,,0
155746,03/12/2012 14:43,32,220,,,219,87796,3,3.5,0,4.65,0.4555,5.35,29,136.52,1,20319,1,31,1,0,1,1,,5513.91,0,,,,1,0,33,0,0,,,,,-1,0,4,,,,,,,-1,0,4,0,,0
286446,20/05/2013 10:32,5,219,,,56,111483,4,4,0,4.17,0.2329,4.89,7,169,0,16170,2,5,1,0,1,1,,5315.48,0,,,,,,,,,,,,,0,0,199,,1,,,1,,,,,0,,0
321367,03/03/2013 07:35,5,219,,,219,119669,3,4.5,1,0.69,0.0016,4.99,30,205,0,23904,7,123,2,3,1,0,,1161.65,1,,,,0,0,,0,0,,,,,,,,,,,,,,0,0,,0,,0
320171,06/04/2013 05:54,5,33,,,106,38509,4,4,0,0,,5.02,13,148,0,3356,1,119,2,0,1,1,,,1,,,,,,,,,,,,,,,,,,,,,,,,,0,,0
559432,12/04/2013 08:31,32,220,,,55,82435,2,4,0,5.46,0.3294,5.1,14,92.47,1,19392,2,1,1,0,1,1,,10281.58,0,,,,,,,,,,,,,,,,,,,,,,,,,0,,0
451914,21/02/2013 09:53,5,219,,,219,116488,3,4,1,1.61,0.05,4.91,4,108,0,6348,1,94,2,0,1,0,,751.52,0,,,,,,,,,,,,,,,,,,,,,,,,,0,,0
372510,06/12/2012 12:32,14,100,,,100,42983,3,5,1,1.79,0.0005,5.2,29,150.29,0,21871,1,28,2,0,1,1,,1.38,1,,,,,,,,,,,,,,,,,,,,,,,,,0,,0
238157,10/06/2013 00:56,24,216,,,98,80109,3,3,0,4.61,,0,2,32.6,1,20721,4,204,2,0,1,0,,,0,,,,,,,,,,0,0,,0,0,,,,,,,,,,,0,,0
158015,17/04/2013 21:53,24,216,,,32,100870,3,4.5,0,1.39,,5.26,22,123.91,0,2922,1,120,1,0,1,1,,,0,,,,,,,,,,,,,,,,,,,,,,,,,0,,0
229619,23/06/2013 22:50,5,219,,,219,72909,4,4.5,1,1.95,0.0939,0,37,110,1,24232,1,1,2,0,1,0,,719.19,0,,,,,1,,0,0,,,,,1,0,7,,,,,,,0,0,,0,,0
460711,19/05/2013 22:59,5,219,,,219,31962,3,4.5,1,1.39,0.0047,5.06,27,161,0,13870,3,36,2,0,1,0,,353.02,1,,,,0,0,,,,,,,,,,,,,,,,,,,,0,,0
584150,13/01/2013 23:42,15,55,,,55,10310,4,3.5,1,0.69,0.0028,5.13,8,116.17,0,18369,1,35,1,1,2,0,,,0,,,,,,,,,,,,,0,0,,-1,0,9,-1,0,9,,,,0,,0
509321,07/03/2013 18:07,11,103,,,48,3551,4,4.5,0,0.69,,5.5,21,215.37,0,21630,4,167,2,0,1,0,,,0,,,,,,,,,,,,,,,,,,,,,,,,,0,,0
383225,11/01/2013 19:05,5,219,,,219,132970,2,4,0,4.03,0.3874,4.62,27,104,0,27182,3,51,2,0,1,0,,160.43,0,,,,,,,,,,,,,,,,,,,,,,,,,0,,0
556659,15/11/2012 03:48,12,219,,,219,45896,4,3.5,1,3.14,,4.97,28,70.31,1,9026,2,19,4,0,2,0,,171.3,0,,,,0,0,14,0,0,14,,,,0,0,14,,,,,,,0,0,14,0,,0
106682,28/05/2013 07:00,5,219,2.5,170.55,219,70887,2,2.5,0,4.17,0.13,4.54,16,61,1,3602,5,83,1,0,1,0,,2587.4,0,,,,0,0,,,,,,,,0,0,,,,,,,,,,,0,,0
5513,05/11/2012 22:29,12,99,,,31,17988,4,5,0,1.95,0.0111,5.62,13,295.59,0,23840,3,1,2,2,1,0,,,0,,,,,,,,,,,,,0,0,,0,0,,-1,0,10,,,,0,,0
573872,15/06/2013 01:01,5,219,,,219,59657,5,4.5,0,4.33,0.1368,0,23,205,0,22567,2,0,2,2,1,1,,238.8,0,,,,0,0,29,0,0,29,,,,0,0,,,,,,,,0,0,29,0,,0
431923,24/04/2013 08:01,5,219,,,219,135035,3,5,1,2.48,,4.97,36,180,0,27649,2,32,2,1,1,0,,,0,,,,,,,,,,,,,,,,,,,,,,,,,0,,0
558224,22/03/2013 06:24,5,219,,,219,39807,3,3,1,3.09,0.2113,4.27,15,50,0,11164,1,6,1,0,1,1,-15.2377,,0,,,,0,0,,,,,,,,,,,,,,,,,,,,0,,0
126845,14/11/2012 20:57,11,103,,,219,61934,3,4.5,1,2.89,0.0333,4.71,15,118.29,0,13539,3,163,1,0,1,1,,,1,,,,,,,,,,,,,,,,,,,,,,,,,0,,0
441181,01/04/2013 10:22,5,219,,,219,3787,2,4,1,1.95,,4.86,13,95,0,20700,2,2,1,1,1,0,,369.04,0,,,,-1,0,5,,,,,,,-1,0,5,,,,,,,-1,0,5,0,,0
215985,13/02/2013 12:08,5,219,,,55,27078,4,4,0,5.4,0.0044,5.44,28,147,0,10979,5,210,2,0,1,0,,3893.02,1,,,,,,,,,,,,,,,,,,,,,,,,,0,,0
250754,19/12/2012 07:36,5,219,,,219,38616,3,4.5,1,2.64,0.0136,5.52,26,179,0,25436,3,10,2,0,1,1,,243.64,1,,,,,,,,,,,,,0,0,,,,,,,,0,0,,0,,0
148346,25/03/2013 13:08,5,219,,,219,2506,3,4,1,3.4,0.0134,5.12,24,169,0,13216,2,9,1,0,1,0,,,0,,,,0,0,,0,0,,,,,0,0,,,,,,,,0,0,,0,,0
95924,03/06/2013 11:18,5,219,,,4,98878,4,4.5,0,2.64,,0,3,142,0,18903,1,5,3,0,1,1,,4618.31,0,,,,,,,,,,,,,,,,0,0,,1,0,3,,,,0,,0
598431,09/01/2013 19:28,15,55,,,219,124885,4,3,1,1.95,0.0513,5.26,33,128.18,0,19363,7,296,2,0,1,0,,,1,,,,,,,,,,,,,,,,,,,,,,,,,0,,0
545035,06/11/2012 15:27,5,219,3.27,227.65,219,60846,4,4.5,1,4.13,0.2318,5.57,25,106,1,8192,3,6,1,0,1,0,,416.39,0,,,,0,0,,0,0,9,,,,1,0,17,,,,,,,0,0,9,0,,0
302429,12/02/2013 09:54,5,219,,,219,74131,2,4,1,1.1,,4.4,21,70,0,10307,2,1,2,0,1,0,-11.1979,463.5,0,,,,0,0,,,,,,,,,,,,,,,,,0,0,,0,,0
187687,28/06/2013 13:14,5,219,,,219,51616,3,4,1,2.08,0.0009,0,34,224,0,23904,1,0,2,0,1,1,,117.52,0,,,,,,,-1,0,35,,,,-1,0,15,,,,,,,-1,0,35,0,,0
106390,12/06/2013 18:16,5,219,,,100,90880,4,4.5,1,3.09,,0,25,362,0,12079,1,24,2,1,1,1,,1757.78,0,,,,0,0,,,,,,,,0,0,,,,,,,,,,,0,,0
380823,12/12/2012 00:17,5,219,,,129,95904,3,3.5,1,0,0.0319,4.83,12,75,0,28398,1,80,2,0,1,1,,5977.19,0,,,,,,,,,,,,,,,,,,,,,,,,,0,,0
76490,06/05/2013 11:44,5,219,,,219,60148,2,3,1,2.2,0.0095,4.13,32,59,0,2518,2,38,2,0,1,1,,207.8,1,,,,,,,,,,,,,,,,,,,,,,,,,0,,0
37723,16/06/2013 09:46,15,55,,,55,8346,4,4,1,0.69,0.0165,0,20,274.85,0,24752,2,4,2,0,1,1,,,0,,,,,,,,,,,,,0,0,,0,0,,0,0,,,,,0,,0
289981,10/05/2013 14:59,12,99,,,98,89643,4,4.5,1,4.28,0.014,5.1,14,97.43,1,24731,1,39,2,0,1,0,,,0,,,,,,,-1,0,15,-1,0,15,-1,0,15,,,,,,,,,,0,,0
37301,21/11/2012 19:37,32,220,,,216,83658,2,2,0,3.71,0.2087,4.64,19,110.95,0,9713,2,21,2,0,1,0,,,1,,,,,,,,,,0,0,,0,0,,,,,,,,,,,0,,0
531954,23/06/2013 19:30,5,219,,,219,64602,3,4.5,1,1.79,0.0019,0,29,71,1,26067,6,79,1,0,1,0,,,1,,,,,,,,,,,,,,,,,,,,,,,,,0,,0
69884,01/03/2013 19:24,24,216,,,92,99788,3,4,1,4.56,0.1489,5.55,18,126.03,0,16617,2,90,2,1,1,1,,,1,,,,,,,,,,,,,,,,,,,,,,,,,0,,0
523657,11/01/2013 16:49,5,219,,,129,1503,4,4.5,1,2.08,0.01,4.87,27,179,1,16076,2,23,4,0,2,0,,5128.91,0,,,,,,,,,,,,,,,,,,,0,0,,,,,0,,0
223388,28/01/2013 13:20,15,55,,,219,106819,5,5,1,4.23,0.0135,6.21,8,491.21,0,5143,3,64,2,0,1,0,,,0,,,,,,,,,,0,0,,0,0,,,,,,,,0,0,,0,,0
566593,19/05/2013 19:51,5,2,,,59,47080,3,4,1,4.29,,4.38,29,55,0,14957,3,10,2,1,1,0,,,0,,,,,1,,1,0,19,,,,0,0,,,,,,,,,,,0,,0
378450,13/03/2013 10:05,5,219,,,219,73937,3,4.5,1,2.3,0.2231,4.54,8,90,0,2716,1,12,1,2,1,0,,893.36,0,,,,,,,1,0,25,,,,0,0,24,,,,,,,1,0,24,0,,0
242631,09/01/2013 23:01,5,219,,,219,57023,4,4.5,1,3.37,0.0598,5.47,7,180,1,4335,1,5,2,1,1,0,,85.24,0,,,,0,0,,0,0,,,,,,,,,,,,,,0,0,,0,,0
153035,26/05/2013 10:59,5,219,,,219,135431,3,4.5,1,2.48,0.3033,4.73,7,89,0,25723,1,0,6,1,3,0,,80.53,0,,,,0,0,,0,0,,,,,0,0,,,,,,,,0,0,,0,,0
69624,14/03/2013 17:11,5,219,,,219,139545,0,4.5,0,1.79,0.0779,4.84,30,114,0,25567,2,1,1,1,1,1,,,0,,,,,,,,,,,,,,,,,,,,,,,,,0,,0
180361,06/04/2013 17:30,5,219,,,219,102398,4,4.5,1,3.5,0.249,5.32,10,199,0,17582,2,0,1,0,1,1,,2.99,1,,,,0,0,,,-1,,,,,,1,,,,,,,,0,0,10,0,,0
87522,21/02/2013 22:29,32,220,,,220,16801,3,3.5,0,1.61,,4.66,27,55.33,0,19553,2,1,2,0,1,1,,1217.25,1,,,,,,,,,,,,,,,,,,,,,,,,,0,,0
57250,09/12/2012 17:20,5,219,,,219,84316,4,4.5,1,3.66,0.0749,5.06,30,76,1,11381,1,15,2,0,1,0,,343.14,0,,,,0,0,,0,0,,,,,,,,,,,,,,0,0,,0,,0
346540,05/12/2012 17:48,5,219,,,219,31437,2,2.5,0,2.3,0.0118,4.44,24,60,0,12193,1,5,2,0,1,0,,19.47,0,,,,1,0,11,0,0,,,,,-1,0,8,,,,,,,-1,0,8,0,,0
96788,06/02/2013 16:06,5,219,,,219,23121,3,4,1,1.61,,4.58,19,90,0,1800,1,29,1,1,1,1,,66.11,0,,,,,,,,,,,,,,,,,,,,,,,,,0,,0
396410,25/04/2013 23:37,31,219,,,219,81460,3,4,1,2.3,0.0658,4.5,29,83,0,24120,1,5,2,0,1,0,,1338.72,0,,,,,,,0,0,,,,,0,0,,,,,,,,0,0,,0,,0
580867,08/11/2012 20:14,18,129,,,35,8207,3,4.5,0,0.69,,4.76,20,70.12,0,24817,2,34,2,0,1,0,,5976.79,0,,,,,,,,,,,,,,,,,,,,,,,,,0,,0
188212,19/11/2012 17:47,5,117,3.1,124.56,219,17453,4,4,1,2.64,0.0271,5.14,2,203,0,23666,3,55,1,0,8,0,,,1,,,,,,,,,,,,,0,0,,,,,,,,0,0,,0,,0
430510,05/05/2013 16:53,5,219,,,219,83442,3,4,1,3.22,0.1103,5.09,1,149,0,27608,1,6,2,0,1,1,-10.0311,105.02,1,,,,0,0,,0,0,,,,,,,,,,,,,,-1,0,13,0,,0
167699,22/03/2013 23:18,24,216,,,39,87788,5,4.5,1,4.06,0.0949,6.21,7,348.93,0,15122,2,1,2,0,1,1,,,0,,,,,,,0,0,,,,,,0,,,,,,,,,,,0,,0
307162,07/05/2013 09:53,32,220,,,220,135309,0,3,0,3,,4.89,18,285.19,0,13350,1,8,1,0,1,0,,,0,,,,0,0,,,,,0,0,,0,0,,,,,,,,,,,0,,0
226508,13/11/2012 08:40,5,219,,,219,22233,3,4.5,1,1.1,0.165,4.46,1,71,1,21992,2,15,2,0,2,0,,679.37,0,,,,0,0,,,,,,,,1,0,53,,,,,,,0,0,,0,,0
26459,16/04/2013 19:03,5,219,,,219,62336,2,5,1,1.95,,4.66,26,100,0,15265,2,24,2,0,1,1,,110.07,1,,,,,,,,,,,,,,,,,,,,,,,,,0,,0
305181,12/05/2013 19:50,5,219,,,56,128220,4,4.5,0,3.47,0.0058,5.08,29,107,0,16170,4,114,2,0,1,0,,6038.7,1,,,,,,,,,,,,,,,,,,,,,,,,,0,,0
346279,02/05/2013 08:50,5,219,,,219,95629,3,4,1,3.14,0.0884,4.57,18,67,0,13483,2,1,2,1,1,1,,79.89,0,,,,0,0,,0,0,,,,,-1,0,6,,,,,,,-1,0,6,0,,0
178692,30/03/2013 10:32,5,219,,,219,57273,2,3,1,2.64,0.3487,4.33,9,66,0,25427,1,0,2,0,1,1,-26.0196,100.35,0,,,,,,,,,,,,,,,,,,,,,,0,0,,0,,0
518126,06/02/2013 18:05,5,219,,,219,99355,3,3,1,1.61,,4.77,37,80,0,8540,1,2,2,0,1,1,-32.248,,1,,,,0,0,,0,0,,,,,,,,,,,,,,0,0,,0,,0
272898,27/06/2013 00:30,15,55,,,109,77033,5,4,0,1.95,,0,13,329.62,0,12173,7,74,2,0,1,0,,,0,,,,,,,,,,,,,,,,,,,,,,,,,0,,0
254377,13/04/2013 22:24,5,219,,,100,59204,2,3.5,1,4.33,0.1841,4.61,16,79,0,6948,2,57,2,2,1,0,,2251.44,1,,,,0,0,,,,,,,,,1,,,,,,,,,1,,0,,0
416988,07/01/2013 18:01,5,219,,,219,129595,3,4.5,1,1.61,,4.82,27,110,0,19447,5,3,2,0,1,0,-37.6303,,0,,,,0,0,,0,0,,,,,,,,,,,,,,0,0,,0,,0
543479,02/01/2013 17:12,5,219,,,99,107355,4,4,1,4.43,0.0666,5.38,31,144,0,4440,3,11,2,0,1,0,,5845.24,0,,,,,,,,,,,,,0,0,,1,0,2,1,0,2,,,,0,,0
374399,26/04/2013 12:15,5,219,,,219,130423,3,4,1,0.69,,4.45,13,89,1,25798,1,1,4,0,1,1,,26.41,1,,,,,,,,1,,,,,0,0,,,,,,,,0,0,,0,,0
471879,25/03/2013 06:19,5,219,,,219,85491,3,3.5,1,3.64,0.2271,5.72,6,209,0,4138,3,7,2,0,1,0,,61.9,1,,,,0,0,,0,0,,,,,0,0,,,,,,,,0,0,,0,,0
521454,21/02/2013 23:17,5,219,,,219,114955,3,4.5,1,0,,4.83,20,179,0,4799,2,1,2,1,1,1,,382.8,1,,,,,,,,,,,,,,0,,,,,,,,-1,0,7,0,,0
128380,08/03/2013 12:19,32,32,,,219,39341,4,4,1,2.48,0.0014,5.97,29,428.91,0,23246,1,96,4,0,2,0,,5889.79,1,,,,,,,,,,,,,,,,,,,,,,,,,0,,0
505883,21/05/2013 23:17,5,219,,,219,117294,5,5,1,3.37,0.0615,5.98,20,539,0,8192,1,29,2,0,1,0,,256.86,1,,,,,,,0,0,,,,,,1,,,,,,,,0,0,,0,,0
122348,06/01/2013 03:55,24,216,,,50,24341,3,0,0,2.83,0.0028,4.65,4,155.97,0,874,3,32,1,0,1,1,,,0,,,,,,,,,,,,,-1,0,17,,,,,,,,,,1,314.88,1
451402,13/02/2013 19:08,32,220,,,219,23268,4,3.5,0,5.79,0.183,5.59,16,351.59,0,4562,5,93,2,0,1,0,,10364.67,0,,,,,,,,,,,,,0,0,,,,,,,,0,0,,0,,0
455012,28/05/2013 13:01,24,216,,,99,84318,4,4,0,5.07,0.1954,5.65,1,236.36,1,4440,3,78,2,0,1,0,,,0,,,,,,,,,,,,,,,,,,,,,,,,,0,,0
234166,14/04/2013 19:34,12,99,,,216,55083,4,4.5,1,2.3,0.0623,5.17,25,99.67,0,15652,8,105,3,0,2,0,,,1,,,,,,,,,,,,,,,,,,,,,,,,,0,,0
505327,04/06/2013 10:28,5,184,,,80,27357,4,4.5,1,3,0.1003,0,7,159,0,6726,1,20,1,0,1,0,,,0,,,,,,,,,,,,,0,0,,,,,,,,,,,0,,0
556405,07/02/2013 18:50,5,219,,,18,126778,3,0,1,0,0.0001,4.98,20,104,0,6695,7,321,2,0,1,0,,1570.06,1,,,,,,,,,,,,,,,,,,,,,,,,,0,,0
18711,18/03/2013 16:31,5,219,,,219,92181,2,3,0,2.83,0.165,4.76,18,79,0,24002,3,21,2,0,1,0,,2418.31,1,,,,,,,,,,,,,,,,,,,,,,-1,0,8,0,,0
110794,21/01/2013 22:17,5,219,,,219,94581,3,4,1,1.1,0.0575,4.38,33,72,0,23452,1,5,4,0,2,1,,,0,,,,-1,0,53,-1,0,52,,,,,,,,,,,,,-1,0,57,0,,0
140120,26/04/2013 12:54,24,216,,,31,54302,4,4,0,2.08,0.0375,5.17,2,217.63,0,5146,3,34,2,0,1,1,,,0,,,,,,,,,,,,,,,,,,,,,,,,,0,,0
377374,19/03/2013 17:16,27,138,,,129,101392,4,4.5,1,4.49,0.1036,4.69,29,114.59,1,2290,3,9,2,0,1,1,,,0,0,0,,,,,,,,,,,0,0,,0,0,,0,0,,,,,0,,0
426049,28/03/2013 14:12,5,219,,,219,66893,3,4.5,1,2.4,0.0373,4.87,21,111,0,6443,2,35,3,0,1,1,,690.41,0,,,,,,,,,,,,,1,0,16,,,,,,,,,,0,,0
404070,18/04/2013 10:36,5,219,,,219,34382,2,3.5,1,1.95,0.2058,4.25,12,70,0,14014,1,6,1,0,1,0,,953.83,0,,,,0,0,,,,,,,,,,,,,,,,,,,,0,,0
270321,19/05/2013 08:57,24,216,,,73,75068,1,4.5,0,4.83,0.3205,4.59,10,70.23,0,50,2,35,1,0,1,0,,,0,,,,,,,,,,,,,0,0,,1,0,4,0,0,,,,,0,,0
420332,13/02/2013 14:28,5,219,,,219,67080,2,2.5,1,3.58,0.0035,3.94,25,29,1,8347,7,122,2,0,1,0,,191.99,1,,,,,,,,,,,,,,,,,,,,,,,,,0,,0
320217,29/04/2013 19:09,5,219,,,219,79740,4,4,0,5.9,0.1151,5.82,20,375,0,4562,1,19,2,0,1,1,,83.8,0,,,,,,,,,,,,,,,,,,,,,,,,,0,,0
504994,23/06/2013 10:08,15,55,,,145,138644,4,3.5,0,3.69,0.3108,0,3,141.84,1,10315,4,35,2,0,1,0,,,0,,,,,,,,,,,,,,,,,,,,,,,,,0,,0
279174,22/04/2013 14:44,5,219,,,219,4164,3,4.5,1,3.18,0.154,4.68,2,93,0,3233,2,13,2,0,1,0,,400.18,0,,,,0,0,,0,0,,,,,,,,,,,,,,0,0,,0,,0
70331,04/06/2013 14:43,15,55,,,215,38850,3,4,1,1.61,0.001,0,16,61.25,1,2303,3,28,2,1,1,0,,,1,,,,,,,,,,,,,,,,,,,,,,,,,0,,0
531868,28/01/2013 11:53,29,132,,,41,119821,4,4,0,3.93,0.0244,4.62,13,68.62,0,21764,2,9,2,0,2,0,,,0,,,,,,,,,,,,,0,0,,,,,,,,,,,0,,0
185890,19/03/2013 17:38,29,78,,,132,130255,3,0,0,2.56,,4.6,13,90.18,0,21078,1,51,2,0,1,1,,,0,,,,,,,,,,,,,,,,,,,,,,,,,0,,0
172959,16/06/2013 22:24,5,219,,,219,81048,2,0,0,3.33,0.0876,0,28,69,0,23649,2,22,2,0,1,0,,2320.31,0,,,,,,,,,,,,,,,,,,,,,,,,,0,,0
390830,11/03/2013 07:49,5,219,,,219,32798,3,4,0,5.16,0.8213,5.21,28,124,0,25556,2,20,2,0,1,0,,2565.71,0,,,,,,,,,,,,,0,0,15,,,,,,,0,0,9,0,,0
383822,17/01/2013 09:29,5,219,,,219,111554,3,4.5,0,3.81,0.2562,5.59,6,300,0,7897,6,66,2,2,1,0,,1096.8,1,,,,,,,,,,,,,,,,,,,,,,,,,0,,0
207491,09/03/2013 12:47,15,55,,,33,48644,0,0,0,3.99,0.2077,6.21,22,234.33,0,20313,5,55,3,0,1,0,,,0,,,,,,,,,,,,,,,,,,,,,,,,,0,,0
354281,28/05/2013 06:29,5,154,,,220,30209,5,4,1,3.69,0.0195,5.24,30,112,1,22043,4,19,1,0,1,0,,,0,,,,0,0,,,,,,1,,0,0,,,,,,,,,,,0,,0
50616,15/04/2013 17:22,5,219,,,219,42643,3,4,1,3.64,,5.11,31,122,0,10252,4,7,1,0,1,0,,1285.94,0,,,,0,0,,0,0,,,,,,,,,,,,,,0,0,,0,,0
418276,01/04/2013 15:16,5,219,,,219,13992,4,4.5,1,2.2,0.0337,5.25,20,149,0,22134,1,0,2,0,1,0,,,0,,,,,,,0,0,,,,,0,0,,,,,,,,0,0,,0,,0
44549,14/03/2013 18:42,5,59,,,219,4610,4,4.5,1,3,0.0063,5.68,21,262,0,3073,4,11,2,2,1,0,,,1,,,,,,,1,0,18,,,,,,,,,,,,,0,0,,0,,0
502149,19/03/2013 09:52,5,219,,,219,71759,2,3.5,1,1.61,,4.21,30,75,0,19965,1,95,2,0,1,1,,13.95,0,,,,0,0,,,,,,,,,,,,,,,,,,,,0,,0
234608,28/05/2013 15:12,19,158,,,98,28871,4,0,0,1.39,0.0287,4.81,1,93.24,0,698,3,188,2,0,1,0,,,1,,,,,,,,,,,,,,,,,,,,,,,,,0,,0
198065,22/01/2013 15:56,5,219,,,219,134966,4,4.5,1,3.47,0.0781,5.2,6,125,1,13539,2,1,2,0,1,0,,531.53,0,,,,1,0,86,,,,,,,,,,,,,,,,,,,0,,0
380231,21/06/2013 19:09,5,219,,,219,131253,2,2,1,1.1,,0,29,80,0,11228,1,9,2,1,1,0,-17.8702,93.25,0,,,,,,,0,0,,,,,,,,,,,,,,0,0,,0,,0
500838,25/11/2012 13:33,5,219,,,219,44857,2,3.5,1,2.83,0.0436,4.09,32,47,0,25142,1,3,2,0,1,0,,87.13,1,,,,0,0,,0,0,,,,,,,,,,,,,,0,0,,0,,0
230683,02/04/2013 08:16,5,219,,,219,27911,4,4.5,1,3.83,0.5136,5.6,9,269,0,13013,1,9,2,0,1,1,,176.99,0,,,,0,0,,0,0,,,,,0,0,,,,,,,,0,0,3,0,,0
596781,03/06/2013 20:27,5,80,,,219,91645,2,3,1,2.3,0.0023,0,16,56,0,8347,7,56,3,2,1,0,,,0,,,,-1,0,15,,,,,,,1,0,8,,,,,,,,,,0,,0
513874,26/01/2013 00:21,5,219,,,219,50879,2,3.5,1,3.14,0.1723,4.85,19,70,0,19901,1,0,2,0,1,1,,35.74,0,,,,0,0,,0,0,,,,,-1,0,10,,,,,,,-1,0,10,0,,0
384158,15/03/2013 14:33,15,55,,,219,106819,5,5,1,4.23,0.0119,6.21,29,534.99,1,4562,4,130,2,0,1,0,,,0,,,,,,,,,,,,,,,,,,,,,,,,,0,,0
168652,08/02/2013 10:22,5,219,,,219,47102,4,4,1,2.64,,4.96,21,164,0,12736,2,4,1,0,1,0,,350.15,0,,,,0,0,,0,0,240,,1,,,,,,,,,,,0,0,,0,,0
511750,26/02/2013 18:30,5,219,,,219,6642,3,4,0,2.89,0.3133,4.99,7,139,0,19357,3,25,2,2,1,1,,470.04,1,,,,,1,,,1,,,,,,1,,,,,,,,,1,,1,,0
76949,05/04/2013 17:08,32,220,,,220,101971,4,3.5,0,4.73,0.2705,5.25,18,156.77,1,17818,2,0,2,0,1,1,,439.02,0,,,,-1,0,10,,,,,,,0,0,,,,,,,,,,,0,,0
553296,26/06/2013 04:57,14,219,,,219,77957,3,4,1,0.69,0.0281,0,2,149.95,0,14194,1,2,2,2,1,1,,213.24,0,,,,,,,,,,,,,,,,,,,,,,,,,0,,0
151986,23/06/2013 16:31,5,219,,,219,90170,2,3,1,3,0.0101,0,18,59,0,6346,2,56,2,0,1,0,,164.55,1,,,,0,0,,,,,,,,-1,0,17,,,,,,,,,,0,,0
288778,04/06/2013 14:59,23,181,,,129,42924,3,4,0,2.08,,0,32,586.38,0,21708,1,7,2,0,2,0,,,0,,,,,,,,,,,,,,1,,,,,-1,0,77,,,,0,,0
439169,26/05/2013 19:53,7,100,,,219,98856,3,4,1,1.79,,4.44,6,84.32,0,9166,9,5,2,0,1,0,,177.66,1,,,,,1,,0,0,,,,,,,,,,,,,,0,0,,0,,0
258884,04/11/2012 18:42,5,219,,,219,1021,3,4.5,1,3.78,0.0337,4.97,13,109,0,7971,2,12,2,0,1,1,,,0,,,,0,0,,0,0,,,,,0,0,,,,,,,,0,0,,0,,0
567824,29/05/2013 11:06,32,220,,,55,93055,3,3.5,0,5.51,0.0652,5.07,13,129.09,0,10979,5,103,1,1,2,0,,10281.53,0,,,,,,,,,,,,,,,,,,,,,,,,,0,,0
310270,08/03/2013 16:12,32,220,,,219,87673,2,3,0,4.65,,5.01,36,108.51,0,4447,14,300,2,2,1,0,,5523.41,1,,,,,,,,,,,,,,,,,,,,,,,,,0,,0
20645,26/03/2013 16:18,32,220,4.28,448.67,109,110814,2,5,0,3.33,0.1753,4.98,6,121.62,0,6183,2,120,5,0,2,0,,9189.86,0,,,,,,,,,,,,,,,,,,,,,,,,,0,,0
308990,17/01/2013 05:54,14,100,,,219,18475,3,4.5,1,1.1,0.0067,4.95,31,144.05,0,13066,1,5,1,0,1,0,,1302.23,0,,,,,,,,,,,,,,1,,,,,,,,,,,0,,0
289434,24/05/2013 09:35,5,219,,,219,80877,2,3,1,2.89,0.0164,4.72,26,90,0,13215,1,7,2,0,1,1,-17.5834,120.41,0,,,,0,0,,0,0,,,,,,,,,,,,,,0,0,,0,,0
385416,03/04/2013 19:54,15,55,,,137,39487,3,3.5,0,4.32,0.2954,5.06,19,119.52,0,1151,9,30,2,0,1,0,,,1,,,,,,,,,,,,,0,0,,,,,,,,,,,0,,0
373306,26/12/2012 19:16,15,55,,,99,68488,5,4,1,3.3,0.0043,5.24,30,248.51,0,3544,4,6,2,2,1,0,,,1,,,,,,,,,,,,,0,0,,1,0,35,0,0,,,,,0,,0
8561,05/04/2013 04:17,5,219,,,219,112239,3,3.5,1,3.09,0.2011,4.71,4,117,0,25017,1,1,1,2,1,1,,279.6,0,,,,0,0,,0,0,,,,,0,0,,,,,,,,0,0,,0,,0
349115,25/06/2013 21:27,5,59,,,59,81259,3,0,0,2.48,0.0246,0,29,2975,1,5454,4,25,3,2,2,1,,,0,,,,,,,,,,,,,,,,,,,,,,,,,0,,0
380567,27/03/2013 06:13,5,219,,,32,50935,4,5,0,3.18,,5.78,3,305,0,17757,3,96,3,1,2,0,-25.8033,4861.48,0,,,,,,,,,,,,,,,,,,,,,,,,,1,1898.46,1
24732,23/01/2013 19:52,5,219,,,219,102683,3,4.5,1,0,0.0028,5.21,28,98,0,67,1,2,2,0,1,1,,63.71,0,,,,0,0,,0,0,,,,,,,,,,,,,,0,0,,0,,0
301928,16/02/2013 14:45,5,219,,,219,25318,3,3.5,1,1.61,0.0252,4.63,14,83,0,5665,1,2,1,0,1,0,,116.7,0,,,,0,0,,0,0,,,,,,,,,,,,,,0,0,,0,,0
135858,01/06/2013 14:24,15,55,,,215,3656,4,4,1,6.01,0.1288,5.21,13,139.84,0,22040,2,6,2,0,1,1,,,0,,,,,,,,,,,,,0,0,,1,0,10,,,,,,,0,,0
251337,18/01/2013 23:58,15,4,,,99,15604,3,4,1,2.08,0.025,4.82,34,103.14,0,3544,4,15,2,0,1,1,,,1,,,,,,,,,,,,,-1,0,15,-1,0,8,-1,0,8,,,,0,,0
100649,28/05/2013 23:43,5,219,4,106.84,145,44289,4,3.5,0,3.91,,4.81,22,142,0,26106,1,15,1,0,1,0,,4598.1,0,,,,,,,,,,0,0,,1,0,10,,,,,,,,,,0,,0
381046,28/05/2013 15:54,15,55,3.37,125.4,55,93334,5,4.5,0,4.67,0.1725,5.58,1,207.55,0,19213,4,6,1,0,1,0,,,0,,,,,,,,,,,,,0,0,,,,,,,,,,,0,,0
152070,05/05/2013 18:49,5,219,,,219,40983,3,4,1,2.64,0.0927,5.14,9,129,0,25365,1,20,2,0,1,1,-15.9426,,0,,,,,,,,,,,,,,,,,,,,,,,,,0,,0
357082,13/12/2012 13:58,5,219,,,219,64012,3,3.5,1,2.48,0.2125,4.94,29,95,0,280,1,1,2,0,1,1,,281.48,0,,,,0,0,,0,0,,,,,-1,0,6,,,,,,,-1,0,6,0,,0
249872,23/04/2013 20:02,32,220,,,99,101499,3,4,0,2.48,0.1547,4.72,3,85.15,0,25453,2,25,2,1,1,1,,10348.13,0,,,,,,,,,,,,,,,,,,,,,,,,,0,,0
606193,28/04/2013 15:29,5,219,,,219,97121,2,3,0,2.4,0.0818,4.43,1,200,0,25335,1,27,2,2,1,1,,294.7,0,,,,-1,0,46,-1,0,46,,,,-1,0,46,,,,,,,-1,0,46,0,,0
213779,09/03/2013 18:40,14,219,,,99,104255,0,3.5,1,2.56,0.559,5.11,1,78.74,1,4727,1,79,1,0,1,0,,4728.05,1,,,,,,,,,,,,,1,0,11,,,,0,0,,,,,0,,0
405704,13/05/2013 15:16,5,219,,,219,137006,3,5,1,1.79,0.1742,4.84,3,129,0,3497,1,2,1,0,1,0,,201.12,0,,,,0,0,,0,0,,,,,,1,,,,,,,,0,0,,0,,0
575955,15/11/2012 16:02,5,219,,,18,111785,3,3.5,0,2.08,0.0059,5.32,26,63,0,2319,4,5,2,0,1,0,,1386.26,1,,,,,,,,,,,,,,-1,,,,,,,,,,,0,,0
288493,10/05/2013 11:19,16,31,,,109,129077,2,0,0,4.11,,3.89,7,41.57,0,4358,3,44,4,0,3,0,,,0,,,,,,,,,,,,,,,,,,,,,,,,,0,,0
558036,16/12/2012 20:32,24,216,,,55,27005,3,3.5,0,1.61,0.0002,5.06,7,140.17,0,10979,1,9,2,0,1,0,,,1,,,,,,,,,,,,,0,0,,,,,1,0,10,,,,0,,0
19817,11/01/2013 17:20,14,100,,,100,61720,3,3,0,3.97,,4.52,18,48.74,1,10959,3,31,1,1,1,0,,555.27,0,,,,1,0,26,,,,,,,1,0,33,,,,,,,1,0,33,0,,0
520728,10/01/2013 21:37,18,129,,,129,52401,2,4,0,1.61,0.0072,4.71,28,159.26,0,22417,1,23,3,0,1,1,,232.88,0,,,,,,,,,,,,,,,,1,0,2,1,0,2,,,,0,,0
102739,03/02/2013 08:15,5,219,,,219,74921,2,3.5,1,3.97,0.3827,5.03,15,84,0,12452,2,12,2,0,1,1,,176.98,1,,,,-1,0,14,-1,0,24,,,,-1,0,14,,,,,,,-1,0,14,0,,0
327746,14/02/2013 10:17,5,219,,,219,38161,4,4,1,2.71,0.0525,5.63,2,175,0,2518,2,71,2,0,1,1,-15.2023,330.35,0,,,,0,0,,,,,,,,0,0,,,,,,,,,,,0,,0
450729,25/04/2013 23:16,5,219,,,219,71338,2,3,1,2.3,0.0389,4.96,29,99,0,4075,1,7,2,0,1,1,,1105.74,0,,,,0,0,,,,,,,,0,0,,,,,,,,0,0,,0,,0
23926,18/04/2013 21:26,5,219,,,219,88462,0,5,0,2.48,0.2054,5.06,12,219,0,25231,2,92,2,0,1,1,,2591.68,0,,,,,,,,,,,,,,,,,,,,,,,,,0,,0
359222,19/06/2013 14:50,5,219,,,219,85236,3,4,1,2.4,,0,13,99,0,9391,1,9,2,0,1,1,,261.44,0,,,,,,,,,,,,,,,,,,,,,,0,0,,0,,0
196859,23/12/2012 19:57,5,219,,,219,21027,3,5,1,2.08,0.0365,4.92,31,105,0,6783,1,5,2,2,1,1,,467.68,0,,,,,,,-1,0,4,,,,-1,0,4,,,,,,,-1,0,4,0,,0
288882,19/01/2013 11:57,5,178,,,99,125463,3,4.5,0,2.48,0.0378,5.07,20,144,0,3544,5,97,4,2,2,0,,,1,,,,,,,,,,,,,,,,,,,,,,,,,0,,0
36943,17/04/2013 21:40,14,100,,,100,94927,2,3,0,2.56,0.2041,5.06,7,110.07,0,7161,2,2,3,1,1,1,,,0,,,,,,,,,,,,,1,0,87,,,,,,,,,,0,,0
301216,18/03/2013 20:06,22,92,,,81,78294,5,4,0,0,0.0019,6.21,18,495.12,0,19435,4,14,1,0,1,0,,,1,,,,,,,,,,,,,,,,,,,,,,,,,0,,0
199208,19/11/2012 15:03,15,55,2.78,80.49,55,26012,3,3.5,1,0.69,,4.65,12,87.5,0,4520,1,13,2,2,1,0,,,0,,,,,,,,,,,,,,,,,,,,,,,,,0,,0
74515,20/05/2013 09:18,5,219,,,219,17633,4,4,1,5.86,0.0935,5.96,21,539,0,4562,3,140,2,0,1,0,,87.7,1,,,,,,,,,,,,,,,,,,,,,,,,,0,,0
485542,29/03/2013 05:06,5,219,,,219,123157,4,4,0,3.22,0.063,5.18,3,239,0,24131,1,0,2,7,2,1,,117.64,0,,,,,,,,,,,,,,,,,,,,,,,,,0,,0
63391,26/04/2013 19:49,5,219,,,219,88553,3,4.5,1,4.54,0.3636,5.63,21,199,0,17759,2,31,2,0,1,0,,218.34,1,,,,0,0,,0,0,,,,,,1,,,,,,,,0,0,,0,,0
309087,18/03/2013 18:31,5,219,,,219,76416,3,4.5,0,2.89,0.3247,4.98,1,139,0,26912,1,4,2,4,1,1,-6.6443,80.76,0,,,,,,,,,,,,,,,,,,,,,,,,,0,,0
356693,30/04/2013 19:49,19,158,,,158,47633,3,3,0,4.47,0.3008,4.15,7,27.88,0,21489,3,37,2,0,1,1,,,0,,,,,,,,,,,,,,,,,,,,,,,,,0,,0
387066,17/06/2013 15:28,5,72,,,59,112608,3,4,0,0,0.0068,0,35,83,0,16576,9,30,3,0,1,0,,392.62,0,,,,,,,,,,,,,1,0,3,,,,,,,,,,0,,0
481636,08/06/2013 11:36,14,100,,,100,139172,2,3.5,0,1.79,0.3827,0,2,116.7,1,7950,3,0,2,1,1,1,,9.78,0,,,,,,,,,,,,,1,0,23,,,,,,,1,0,23,0,,0
507319,14/06/2013 22:50,24,216,3.58,91.69,219,131892,4,4,1,4.25,0.2474,0,26,137.2,0,8192,3,140,1,0,1,1,,,0,,,,,,,,,,,,,,,,,,,,,,,,,0,,0
388690,27/01/2013 16:38,32,220,,,39,42570,4,4.5,1,4.42,0.0227,5.68,28,192.85,0,15122,2,6,3,0,1,1,,3764.51,1,,,,0,0,,0,0,11,0,0,,0,0,,,,,,,,,,,0,,0
384059,17/03/2013 17:27,5,219,,,219,77089,3,3.5,1,3.99,0.2896,4.93,3,86,1,8192,1,23,3,2,2,0,,238.41,0,,,,0,0,27,0,0,16,,,,0,0,27,,,,,,,0,0,,0,,0
57572,30/05/2013 15:45,5,219,,,219,31655,4,4,1,2.94,0.0966,5.48,10,152,0,14043,1,0,1,1,1,1,,,1,,,,0,0,,0,0,,,,,,1,,,,,,,,0,0,,0,,0
63485,08/03/2013 05:15,5,219,,,219,45242,2,3.5,1,4.06,0.2897,4.21,16,80,0,5098,1,0,3,0,1,1,,159.15,0,,,,0,0,,0,0,,,,,,,,,,,,,,0,0,,0,,0
408118,17/04/2013 07:27,5,219,,,219,24066,3,4.5,1,1.39,0.0116,5.06,21,99,0,13233,1,2,2,0,1,1,,,0,,,,0,0,,,,,,,,,,,,,,,,,,,,0,,0
128862,23/03/2013 14:47,5,219,,,219,23336,3,4.5,1,2.4,0.0121,5.13,21,99,0,16888,2,6,2,0,1,1,,67.64,0,,,,0,0,,0,0,,,,,0,0,,,,,,,,0,0,,0,,0
483351,14/06/2013 09:50,5,219,,,219,12749,3,0,1,1.79,,0,1,199,0,26065,5,2,2,0,1,0,,4.35,0,,,,,,,0,0,,,,,0,0,,,,,,,,0,0,,0,,0
246298,23/03/2013 12:15,5,219,,,55,52494,3,4,0,4.68,0.007,4.94,28,217,0,24752,2,28,3,0,1,1,,5152.55,1,,,,,,,,,,,,,,,,,,,,,,,,,0,,0
78981,28/03/2013 16:03,15,55,,,55,3386,4,4.5,0,0,0.0004,5.51,34,171.68,0,9037,1,17,2,0,2,0,,,0,,,,,,,,,,,,,,,,,,,,,,,,,0,,0
63590,12/03/2013 21:29,5,219,,,219,34304,2,3,1,2.77,0.0278,4.5,26,89,0,1866,1,9,2,0,1,1,,343.22,1,,,,,,,0,1,,,,,,,,,,,,,,0,0,,0,,0
69157,10/05/2013 18:31,5,219,,,219,74192,2,3,1,0,,4.22,33,50,0,104,1,23,2,1,1,0,-17.4611,72.08,0,,,,,,,,,,,,,,,,,,,,,,,,,0,,0
144887,20/05/2013 10:46,5,219,,,219,31314,3,5,1,1.39,0.0013,4.98,18,169,0,20392,2,5,2,0,1,1,,59.31,0,,,,,,,0,0,,,,,,,,,,,,,,0,0,,0,,0
96825,03/03/2013 19:32,5,219,,,219,4765,3,4,1,2.71,0.1083,4.67,34,62,1,9975,4,13,2,0,1,1,,53.69,1,,,,0,0,,,,,,,,0,0,,,,,,,,0,0,,0,,0
408296,13/12/2012 21:27,5,219,,,219,24345,3,3.5,0,3.22,,4.88,37,98,1,27131,1,1,2,0,1,1,,326.45,1,,,,0,0,18,1,0,10,,,,-1,0,10,,,,,,,-1,0,10,0,,0
545462,22/03/2013 21:25,15,55,,,55,60452,3,4.5,0,1.39,,4.54,19,70.06,0,9602,1,37,2,0,1,0,,,1,,,,,,,,,,,,,,,,,,,,,,,,,0,,0
156459,28/04/2013 10:14,14,100,,,100,51546,3,4.5,0,3.53,0.3199,4.81,26,195.73,1,18948,2,26,2,1,1,1,,103.96,1,,,,1,0,10,,,,,,,0,0,,,,,,,,0,0,,0,,0
243586,20/05/2013 13:08,5,41,,,55,50206,3,2.5,0,5.34,0.0047,5.39,20,227,0,10979,1,4,1,1,1,1,,,0,,,,,,,,,,,,,0,0,18,,,,,1,,,,,0,,0
499498,01/06/2013 22:43,5,219,,,219,90253,3,4,1,1.95,0.0281,5.01,34,159,0,14506,2,1,2,0,1,0,,1330.18,0,,,,,,,,,,,,,,,,,,,,,,,,,0,,0
432447,04/06/2013 20:38,5,219,,,219,51990,3,3.5,1,2.08,0.1071,0,13,94,0,11395,4,8,2,0,2,0,,176.72,1,,,,,,,,,,,,,,,,,,,,,,,,,0,,0
539756,19/01/2013 22:25,24,216,,,216,62292,4,0,0,0.69,,5.19,7,201.8,0,27556,1,41,4,0,2,1,,,1,,,,,,,,,,,,,0,0,,,,,,,,,,,1,,0
64747,06/12/2012 09:18,4,50,,,31,2951,4,4,1,1.61,0.1571,4.91,1,84.72,0,27086,1,2,2,0,1,1,-12.3454,,0,,,,,,,,,,,,,0,0,,,,,0,0,10,0,0,,0,,0
41637,15/11/2012 14:42,5,219,,,219,102623,2,1.5,1,2.3,0.0387,4.57,22,46,0,19994,2,1,1,0,1,1,,,0,,,,,1,,-1,0,2,,,,-1,0,13,,,,,,,-1,0,13,0,,0
189050,23/11/2012 23:49,5,219,,,219,8345,0,3.5,0,4.45,,5.31,27,209,0,17899,1,1,2,0,1,1,-26.655,130.22,0,,,,,,,,,,,,,,,,,,,,,,,1,,0,,0
37526,01/04/2013 16:25,5,219,,,219,117624,3,4.5,1,2.4,0.0022,5.26,9,124,0,7714,5,73,2,0,1,0,,1377.56,0,,,,,,,,,,,,,0,0,,,,,,,,,,,0,,0
188089,01/03/2013 11:02,19,158,,,214,140215,5,3.5,0,1.1,0.0083,5.66,26,241.18,0,17579,1,5,1,1,2,0,,,0,,,,,,,,,,,,,,,,,,,,,,,,,0,,0
146828,11/02/2013 16:01,5,219,,,219,79392,4,3.5,1,0,,4.97,32,132,0,24714,2,52,2,0,1,1,,221.4,1,,,,,,,,,,,,,,,,,,,,,,,,,0,,0
3561,29/01/2013 18:27,14,100,,,219,97286,3,3,1,2.48,0.0195,5.17,28,121.89,0,2906,3,23,2,0,1,1,,338.63,0,,,,0,0,,0,0,,,,,1,0,7,,,,,,,0,0,,0,,0
395686,01/06/2013 13:45,18,129,,,219,96940,3,0,1,2.48,,0,19,168.96,0,25479,2,61,3,2,1,1,,4843.41,1,,,,0,0,,,,,,,,0,0,,,,,,,,,,,0,,0
185021,03/12/2012 15:24,5,219,,,219,116211,4,4.5,1,2.3,0.0034,5.51,37,109,1,14081,3,8,2,0,1,0,-23.3326,183.98,0,,,,0,0,,1,0,100,,,,1,1,7,,,,,,,0,0,,0,,0
63810,06/02/2013 18:21,14,100,,,100,97430,3,4.5,1,4.14,0.1448,5.28,21,72.32,0,6948,2,2,2,0,1,1,,314.03,0,,,,,,,,,,,,,-1,1,60,,,,,,,0,0,,0,,0
544980,06/01/2013 15:53,14,100,,,100,44372,4,4.5,0,3.97,0.1536,5.52,9,136.75,0,13927,1,5,2,0,1,1,,235.38,0,,,,,,,,,,,,,0,0,,,,,,,,0,0,,0,,0
319325,29/04/2013 18:00,5,219,,,219,39535,2,3.5,0,2.2,0.2777,5.1,2,99,0,12129,1,7,2,0,1,0,,1985.16,1,,,,,,,,1,,,,,,,,,,,,,,,,,0,,0
493278,11/04/2013 20:32,5,219,,,219,31940,2,2.5,1,1.95,0.0027,4.6,36,56,0,10559,1,43,1,0,1,1,,792.41,0,,,,0,0,,,,,,,,-1,0,6,,,,,,,-1,0,6,0,,0
33387,01/12/2012 11:00,5,219,,,55,91981,5,4.5,0,5.75,0.0217,6.02,15,259,1,10979,5,27,1,0,1,0,,3663.4,0,,,,,,,,,,,,,-1,0,22,,,,,,,,,,0,,0
277944,19/04/2013 12:06,24,216,,,219,125611,3,3.5,1,4.55,0.2653,5.64,19,146.97,1,20319,2,14,2,0,1,1,,,0,,,,0,0,,0,0,,,,,0,0,,,,,,,,0,0,,0,,0
510335,26/06/2013 22:53,34,117,,,219,104317,2,3,1,1.95,0.0477,0,15,75.01,0,10463,2,24,2,0,1,1,,,0,,,,,,,,,,,,,,,,,,,,,,,,,0,,0
288030,10/12/2012 10:09,5,219,,,219,28238,3,4,1,3.14,0.7638,4.55,7,38,0,10343,1,8,3,0,1,0,,147.78,0,,,,0,0,,0,0,,,,,,,,,,,,,,,,,0,,0
511046,19/01/2013 11:12,5,219,,,219,83311,2,4,1,4.43,0.0867,4.1,8,80,0,9975,2,125,2,0,1,1,,1572.04,1,,,,,,,,,,,,,,,,,,,,,,,,,0,,0
253637,16/02/2013 15:59,5,219,,,31,118231,3,4.5,0,2.08,0.5734,5.07,3,87,0,221,1,31,2,0,1,0,,6006.86,0,,,,,,,,,,,,,,,,,,,,,,,,,1,95.41,1
517968,21/11/2012 19:59,5,219,,,219,38911,3,3.5,1,3.09,0.0056,4.94,37,110,0,24280,1,7,4,0,1,0,,83.23,1,,,,,,,,,,,,,,,,,,,,,,,,,0,,0
420209,31/05/2013 21:49,5,219,,,100,22700,5,5,1,4.43,0.2163,6.15,6,331,1,12454,5,50,2,1,1,0,,1863.94,0,,,,0,0,,,,,,,,1,0,6,,,,,,,,,,0,,0
550116,17/06/2013 09:04,16,31,,,129,89169,4,4.5,1,4.16,0.0131,0,3,156.4,0,19968,5,46,2,2,1,0,,477.36,1,0,0,,,,,,,,,,,0,0,,-1,0,8,0,0,,,,,0,,0
380097,05/04/2013 23:06,5,219,,,219,131658,3,3,1,1.39,0.0005,4.24,12,64,0,10737,7,1,1,1,2,0,,863.04,0,,,,0,0,,0,0,,,,,,,,,,,,,,0,0,,0,,0
433181,25/02/2013 18:36,5,219,,,219,75995,3,4,1,2.3,0.1549,4.66,15,100,0,15756,1,2,2,0,1,0,,376.66,0,,,,,,,,,,,,,,,,,,,,,,0,0,,0,,0
213903,01/04/2013 10:57,5,219,,,219,86680,3,3.5,0,0.69,0.0101,4.57,14,87,1,6443,1,84,2,1,1,0,,1367.59,1,,,,,,,,,,,,,,,,,,,,,,,,,0,,0
268701,12/03/2013 09:24,18,129,,,106,70163,3,5,0,3.66,0.0664,5.11,29,215.04,0,18366,2,56,2,0,1,0,,112.69,0,,,,,,,,,,,,,,,,,,,,,,,,,0,,0
247300,30/04/2013 05:51,5,219,,,100,75972,3,4,1,4.32,0.2102,5.21,30,132,0,21871,2,25,2,0,1,1,,436.08,0,,,,0,0,,,,,,,,0,0,,,,,,,,,,,0,,0
168268,01/11/2012 15:53,5,219,,,219,125083,4,4.5,1,3.61,0.0696,5.07,31,170,0,8192,3,21,2,1,1,1,,234.24,1,,,,,,,0,0,,,,,0,0,,,,,,,,0,0,10,0,,0
117935,06/01/2013 18:23,5,219,,,219,106560,4,4.5,1,2.64,,4.71,19,119,0,28320,3,11,1,0,1,1,,525.77,0,,,,-1,0,10,,,,,,,-1,0,10,,,,,,,-1,0,10,0,,0
228857,17/05/2013 10:11,5,219,,,219,47392,3,3.5,0,0.69,0.0079,4.92,12,109,1,23904,3,22,2,2,1,1,,415.96,0,,,,,,,,,,,,,,,,,,,,,,,,,0,,0
457267,27/06/2013 08:33,5,100,,,219,78500,3,3,1,4.16,0.2585,0,30,24,0,8192,2,40,2,0,1,0,,1954.79,0,,,,0,0,,0,0,,,,,,,,,,,,,,,,,0,,0
550694,13/02/2013 21:01,5,219,,,219,6578,4,4,0,4.55,0.0685,5.28,2,94,1,13216,1,2,2,0,1,1,,250.99,0,,,,1,0,5,1,0,5,,,,1,0,5,,,,,,,1,0,5,0,,0
66339,26/02/2013 15:27,5,219,,,219,34977,3,4,1,1.95,0.0362,4.79,32,94,0,6546,1,4,2,2,1,1,,,0,,,,,,,0,0,,,,,0,0,,,,,,,,0,0,,0,,0
392018,14/11/2012 22:22,5,219,,,219,120694,4,4,0,4.29,0.5203,5.45,8,129,0,10424,1,3,6,0,2,1,,147.25,1,,,,,,,,,,,,,,,,,,,,,,0,0,,0,,0
407195,28/02/2013 08:58,31,219,,,219,74397,3,4,1,1.39,0.028,4.64,7,67,1,20583,1,23,2,0,1,1,,,0,,,,0,0,,,,,,,,,,,,,,,,,,,,0,,0
170403,29/03/2013 14:49,18,129,,,219,29927,4,4.5,1,3.64,0.063,5.52,28,392.21,0,6502,3,103,4,2,1,0,,,1,,,,,,,,,,,,,,,,,,,,,,,,,0,,0
353461,23/04/2013 01:21,5,219,,,219,39503,2,2.5,1,2.3,,4.18,26,50,0,11846,1,12,4,0,1,0,-11.1484,1959.73,1,,,,0,0,,0,0,,,,,,,,,,,,,,0,0,,0,,0
459985,06/06/2013 15:37,9,59,4,480.87,59,108641,3,4,0,0,,0,4,244.53,0,3847,1,79,2,0,1,1,,,1,,,,,,,,,,,,,,,,,,,,,,,,,1,,0
85769,10/06/2013 22:05,19,158,,,132,137048,4,4.5,1,0.69,0.003,0,22,295.75,1,1815,3,14,4,0,1,0,,,0,,,,,,,,,,,,,,1,,1,0,6,,1,,,,,0,,0
8855,24/05/2013 18:11,14,100,,,100,95512,4,4,0,4.45,0.2728,5.21,30,146.35,0,12454,2,97,2,0,1,1,,,0,,,,,,,,,,,,,,,,,,,,,,,,,0,,0
287450,03/12/2012 16:55,5,219,,,219,67140,4,4,1,4.16,0.3752,5.36,33,249,0,570,1,1,2,0,1,0,,16.1,0,,,,0,0,,0,0,,,,,0,0,,,,,,,,0,0,,0,,0
170040,07/03/2013 21:39,5,219,,,31,41815,4,4.5,0,1.79,0.4741,4.93,2,126,1,18540,1,70,2,0,1,1,,,1,,,,,,,,,,,,,,,,,,,,,,,,,0,,0
204465,05/05/2013 10:12,5,219,,,219,90258,3,4.5,1,1.95,0.012,5.24,24,123,0,25479,2,23,2,0,1,0,,216.96,0,,,,,,,,,,,,,,,,,,,,,,,,,0,,0
101679,23/03/2013 01:19,5,219,,,219,100742,2,4,1,1.1,0.0015,5.03,29,116,0,7971,3,9,2,2,1,0,,259.42,1,,,,0,0,,0,0,,,,,0,0,,,,,,,,0,0,,0,,0
149034,30/03/2013 23:39,5,219,,,219,58163,4,4,1,4.92,0.6846,6.03,35,306,0,4045,3,41,2,0,1,1,,281.77,1,,,,,,,,,,,,,,,,,,,,,,,,,0,,0
200521,31/05/2013 01:20,22,92,,,129,122483,3,3.5,0,4.81,,4.98,22,92.79,0,24582,3,18,2,1,1,0,-5.3313,,0,,,,,,,,,,,,,0,0,,0,0,,0,0,,,,,0,,0
230763,26/06/2013 10:04,5,219,3,96.82,219,84178,2,2.5,1,1.61,,0,22,58,0,14649,1,10,2,1,1,1,,322.88,0,,,,,,,,,,,,,,,,,,,,,,,,,0,,0
131317,05/05/2013 18:54,5,137,3.94,274.06,129,65898,4,3.5,1,1.95,0.0052,4.75,24,117,0,11507,2,12,4,1,2,1,,,0,,,,,,,,,,,,,0,0,,1,0,11,0,0,,,,,0,,0
399648,21/02/2013 07:43,5,219,,,219,119369,3,4.5,1,1.79,0.0252,4.83,18,139,0,1924,1,4,1,0,1,0,,2207.43,0,,,,,,,,,,,,,,,,,,,,,,,,,0,,0
246817,09/04/2013 19:02,15,158,,,15,40576,4,3.5,0,3.53,0.0313,5.14,1,95,0,23688,1,3,2,2,1,1,,,1,,,,,,,,,,0,0,,0,0,,,,,0,0,,,,,0,,0
553452,06/05/2013 10:01,5,23,,,56,59265,5,4.5,1,5.29,0.3089,5.76,34,229,0,14490,3,50,1,0,1,0,,,1,0,0,,,,,,,,,,,0,0,,0,0,,0,0,,,,,0,,0
430775,17/03/2013 21:19,16,31,,,81,69896,4,4.5,1,3.14,0.0346,5.58,23,108.54,0,25614,3,7,2,0,1,0,,5949.93,0,,,,0,0,,,1,,0,0,,0,0,,,,,,,,,,,0,,0
173541,05/03/2013 06:43,5,219,,,219,98223,2,3,1,1.1,0.0081,4.66,10,90,0,3155,2,0,2,0,1,0,,268.08,1,,,,,,,,,,,,,,,,,,,,,,,,,0,,0
431831,28/12/2012 20:30,5,219,,,71,50543,5,3.5,0,2.2,0.0551,5.81,2,322,0,11485,1,27,4,2,2,1,,7355.09,0,,,,,,,,,,,,,,,,,,,,,,,,,0,,0
313576,19/05/2013 21:10,14,100,,,100,109535,3,4.5,1,3.78,0.0639,5.4,18,193.56,0,15438,3,75,2,0,1,1,,102.3,0,,,,0,0,,,,,,,,0,0,,,,,,,,0,0,,0,,0
126991,28/11/2012 00:37,5,219,,,219,13019,3,4.5,1,0.69,0.0601,5.53,1,112,0,24949,4,75,4,0,2,0,,759.4,1,,,,0,0,,,,,,,,,,,,,,,,,,,,0,,0
563812,01/12/2012 06:53,5,219,,,219,84431,3,4.5,0,1.1,0.0287,5.07,18,129,0,6621,1,62,2,0,1,1,-22.7493,3843.72,0,,,,,,,,,,,,,,,,,,,,,,,,,0,,0
539466,05/02/2013 18:06,5,219,,,219,5168,3,5,1,1.1,0.0631,4.51,21,92,0,6334,2,100,1,0,1,1,,,1,,,,,,,,,,,,,,,,,,,,,,,,,0,,0
50000,21/11/2012 20:49,5,219,,,219,106236,5,4.5,1,4.08,0.02,5.79,16,221,1,15307,3,9,2,0,1,1,,2590.83,1,,,,1,0,66,1,0,66,,,,1,0,11,,,,,,,1,0,11,0,,0
498299,26/06/2013 12:52,31,219,,,219,33023,4,4.5,0,4.19,0.1156,0,15,299,0,27730,2,107,3,0,1,1,,,0,,,,,,,,,,,,,,,,,,,,,,,,,1,751.5,1
192293,11/03/2013 10:20,5,219,,,219,28818,3,4.5,1,4.79,0.2752,5.42,32,239,0,12452,1,147,2,0,1,0,,1005.83,1,,,,,,,,,,,,,,,,,,,,,,,,,0,,0
595582,26/11/2012 05:18,5,219,,,219,100482,3,4,1,0,0.0074,5,9,129,0,12881,1,2,2,0,1,0,,1162.55,0,,,,,,,,,,,,,,,,,,,,,,,-1,,0,,0
521891,12/01/2013 04:07,5,57,,,31,15271,3,3.5,0,3.64,,4.84,28,138,0,22735,4,34,1,0,1,1,,,0,,,,,,,,,,,,,,,,,,,,,,,,,0,,0
335828,07/04/2013 07:54,5,219,,,219,33291,3,4,1,2.08,0.0007,5.13,18,189,0,4182,1,0,1,1,2,0,,539.46,0,,,,0,0,,0,0,,,,,,1,,,,,,,,0,0,,0,,0
542671,21/06/2013 21:21,14,100,,,109,68342,1,,0,4.47,,0,20,121.45,0,23630,4,56,2,2,1,1,,5182.65,0,,,,,,,,,,,,,,,,,,,,,,,,,0,,0
254300,24/04/2013 08:47,5,219,,,219,68914,2,3,1,2.2,0.0206,4.44,16,90,0,23246,1,5,3,0,1,0,,372.98,1,,,,0,0,,0,0,,,,,,-1,,,,,,,,0,0,,0,,0
121547,28/11/2012 13:06,5,219,,,219,1497,4,4,1,5.71,0.1176,5.78,19,479,0,3639,2,6,1,0,1,0,,64.35,0,,,,,,,-1,0,5,0,0,,0,0,,,,,,,,-1,0,5,0,,0
27166,15/02/2013 15:04,32,220,,,132,57422,5,0,1,5.92,,6.21,16,339.04,1,1346,1,99,2,0,1,1,-41.5477,,0,0,0,,,,,,,,,,,0,0,,,,,0,0,,,,,0,,0
377350,07/02/2013 06:41,14,100,,,100,44045,4,4.5,1,1.79,0.305,4.97,3,135.28,0,20588,1,0,1,0,1,1,,236.96,0,,,,,,,,,,,,,0,0,,,,,,,,0,0,,0,,0
96966,07/05/2013 18:13,5,219,,,219,78567,2,3,1,0.69,0.0304,4.24,18,113,0,22170,2,2,4,0,1,1,,197.22,0,,,,0,0,,0,0,,,,,,,,,,,,,,,1,,0,,0
38305,02/06/2013 11:46,5,219,,,219,60050,2,3.5,0,3.04,0.0894,4.2,18,55,0,21382,1,8,2,0,1,0,,1353,1,,,,1,0,95,,1,,,,,1,0,105,,,,,,,1,0,105,0,,0
546055,20/05/2013 16:14,5,219,,,219,128152,3,4,1,2.77,0.2845,4.76,2,155,0,20820,4,44,8,0,4,0,,285.65,0,,,,,,,0,0,,,,,,,,,,,,,,1,0,12,0,,0
446719,03/01/2013 05:33,5,219,,,219,10595,3,4,1,2.77,0.1245,5.39,33,180,0,22766,4,136,2,2,1,0,,,0,,,,,,,,,,,,,,,,,,,,,,,,,0,,0
130122,25/02/2013 15:17,14,100,,,117,50737,5,4.5,0,4.04,0.0093,4.85,33,108.17,0,1588,2,11,2,0,1,1,,5728.73,0,,,,,,,0,0,12,0,0,12,0,0,13,,,,,,,,,,0,,0
45014,28/11/2012 09:52,26,220,,,92,99788,3,4,1,4.56,,5.58,24,207.79,0,24115,7,35,4,0,2,0,,4861.75,1,,,,0,0,,0,0,,0,0,,0,0,,,,,,,,,,,0,,0
589096,04/01/2013 11:15,32,220,,,220,65640,5,3,1,4.41,0.2224,5.8,13,359.46,0,4427,2,11,2,2,1,0,,,0,,,,,,,,,,,,,,,,,,,,,,,,,0,,0
140349,08/03/2013 09:59,5,219,,,219,10418,4,4.5,1,1.61,0.0098,6.21,2,388,0,8222,3,39,2,2,1,0,-33.526,1020.82,1,,,,1,0,23,0,0,,,,,,,,,,,,,,,1,,0,,0
37895,09/05/2013 18:51,5,219,,,219,80572,2,3.5,1,1.79,0.0474,5.03,14,92,0,22984,1,2,2,2,1,1,,136.57,0,,,,0,0,,,,,,,,0,0,,,,,,,,,,,0,,0
426510,16/02/2013 14:34,5,219,,,219,133374,4,4.5,1,3.09,0.2453,5.44,1,125,1,13275,2,10,2,0,1,0,,404.6,0,,,,,,,,,,,,,,,,,,,,,,,,,0,,0
492266,09/04/2013 11:21,15,55,,,220,45211,3,3.5,0,5.09,0.4621,4.91,34,104.2,0,10757,2,12,1,1,1,0,,,1,,,,,,,,,,,,,,,,,,,,,,,,,0,,0
246447,07/06/2013 12:08,5,219,,,219,126804,2,4,1,3.14,0.0775,0,22,60,0,4335,5,22,2,2,1,0,,41.31,0,,,,0,0,,0,0,,,,,-1,0,18,,,,,,,-1,0,18,0,,0
408154,12/01/2013 15:40,5,219,,,80,127770,3,4.5,0,1.61,0.157,5.04,6,125,0,23219,4,33,2,2,1,1,,,1,,,,,,,,,,,,,,,,,,,,,,,,,0,,0
84161,25/06/2013 20:25,15,55,,,215,137734,4,4.5,0,2.48,0.0205,0,18,331.59,0,23420,5,59,2,0,1,0,,,1,,,,,,,,,,,,,,,,,,,,,,,,,0,,0
290730,01/02/2013 13:43,24,216,,,219,46506,4,4,1,5.57,0.2357,6.09,32,414.21,0,5872,3,10,1,0,1,0,,,0,,,,0,0,,0,0,,,,,0,0,,,,,,,,0,0,9,0,,0
542120,15/11/2012 13:49,18,129,,,129,28531,5,5,1,4.44,0.0133,6.04,9,247.99,0,16086,1,79,1,0,6,1,,,1,,,,,,,,,,,,,,,,,,,,,,,,,0,,0
273412,28/04/2013 09:52,5,219,,,31,73473,5,4.5,0,6.32,0.1111,5.7,13,366,1,23840,2,20,3,1,1,1,,4328.31,0,,,,,,,,,,,,,0,0,,,,,0,0,,,,,0,,0
337766,11/12/2012 20:25,14,100,,,100,78182,3,4,0,3.71,0.1674,5.24,14,232.23,0,20438,2,201,2,0,1,0,,386.83,0,,,,,,,,,,,,,,,,,,,,,,,,,0,,0
256924,19/05/2013 18:51,22,92,,,31,6849,0,2.5,0,6.8,0.6412,4.59,14,93.39,0,6285,3,3,1,1,1,0,,,0,,,,,,,,,,,,,,,,,,,,,,,,,0,,0
379119,20/02/2013 15:29,19,158,,,158,122159,3,5,0,2.3,0.038,4.23,3,40.69,0,20730,3,9,2,0,1,1,,,1,,,,,,,,,,,,,,,,,,,,,,,,,0,,0
21078,07/03/2013 09:44,5,219,,,129,20023,3,4.5,1,2.83,0.197,4.56,12,132,0,16503,2,37,2,0,1,1,,5676.78,1,,,,,,,,,,,,,,,,,,,,,,,,,0,,0
391125,30/05/2013 10:18,5,219,,,219,76445,2,3,1,0,,4.43,13,75,0,3073,4,21,2,1,1,1,,306.24,1,,,,,,,0,0,,,,,,,,,,,,,,,,,0,,0
168577,17/05/2013 09:48,5,219,,,219,33344,2,3,0,0.69,0.0397,4.42,3,55,0,24049,1,1,2,0,1,1,,246,0,,,,,,,,1,,,,,1,1,9,,,,,,,0,0,,0,,0
430259,17/01/2013 13:19,12,99,,,31,113874,4,4,0,1.1,0.0012,5.13,32,103.01,0,6785,1,8,2,0,1,1,,,0,,,,,,,,,,,,,0,0,17,0,0,17,0,0,,,,,0,,0
198743,12/01/2013 09:17,5,219,,,219,38893,3,5,1,1.39,0.0002,4.89,36,159,0,5537,2,4,2,1,1,0,,382.51,0,,,,,,,0,0,,,,,,,,,,,,,,0,0,,0,,0
189276,01/02/2013 20:25,12,99,,,18,71335,4,3.5,0,2.56,0.0581,5.68,26,270.05,1,6695,7,20,2,0,1,0,,,0,,,,0,0,,0,0,,,,,0,0,,,,,,,,,,,0,,0
13283,07/03/2013 18:28,5,219,,,4,92430,4,4,1,1.61,0.0486,4.6,1,136,0,1551,2,114,2,0,1,1,,5168.6,0,,,,,,,,,,,,,0,0,,,,,0,0,,,,,0,,0
228108,18/02/2013 13:31,5,219,,,216,99022,3,4,0,1.79,0.0178,4.28,16,63,1,8934,7,33,1,1,1,0,,5489.5,0,,,,,,,,,,,1,,,1,,,,,,,,,,,0,,0
138870,12/05/2013 21:50,15,55,,,219,61060,3,4,1,1.79,0.4424,4.91,2,95.22,0,24620,1,144,2,0,1,1,-13.7185,,0,,,,,,,,,,,,,,,,,,,,,,,,,0,,0
118559,30/05/2013 08:08,14,100,,,219,5286,5,4.5,1,4.28,0.1164,5.85,7,273.87,1,15307,1,24,2,0,1,0,,410.29,0,,,,1,0,17,0,0,,,,,0,0,,,,,,,,0,0,,0,,0
332535,13/02/2013 17:02,5,219,,,219,38168,3,4.5,1,3.43,0.0345,4.73,4,105,0,22766,4,39,2,2,1,0,,624.26,1,,,,,,,,,,,,,,,,,,,,,,0,0,,0,,0
21327,20/12/2012 14:05,24,216,,,39,48377,4,3.5,0,4.33,0.0658,5.02,31,147.92,1,15122,5,6,1,0,1,0,,,0,,,,1,0,33,,,,0,0,,,1,,,,,,,,,,,0,,0
585628,19/05/2013 13:32,14,100,,,219,4297,4,4.5,1,4.08,0.2499,5.5,22,272.35,0,4072,3,107,4,0,1,0,,,1,,,,,,,,,,,,,,,,,,,,,,,,,0,,0
133458,15/02/2013 13:05,5,219,,,219,60931,4,4,1,0,,5.34,22,169,0,14037,2,14,2,0,1,1,,14.99,0,,,,,,,,,,,,,0,0,,,,,,,,0,0,,0,,0
140838,19/02/2013 04:35,5,219,,,127,60971,4,4,1,3,0.315,6.21,2,150,0,16119,6,236,2,0,1,0,,,0,,,,,,,,,,,,,,,,,,,,,,,,,0,,0
550650,01/03/2013 09:45,22,92,3.85,155.89,103,99222,5,4.5,0,1.39,0.0051,5.16,26,174.29,1,8007,1,19,1,3,8,0,,,0,,,,0,0,,0,0,16,0,0,,1,0,19,,,,,,,,,,0,,0
258476,06/02/2013 19:00,5,219,,,219,24656,3,4.5,1,1.79,,4.85,6,114,0,15054,2,10,2,0,1,1,,475.63,0,,,,,,,0,0,,,,,0,0,,,,,,,,0,0,,0,,0
577100,30/04/2013 20:01,5,219,,,219,14295,3,4.5,1,1.1,0.0031,4.57,11,84,0,17659,1,4,2,0,1,1,,215.7,0,,,,0,0,,0,0,,,,,,,,,,,,,,0,0,,0,,0
127085,22/11/2012 17:10,14,100,,,22,9738,4,3.5,1,3.61,0.0292,4.9,26,103.29,0,27529,2,28,2,0,1,1,,5627.8,0,,,,,,,,,,,,,,,,,,,,,,,,,0,,0
83554,26/06/2013 20:59,14,100,,,219,14805,0,4,1,2.83,0.0343,0,12,142.31,0,19977,2,22,2,0,1,1,,99.98,0,,,,,,,,,,,,,,,,,,,,,,,,,0,,0
373409,15/06/2013 09:24,15,55,,,55,130483,2,5,1,0.69,,0,18,94.24,0,1009,1,3,1,1,1,0,,,0,,,,,,,,,,,,,,,,,,,,,,,,,0,,0
449457,21/04/2013 23:17,24,216,,,216,96412,2,0,0,3.95,0.0434,3.4,3,24.36,0,28340,1,31,1,0,1,0,,,1,,,,,,,,,,,,,,,,,,,,,,,,,0,,0
314155,07/03/2013 10:44,32,220,,,32,121792,3,4,1,4.53,0.149,5.41,30,201.25,0,16363,1,192,2,1,1,0,,10167.67,0,,,,,,,,,,,,,,,,,,,,,,,,,0,,0
194235,08/05/2013 11:05,5,127,,,219,47974,2,4.5,0,4.13,0.2555,4.93,10,76,0,9088,4,133,2,0,1,0,,,0,,,,,,,,,,,,,,,,,,,,,,,,,0,,0
368889,03/02/2013 18:47,18,129,,,219,94455,5,4.5,1,4.08,0.1,5.88,19,199.13,0,8192,1,143,2,1,1,0,,,0,,,,,,,,,,,,,,,,,,,,,,,,,0,,0
552439,09/04/2013 16:37,24,216,,,216,60880,3,4,0,3.4,,4.93,14,68.2,0,3708,1,7,2,0,1,0,,,0,,,,,,,,,,0,0,,0,0,,,,,,,,,,,0,,0
26102,03/12/2012 09:58,5,219,,,219,61598,4,4,0,0.69,,5.59,32,226,0,22478,3,82,1,0,1,1,,2658.74,1,,,,,,,,,,,,,,,,,,,,,,,,,0,,0
127608,24/06/2013 13:18,2,56,,,56,33437,4,4,0,4.22,0.2544,0,22,153.5,0,16170,3,164,2,0,1,1,,,0,,,,,,,,,,,,,,,,,,,,,,,,,0,,0
59336,15/06/2013 12:58,5,219,,,219,114770,3,4,1,2.94,,0,19,175,0,4907,1,6,2,0,1,1,,565.33,0,,,,,,,,,,,,,,,,,,,,,,0,0,,0,,0
287697,26/06/2013 18:01,5,219,,,219,88175,3,4,1,1.79,0.109,0,8,109,0,10323,1,3,2,0,1,1,,44.64,0,,,,0,0,,,,,,,,,,,,,,,,,-1,0,7,0,,0
473953,20/05/2013 13:41,5,219,,,219,122808,3,4,0,1.39,,4.71,34,82,0,28216,1,6,1,0,1,0,,1.53,1,,,,,,,0,0,,,,,0,0,,,,,,,,0,0,,0,,0
412438,05/02/2013 06:08,5,219,,,219,18454,2,3,1,2.08,,4.23,15,53,0,14535,1,29,2,0,2,0,,111.86,0,,,,,,,,,,,,,,,,,,,,,,,,,0,,0
312320,18/01/2013 18:23,14,100,,,219,28038,3,4.5,1,3.04,0.0254,4.89,13,114.95,0,1020,1,197,2,2,1,1,,1212.55,0,,,,,,,,,,,,,,,,,,,,,,,,,0,,0
378579,18/06/2013 23:18,5,219,,,219,26248,5,4.5,1,3.66,0.1305,0,21,358,0,8192,2,3,4,0,1,1,,230.45,0,,,,0,0,,0,0,10,,,,0,0,10,,,,,,,0,0,10,0,,0
126143,09/12/2012 06:34,5,18,,,215,26390,4,4,1,2.48,0.0021,4.64,22,69,1,9371,1,26,2,0,1,1,,,1,,,,,,,,,,,,,0,0,,,,,0,0,,,,,0,,0
533917,13/06/2013 09:33,5,219,,,219,21018,4,4,1,3.43,0.1043,0,33,140,1,8192,4,31,2,0,1,0,,1754.39,1,,,,0,0,5,0,0,,,,,0,0,15,,,,,,,0,0,,0,,0
254324,30/12/2012 15:16,5,219,,,55,4454,3,3,0,3.78,0.0002,4.74,31,98,0,10979,7,52,2,0,1,0,,4350.8,1,,,,,,,,,,,,,0,0,,,,,1,0,8,,,,0,,0
12742,20/03/2013 10:04,5,219,,,219,37126,3,3.5,1,1.1,,4.83,9,102,0,8439,3,30,4,0,1,1,,282.84,1,,,,0,0,,,1,,,,,,,,,,,,,,0,0,,0,,0
482873,14/03/2013 13:52,32,220,,,103,48627,5,4.5,0,3.47,0.0595,5.74,9,198.34,0,18191,7,297,2,0,1,0,,1321.6,0,,,,,,,,,,,,,,,,,,,,,,,,,1,,0
101076,05/01/2013 09:30,24,216,,,219,114777,4,4.5,1,4.81,0.4124,5.76,15,203.09,0,20319,4,192,2,2,1,0,,,0,,,,,,,,,,,,,,,,,,,,,,,,,0,,0
435337,10/03/2013 20:43,15,55,,,99,128983,4,4.5,0,6.28,0.0439,5.78,30,310.45,1,13292,5,69,2,0,1,0,,,0,1,0,6,,,,,,,,,,-1,0,11,1,0,9,1,0,10,,,,0,,0
217211,27/03/2013 08:34,5,219,,,219,71038,4,4,1,2.08,0.0126,4.81,24,123,0,27784,2,142,1,0,1,1,,160.49,1,,,,,,,,,,,,,,,,,,,,,,,,,1,,0
263001,20/06/2013 21:24,15,55,,,56,126624,5,0,1,5.16,,0,29,288.46,0,16822,3,19,1,0,1,0,,,0,,,,,,,,,,,,,,,,,,,,,,,,,0,,0
135436,25/11/2012 18:15,5,219,,,219,35809,4,4.5,1,4.76,0.22,5.47,22,199,0,5797,4,54,4,0,2,1,,921.25,0,,,,0,0,,0,0,,,,,,,,,,,,,,0,0,,0,,0
19694,26/06/2013 10:05,14,100,,,100,130002,2,4,1,0.69,,0,30,100.29,0,14161,14,75,2,1,1,0,,,0,,,,,,,,,,,,,,,,,,,,,,,,,0,,0
5932,08/02/2013 10:44,5,219,,,31,96922,0,5,0,6.36,0.1152,6.17,28,365,0,23840,2,136,2,0,1,0,,4147.85,0,,,,,,,,,,,,,,,,,,,,,,,,,0,,0
324003,14/05/2013 09:38,5,219,,,219,130258,5,5,1,3.66,0.0407,6.1,1,570,0,15307,1,42,2,0,1,0,,1310.89,1,,,,0,0,,0,0,,,,,0,0,,,,,,,,,,,0,,0
353645,05/05/2013 23:54,5,14,,,92,67098,5,4.5,1,3.89,0.0296,5.58,22,162,0,6991,3,33,2,0,1,1,,,0,,,,0,0,,0,0,,0,0,,0,0,,,,,,,,,,,0,,0
81748,18/12/2012 13:07,5,219,,,219,65987,3,4,1,4.26,0.1111,5.22,37,99,0,21808,2,2,2,0,1,1,,185.34,0,,,,0,0,,0,0,,,,,0,0,,,,,,,,0,0,,0,,0
69725,06/06/2013 09:26,15,55,,,39,34178,5,4,0,4.26,0.0407,0,7,218.41,1,15122,3,68,1,0,1,0,,,1,,,,0,0,,0,0,,0,0,,0,0,,,,,,,,,,,0,,0
3022,19/02/2013 06:31,5,219,,,219,82439,3,4.5,1,3.53,0.0095,4.89,26,113,0,8347,5,117,2,0,1,0,,911.86,1,,,,,,,,,,,,,,,,,,,,,,,,,1,,0
483745,30/04/2013 20:59,24,216,,,60,73571,3,4,0,5.74,0.0438,5.12,20,110.79,0,28150,1,2,1,0,1,1,,,0,1,0,27,,,,,,,,,,1,0,10,1,0,10,,,,,,,0,,0
49829,29/11/2012 14:10,5,219,,,219,76814,3,4.5,1,2.64,0.0326,4.91,4,100,0,44,8,14,1,0,1,0,,1357.91,1,,,,,,,,,,,,,0,0,,,,,,,,0,0,,0,,0
58547,11/06/2013 09:18,5,219,,,219,135733,2,4.5,1,1.79,0.0131,0,10,67,0,3278,5,17,1,2,1,0,,295.66,1,,,,,,,,,,,,,,,,,,,,,,,,,0,,0
300654,28/02/2013 05:20,5,219,,,219,115310,3,4,0,4.04,0.0985,5.29,8,169,0,15307,3,10,1,0,1,0,,720.92,0,,,,-1,0,11,-1,0,11,,,,-1,0,35,,,,,,,-1,0,35,0,,0
478058,30/12/2012 14:33,15,55,,,129,51112,4,4,1,0,0.0488,4.62,6,92.1,1,2069,2,75,1,0,1,1,,,0,,,,,,,,,,,,,,,,,,,,,,,,,1,182.94,1
544901,27/12/2012 13:39,14,100,,,219,23410,2,3,1,2.2,0.0037,4.4,34,60.29,1,13216,5,107,2,1,1,0,,1243.99,0,,,,,,,,,,,,,,,,,,,,,,,,,0,,0
331310,05/04/2013 14:08,12,99,,,47,38197,5,4.5,0,4.03,0.0921,5.71,15,162.44,0,23415,3,27,1,0,1,1,,,1,,,,,,,,,,,,,,,,,,,,,,,,,0,,0
147931,30/06/2013 13:23,5,219,,,219,99717,4,4.5,0,2.83,0.0816,0,19,269,0,9265,3,8,2,0,1,0,,126.03,0,,,,,,,,,,,,,0,0,,,,,,,,,,,0,,0
4150,22/04/2013 20:41,12,99,,,99,32263,3,4.5,0,0,,4.68,21,70.56,0,25926,2,17,2,0,1,1,,,0,,,,,,,,,,,,,,,,,,,1,0,9,,,,0,,0
575814,25/05/2013 19:56,5,219,,,219,72263,2,4,1,1.39,,4.46,2,77,0,27135,3,13,2,3,1,1,-64.5155,304.22,0,,,,0,0,,,,,,,,,,,,,,,,,,,,0,,0
29824,26/04/2013 20:47,24,216,,,100,100586,4,4.5,1,4.5,0.1544,5.62,21,221.7,1,6792,5,107,2,0,1,0,,,1,,,,,,,,,,,,,,,,,,,,,,,,,0,,0
108377,13/04/2013 12:59,14,100,,,100,65482,3,3.5,1,2.08,,4.95,19,110.5,1,15478,1,3,1,0,1,0,,230.4,0,,,,0,0,,,,,,,,0,0,,,,,,,,0,0,,0,,0
84666,11/05/2013 13:07,15,55,,,100,95142,4,4.5,0,2.71,0.0915,5.26,36,185.84,0,11280,8,67,2,0,1,0,-18.3958,,0,,,,,,,,,,,,,,,,,,,,,,,,,0,,0
594383,11/05/2013 22:54,14,100,,,100,125089,4,4,1,2.2,0.1271,5.26,3,125.74,0,325,1,34,2,0,1,1,,2286.88,0,,,,0,0,,,,,,,,0,0,,,,,,,,,,,0,,0
401553,17/03/2013 22:22,32,220,,,202,119117,4,4,0,4.84,0.2555,5.02,22,111.38,1,21897,5,19,2,0,1,0,,2875.46,0,,,,-1,0,17,0,0,15,0,0,41,0,0,85,,,,,,,,,,0,,0
526122,21/01/2013 15:39,5,219,,,219,34949,2,3.5,1,1.1,0.0035,4.33,29,58,0,11230,3,108,2,0,1,1,,384.61,0,,,,,,,,,,,,,,,,,,,,,,,,,0,,0
96127,01/05/2013 11:32,5,219,,,219,54438,4,3,1,0,0.1849,5.06,2,193,0,8556,2,42,2,0,1,0,-14.7035,391.92,0,,,,0,0,,,,,,,,0,0,,,,,,,,0,0,,0,,0
191309,20/03/2013 13:44,14,100,,,100,37540,3,4,1,3.4,0.0215,5.25,25,132.55,0,21871,2,4,2,1,1,0,,,0,,,,0,0,,,1,,,,,0,0,,,,,,,,0,0,,0,,0
145615,28/04/2013 22:40,18,129,,,129,121138,4,4.5,1,3.74,0.0282,4.67,8,97.72,0,2012,1,1,2,0,1,0,,,1,,,,,,,,,,,,,0,0,,0,0,,0,0,,,,,1,97.72,1
259679,09/11/2012 16:04,5,219,,,215,31429,4,4.5,1,3.87,0.0461,5.03,19,200,0,23641,1,148,2,0,1,1,,5958.97,0,,,,,,,,,,,,,,,,,,,,,,,,,0,,0
481854,08/11/2012 14:45,15,55,,,55,38148,3,3.5,0,5.32,0.0886,4.85,31,107.1,0,24752,1,15,2,0,1,1,,,0,,,,,,,,,,,,,0,0,43,,,,1,1,11,,,,0,,0
551165,10/04/2013 16:50,18,129,,,91,116515,4,4.5,0,2.08,0.0196,4.79,14,98.03,0,10422,7,22,2,0,1,0,,,1,,,,,,,,,,,,,,,,,,,,,,,,,0,,0
26913,31/03/2013 20:38,5,219,,,219,127932,2,3,0,3.26,0.0772,4.62,22,55,0,28407,1,2,2,2,1,0,,303.15,1,,,,,,,,,,,,,-1,0,35,,,,,,,-1,0,35,0,,0
73426,12/01/2013 01:18,15,220,,,129,61980,3,4,1,4.34,,4.98,30,130.69,0,23453,2,6,1,0,1,1,,10068.54,0,,,,,,,,,,,,,0,0,,0,0,,0,0,,,,,0,,0
552524,01/06/2013 04:39,5,100,,,219,92839,3,3.5,1,2.2,0.0006,4.68,37,64,0,13483,1,31,4,0,2,0,,1217.61,0,,,,0,0,,,,,,,,1,0,17,,,,,,,,,,0,,0
462541,21/12/2012 16:47,5,219,,,219,139197,4,4,0,5.96,0.3826,5.82,8,239,0,24700,1,2,5,0,2,0,,,0,,,,0,0,,0,0,6,,1,,0,0,,,,,,,,0,0,5,0,,0
522730,12/01/2013 22:23,5,219,,,219,111836,2,4.5,1,1.1,,4.65,9,94,0,15107,1,6,2,0,1,1,,125.56,0,,,,,,,0,0,,,,,,,,,,,,,,0,0,,0,,0
185241,26/02/2013 14:32,5,219,,,219,133586,2,3,1,0,0.0011,4.65,1,63,0,4335,2,38,2,0,1,1,,130.08,1,,,,0,0,,,,,,,,,,,,,,,,,0,0,,0,,0
164783,22/03/2013 18:46,5,219,,,219,97410,3,4.5,1,1.79,0.348,4.77,1,103,1,22957,2,5,2,2,1,0,,78.96,0,,,,,,,,,,,,,,,,,,,,,,,,,1,233.6,1
59044,14/06/2013 16:46,5,219,,,219,122299,4,4.5,1,3.97,0.0487,0,32,199,0,23904,1,3,4,0,2,0,,299.63,0,,,,0,0,,0,0,,,,,0,0,,,,,,,,0,0,,0,,0
568990,27/05/2013 17:35,5,219,,,219,59989,3,3.5,1,0,0.103,5.1,2,154,0,4077,2,5,2,0,1,1,,,0,,,,0,0,,,,,0,0,,1,0,5,,,,,,,0,0,,0,,0
328534,12/01/2013 09:15,14,100,,,219,56075,3,5,1,0,0.0252,5.08,28,178.72,0,25384,4,18,2,0,1,0,,1106.77,1,,,,,,,,,,,,,,,,,,,,,,,,,0,,0
110291,16/04/2013 07:18,5,219,,,219,137156,5,4,0,2.08,,5.9,34,825,0,27620,1,3,2,0,1,1,,127.68,0,,,,,,,0,0,30,,,,,,,,,,,,,,,,0,,0
462795,28/05/2013 10:20,15,55,4.25,229.71,99,20670,0,4,1,3.37,0.1778,4.48,33,130.85,0,15376,1,73,2,0,1,1,,,0,,,,,,,,,,,,,,,,,,,,,,,,,0,,0
14926,02/04/2013 09:00,5,219,,,129,59676,1,3.5,1,3.66,0.0101,4.65,1,110,0,11507,1,17,1,1,1,1,,,0,,,,,,,,,,,,,0,0,,0,0,,1,0,27,,,,0,,0
301555,19/05/2013 14:37,5,219,,,219,12950,2,4,1,3.04,,4.97,22,110,0,22083,1,12,3,0,1,1,,153.45,1,,,,-1,0,15,-1,0,15,,,,0,0,,,,,,,,-1,0,15,0,,0
388312,22/03/2013 06:45,5,219,,,219,85311,2,3.5,0,1.95,0.1557,4.82,1,143,0,18451,3,97,3,0,1,1,,133.94,1,,,,,,,,,,,,,,,,,,,,,,,,,1,482.64,1
428656,21/06/2013 09:17,5,219,,,219,37093,4,4.5,1,4.68,0.0654,0,27,178,0,18774,1,14,2,0,1,1,,739.12,0,,,,0,0,,0,0,,,,,0,0,,,,,,,,0,0,,0,,0
360710,11/06/2013 19:04,5,219,,,219,4256,4,4.5,1,4.62,0.22,0,16,239,0,5773,3,16,2,0,1,1,,31.16,1,,,,0,0,,0,0,,,,,0,0,,,,,,,,0,0,,0,,0
33598,27/12/2012 00:11,3,14,,,39,35711,5,4,1,0.69,0.0009,6.06,16,317.71,0,15122,1,59,2,0,1,0,,,1,,,,0,0,18,1,0,18,,,,0,0,,,,,,,,,,,0,,0
82318,23/06/2013 19:45,5,219,,,219,19150,3,4.5,1,3.91,0.0109,0,29,175,0,13870,3,4,2,1,1,1,,355.74,1,,,,0,0,,0,0,,,,,,,,,,,,,,0,0,,0,,0
464777,02/03/2013 14:05,5,219,,,132,57422,5,0,1,5.92,,6.21,2,360,0,3954,2,79,2,0,1,0,,4661.97,1,,,,,,,,,,,,,,,,,,,,,,,,,0,,0
203350,02/05/2013 16:06,24,216,,,216,68358,4,4,0,1.79,0.1649,4.57,12,41.55,0,3949,1,0,1,0,1,1,,,1,,,,,,,,,,,1,,1,0,2,,,,,,,,,,0,,0
242359,12/05/2013 15:03,5,219,,,219,25075,3,3.5,0,3.83,0.0092,5.38,32,239,0,4562,1,5,2,0,1,1,,,0,0,0,18,,,,0,0,4,,,,,1,,,,,,,,0,0,7,0,,0
577340,21/06/2013 12:21,5,219,,,15,88884,5,4.5,1,3.58,,0,13,449,0,7298,3,128,2,0,1,0,,6846.37,1,,,,,1,,,,,1,0,12,1,0,12,,,,,,,,,,0,,0
503295,23/02/2013 20:57,5,219,,,219,126665,4,4.5,0,3.93,0.0199,5.88,18,207,1,5143,2,5,1,0,1,1,,1098.1,0,,,,,,,0,0,,0,0,,0,1,,,,,,,,0,0,,0,,0
589280,12/06/2013 09:34,5,219,,,219,96780,3,4,0,5.18,0.4506,0,18,356,1,4271,4,102,2,0,1,0,,679.61,0,,,,,,,,,,,,,,,,,,,,,,,,,0,,0
361255,12/06/2013 21:20,5,219,,,219,49062,3,4.5,1,2.94,0.0257,0,20,179,0,1143,1,4,2,0,1,0,,1371.26,1,,,,,,,0,1,,,,,,,,,,,,,,0,0,,0,,0
95118,24/03/2013 23:56,9,59,,,219,57470,0,3.5,1,2.2,0.0146,4.85,31,8.02,0,24373,1,1,2,0,1,0,,,0,,,,0,0,,0,0,14,,,,-1,0,14,,,,,,,-1,0,28,0,,0
576226,25/06/2013 22:50,17,98,,,39,135668,5,3.5,1,3.93,0.521,0,17,291.18,0,1284,2,1,1,0,1,0,,,0,,,,,,,,,,,,,,,,,,,,,,,,,0,,0
313718,19/12/2012 05:49,5,79,,,100,123801,4,4,1,0,0.0118,5.04,18,123,1,982,6,8,2,2,1,0,,,1,,,,1,0,5,,,,,,,-1,0,10,,,,,,,-1,0,10,0,,0
487315,02/04/2013 11:38,14,100,,,100,20022,4,4.5,1,4.17,0.1085,5.2,29,176.39,0,21871,1,53,2,0,1,1,,29.48,1,,,,0,0,,,1,,,,,0,0,,,,,,,,0,0,,0,,0
76458,21/06/2013 19:15,14,219,,,219,12189,4,3,0,3.99,0.1242,0,1,155.88,0,3694,4,4,3,1,2,0,,,1,,,,,,,,,,,,,,,,,,,,,,,,,0,,0
231523,19/02/2013 14:42,5,219,,,219,14504,2,3,0,4.74,0.5856,5.06,3,128,0,7322,2,52,4,0,2,1,-8.6294,10.48,1,,,,-1,0,30,-1,0,6,,1,,-1,0,20,,,,,,,-1,0,20,0,,0
446234,20/12/2012 22:54,16,31,4,155.97,99,64572,4,5,0,0.69,,5,30,259.6,0,12803,1,1,2,0,1,1,,191.43,0,,,,,,,,,,,,,0,0,,0,0,,0,0,,,,,0,,0
230209,02/04/2013 07:00,5,219,,,219,104120,4,4.5,1,2.71,0.1076,5.68,2,207,0,14053,2,7,2,1,1,0,,1113.78,0,,,,0,0,,0,0,,,,,,,,,,,,,,0,0,,1,465.76,1
582285,18/04/2013 08:41,5,219,,,219,129268,2,3.5,1,4.14,0.1168,4.12,31,60,0,20551,2,15,2,2,1,1,,84.41,1,,,,,,,,,,,,,,,,,,,,,,,,,0,,0
597879,31/03/2013 16:21,25,215,,,212,82558,4,4,1,2.2,0.0519,5.89,3,283.26,1,11719,2,5,3,0,1,1,,4644.81,0,,,,,,,,,,,,,,,,,,,,,,,,,0,,0
354365,22/05/2013 09:58,5,219,,,219,74767,3,4.5,1,1.79,0.0438,5.21,4,112,1,27620,1,6,2,0,1,0,,887.66,0,,,,0,0,,0,0,,,,,,,,,,,,,,,,,0,,0
263814,08/02/2013 07:39,5,219,,,219,32990,3,4,1,0,,4.83,21,96,0,28074,1,103,2,0,1,0,-37.2371,85.83,0,,,,,,,,,,,,,,,,,,,,,,,,,0,,0
603858,26/06/2013 17:39,5,219,,,219,90050,3,4.5,1,1.95,0.0438,0,19,135,0,23568,1,187,2,0,1,0,,4844.46,1,,,,,,,,,,,,,,,,,,,,,,,,,0,,0
211240,23/06/2013 04:16,5,155,,,155,57180,4,3,0,3.78,0.0706,0,30,133,0,7327,1,4,1,2,1,1,,,1,,,,,,,,,,,,,,,,,,,,,,,,,0,,0
133524,18/02/2013 17:52,5,219,2,41.94,219,132184,2,2.5,1,1.1,0.0001,4.36,26,45,0,4182,1,0,1,0,1,0,,9.71,0,,,,,,,,,,,,,,,,,,,,,,,1,,0,,0
75171,20/02/2013 16:46,5,219,,,219,13760,4,4.5,1,4.26,0.5021,5.5,26,177,0,570,2,13,1,0,1,0,,186.88,0,,,,0,0,,0,0,,,,,0,0,,,,,,,,0,0,3,0,,0
211643,14/04/2013 18:15,5,219,,,31,106828,5,5,1,1.79,0.0117,5.52,1,226,0,23840,2,34,2,0,1,1,,4166.58,1,,,,,,,,,,,,,,,,,,,,,,,,,0,,0
98122,17/04/2013 15:56,5,219,,,219,93397,3,4.5,1,1.61,0.0651,4.95,27,124,0,19274,1,0,1,0,1,0,,1607.17,0,,,,-1,0,6,,,,,,,0,0,,,,,,,,-1,0,6,0,,0
433462,29/05/2013 12:15,5,219,,,219,43966,3,4,1,4.65,0.4591,5.34,10,175,0,20319,3,33,2,0,1,0,,2396.81,1,,,,0,0,,,,,,,,0,0,,,,,,,,,,,0,,0
136157,05/04/2013 08:02,5,219,,,32,77298,5,4,1,3.18,0.0105,5.97,26,330,0,11783,3,9,1,1,2,0,,5427.69,0,,,,,,,,,,,,,,,,,,,,,,,,,0,,0
494660,01/05/2013 14:19,5,219,,,219,39700,4,5,1,1.61,,5.04,9,139,0,5207,1,0,2,0,1,0,,255.64,0,,,,0,0,,0,0,,,,,0,0,,,,,,,,0,0,,0,,0
313445,07/05/2013 07:04,15,55,,,55,55374,3,3.5,0,1.95,0.0022,4.67,31,88.25,0,16373,2,17,2,0,1,1,,,0,,,,,,,,,,,,,-1,0,7,,,,,,,,,,0,,0
116588,28/06/2013 17:34,5,219,,,219,103812,4,4,1,2.77,0.0613,0,1,139,1,10446,2,5,2,0,1,0,,1.05,1,,,,0,0,24,0,0,25,,,,,,,,,,,,,0,0,,0,,0
509411,07/03/2013 17:30,5,219,,,99,117123,5,4.5,1,6.14,0.0471,6.21,21,459,0,13292,4,4,2,0,1,0,,5120.06,1,1,1,6,,,,,,,,,,0,0,,,,,,,,1,0,7,0,,0
107177,13/03/2013 00:43,24,216,,,224,94294,4,4.5,0,4.96,0.3392,5.64,12,133.91,1,24042,4,49,1,0,1,0,,,1,,,,,,,,,,0,0,,0,0,,,,,,,,,,,0,,0
53576,21/02/2013 18:34,5,219,,,219,128197,3,3.5,1,1.39,0.0414,4.9,13,108,0,6402,1,2,2,1,1,1,,143.53,0,,,,0,0,,0,0,,,,,,,,,,,,,,0,0,,0,,0
180205,22/01/2013 16:43,24,92,,,92,66289,4,4.5,0,3.89,0.0206,5.58,31,161.7,0,6991,1,5,1,0,1,0,,,0,,,,,,,,,,1,0,15,,,,,,,,,,0,0,,0,,0
529408,16/05/2013 21:48,15,55,,,56,45532,4,0,0,0.69,,5.76,26,167.96,0,27067,1,148,2,0,1,1,,,0,,,,,,,,,,,,,,,,,,,,,,,,,0,,0
475232,18/06/2013 10:42,5,59,,,219,103353,4,4.5,1,4.79,0.126,0,20,325,0,18774,3,115,2,0,1,1,,,0,,,,1,0,17,,,,,,,0,0,,,,,,,,,,,0,,0
186361,23/12/2012 22:08,5,219,,,219,15251,3,4.5,1,1.61,0.0105,5,28,109,1,13539,1,4,2,1,1,1,,150.88,0,,,,,,,-1,0,5,,,,0,0,7,,,,,,,-1,0,7,0,,0
479101,25/04/2013 13:11,5,219,,,219,117348,3,4.5,1,1.95,,4.62,4,65,0,17014,1,0,1,0,1,1,,17.83,0,,,,0,0,,0,0,,,,,0,0,,,,,,,,0,0,,1,300.27,1
217674,21/05/2013 20:16,5,219,,,219,20430,4,4,0,5.19,0.3268,5.53,19,169,1,9402,1,5,2,0,1,0,,17.11,0,,,,0,0,,0,0,,,,,,,,,,,,,,,,,0,,0
525340,09/11/2012 16:47,15,55,,,215,84252,3,0,0,1.1,,4.6,35,109.68,0,13647,14,274,2,0,1,0,,,1,,,,,,,,,,,,,,,,,,,,,,,,,0,,0
374375,07/06/2013 12:32,15,55,,,4,9577,5,5,0,3.5,0.0794,0,1,174.24,1,12131,2,12,1,0,1,0,,,0,,,,,,,,,,,,,,,,,,,,,,,,,0,,0
245912,26/04/2013 14:37,14,100,,,100,23648,3,4,1,2.4,0.0537,4.93,13,94.42,0,18825,3,1,2,0,1,1,,1676.55,1,,,,,,,,,,,,,0,0,24,,,,,,,,,,0,,0
436346,20/01/2013 17:30,5,219,,,219,33528,4,4.5,1,2.48,0.0536,5.24,36,236,0,14684,1,54,3,0,1,1,,1167.41,0,,,,0,0,,,,,,,,0,0,,,,,,,,,,,0,,0
597540,28/02/2013 09:35,5,219,,,219,108956,3,4.5,1,2.89,0.0859,5.58,19,169,1,15752,4,45,2,0,1,0,,,0,,,,,,,0,0,,,,,,,,,,,,,,,,,0,,0
9910,05/02/2013 14:33,5,219,,,219,44966,2,2.5,0,3.58,0.179,5.02,13,107,0,28357,1,173,2,0,1,0,,3396.05,0,,,,,,,,,,,,,,,,,,,,,,,,,0,,0
342973,06/04/2013 11:47,5,219,,,219,80635,3,4.5,1,0.69,0.0051,4.91,4,94,0,15307,3,21,2,0,1,1,,30.59,1,,,,,,,,,,,,,,,,,,,,,,,,,0,,0
18917,21/12/2012 16:36,5,219,,,219,97247,2,3.5,1,2.83,0.0469,4.67,31,75,0,25964,1,4,2,0,1,0,-11.9797,103.8,0,,,,0,0,,0,0,,,,,1,0,6,,,,,,,0,0,4,0,,0
479594,18/06/2013 08:59,5,219,,,117,50884,4,4.5,0,4.39,0.0533,0,33,85,1,15669,1,36,1,0,1,0,,6901.75,0,,,,0,0,,,,,0,0,,0,0,,,,,,,,,,,0,,0
476237,26/02/2013 15:54,5,219,,,219,115468,4,4,1,2.48,0.032,4.81,27,174,0,4467,4,37,2,0,1,1,-36.4462,1145.58,0,,,,0,0,,,,,,,,0,0,,,,,,,,,,,0,,0
572445,27/03/2013 12:04,19,158,,,39,73184,4,4,1,3.43,0.0223,5.41,14,150.72,1,15122,1,32,1,0,1,0,,2432.81,0,,,,0,0,,0,0,,0,0,17,,0,,,,,,,,,,,0,,0
115793,22/01/2013 23:51,5,219,,,219,103307,4,4.5,1,4.91,,5.72,13,164,0,4045,5,61,4,1,2,0,,362.43,0,,,,0,0,,,,,,,,0,0,,,,,,,,,,,0,,0
138235,28/01/2013 09:52,15,55,,,100,79311,3,3.5,0,3.69,0.2068,4.7,15,136.53,0,20216,6,183,2,2,1,0,,,1,,,,,,,,,,,,,,,,,,,,,,,,,0,,0
339330,25/06/2013 13:33,9,59,,,59,126079,3,3.5,1,1.39,0.1,0,10,59.9,0,14417,1,4,2,1,1,1,,,0,,,,,,,,,,,,,,,,,,,,,,,,,0,,0
260082,27/04/2013 09:07,5,219,,,219,120319,3,4.5,1,2.64,0.0259,4.75,33,90,0,9087,4,2,2,0,1,0,,1015.8,0,,,,,,,,,,,,,,,,,,,,,,,,,0,,0
302781,06/06/2013 19:28,5,219,,,219,129386,2,0,1,0,0.0001,0,26,50,1,24131,1,15,2,0,1,1,,530.27,0,,,,0,0,,1,0,11,,,,-1,0,5,,,,,,,-1,0,5,0,,0
101411,21/06/2013 01:28,9,219,,,219,135176,2,2.5,0,1.61,0.0005,0,7,82.38,0,25335,1,0,2,0,1,1,,11.3,0,,,,1,0,13,1,0,13,,,,1,0,13,,,,,,,1,0,13,0,,0
59529,26/01/2013 22:58,5,219,,,219,54930,4,4.5,1,1.61,0.0221,5.87,15,461,0,10032,3,54,3,0,2,1,,2150.44,0,,,,0,0,,0,0,,,,,,,,,,,,,,0,0,,0,,0
602493,13/11/2012 15:51,14,100,,,100,47379,4,4,1,2.08,0.0047,5.21,35,127.73,0,325,1,17,2,0,1,1,,14.15,1,,,,,,,,,,,,,0,0,,,,,,,,0,0,,0,,0
564425,06/02/2013 23:16,34,117,,,219,32798,3,4,0,5.16,0.3121,5.21,12,157.33,0,9402,6,15,2,0,1,0,,,1,,,,1,0,9,,,,,,,0,1,72,,,,,,,0,0,,0,,0
605998,04/11/2012 13:42,5,219,,,219,90946,3,4.5,1,2.08,0.0228,5.08,24,169,0,19626,1,83,2,0,1,1,-36.4543,1484.64,0,,,,,,,0,0,,,,,0,0,,,,,,,,0,0,,0,,0
317626,05/11/2012 19:45,11,103,,,103,12516,5,4.5,0,4.25,0.318,5.08,20,205.5,0,8007,1,128,2,0,1,0,,,0,,,,,,,,,,,,,,,,,,,,,,,,,0,,0
587843,07/02/2013 22:18,5,219,,,219,86263,2,4,1,1.95,,4.57,19,59,0,3045,1,1,1,0,1,1,,22.36,1,,,,0,0,,0,0,,,,,,,,,,,,,,0,0,,0,,0
293898,24/06/2013 09:47,5,219,,,219,82767,4,4.5,0,4.29,0.09,0,9,126,0,21808,1,3,2,0,1,1,,268.36,0,,,,,,,,,,,,,,,,,,,,,,,,,0,,0
586483,07/05/2013 09:25,16,31,,,31,13652,3,3,0,3.37,,4.43,26,85.01,0,1003,1,9,2,0,1,1,,116.32,1,,,,,,,,,,,,,0,0,,,,,,,,,,,0,,0
83879,21/03/2013 10:02,5,219,,,117,126404,4,0,0,2.08,,4.45,16,28,0,18207,1,22,1,0,1,1,,7631.62,0,,,,,,,,,,,,,,,,,,,,,,,,,0,,0
603647,17/03/2013 14:10,5,219,,,219,85001,2,0,0,0.69,,4.68,33,79,0,10446,1,63,2,0,1,0,,40.18,1,,,,,,,,,,,,,,,,,,,,,,,,,0,,0
345434,31/03/2013 15:39,18,129,,,60,2568,3,3,0,1.95,0.0004,4.67,30,75.62,0,28150,1,125,4,0,1,1,,,1,,,,,,,,,,,,,,,,,,,,,,,,,0,,0
364914,14/05/2013 20:23,24,216,,,216,112391,3,0,0,1.79,,4.2,18,40.86,0,11470,2,91,2,0,1,0,,,1,,,,,,,,,,,,,,,,,,,,,,,,,0,,0
271114,05/11/2012 12:11,5,219,,,219,118098,3,4.5,1,2.48,,5.83,13,190,0,23173,1,1,1,0,1,0,-9.448,29.64,0,,,,0,0,,,,,,,,,,,,,,,,,,,,0,,0
199548,20/11/2012 13:13,5,33,,,33,60092,5,3.5,1,1.79,0.0577,5.46,1,304,1,7710,2,10,2,0,1,1,,,0,,,,,,,,,,,,,0,0,135,0,0,,,,,,,,0,,0
339111,06/11/2012 23:03,23,181,,,181,27645,5,4,0,4.41,0.0513,5.82,20,267.65,0,12907,2,3,2,0,1,1,,,0,,,,,,,,,,,,,,1,,,,,0,0,,,,,0,,0
364025,07/01/2013 15:57,14,100,2.5,80.56,100,95604,3,4,0,4.13,0.1913,5.03,22,125.77,0,21871,1,29,1,0,1,0,,1686.61,1,,,,0,0,,,,,,,,0,0,,,,,,,,0,0,,0,,0
4565,03/03/2013 08:13,5,219,,,219,16155,4,4.5,1,2.56,0.019,5.09,6,159,0,16570,1,6,2,0,1,1,,5.52,0,,,,,,,0,0,,,,,0,0,,,,,,,,0,0,,0,,0
95388,12/01/2013 08:25,14,100,,,219,42058,4,5,0,3.3,0.1503,5.48,10,141.15,1,16858,7,27,2,0,1,0,,1050.14,0,,,,,,,,,,,,,,,,,,,,,,,,,0,,0
562838,08/05/2013 19:04,5,219,,,219,34972,2,3,1,1.39,0.3945,4.31,3,55,0,21201,2,51,2,2,1,1,,267.17,0,,,,,,,,,,,,,,,,,,,,,,,,,0,,0
321883,15/11/2012 21:52,5,219,,,219,49210,4,4,1,2.56,,4.93,27,159,0,19779,1,0,2,0,1,1,,55.39,0,,,,0,0,,0,0,,,,,,,,,,,,,,0,0,,1,102.77,1
527699,26/02/2013 20:37,5,219,,,219,71087,3,4,1,2.08,0.0103,4.95,15,160,0,4075,1,18,3,0,1,1,,1270.03,1,,,,0,0,,,,,,,,,,,,,,,,,0,0,,0,,0
123551,09/12/2012 16:36,5,219,,,219,5505,3,3.5,1,4.17,0.0063,5.23,35,169,0,25335,1,25,2,3,1,1,,1065.68,1,,,,0,0,,-1,0,14,,,,0,0,,,,,,,,-1,0,14,0,,0
416937,30/11/2012 16:47,5,219,,,219,99805,3,3.5,1,1.39,,4.46,22,69,1,3495,2,0,2,0,1,1,,121.41,0,,,,0,0,,0,0,,,,,1,0,11,,,,,,,0,0,,0,,0
173881,25/05/2013 14:17,5,219,,,219,104948,2,3,1,2.3,0.0265,4.84,1,95,0,4613,1,1,2,0,1,0,,304.83,1,,,,0,0,11,,,,,,,-1,0,9,,,,,,,-1,0,9,0,,0
461308,19/04/2013 06:24,5,219,,,100,33682,3,4,0,4.01,0.1032,5.15,18,139,1,13927,1,15,4,1,2,1,,398.09,0,,,,,,,,,,,,,1,0,11,,,,,,,,,,0,,0
315776,13/03/2013 06:49,24,99,,,132,13108,1,2.5,0,5.72,0.7098,4.71,3,39.2,0,27231,1,0,1,0,1,0,,,0,,,,,,,,,,,,,,-1,,,,,,,,,-1,,1,39.2,1
488208,11/11/2012 12:01,5,50,3.5,333.01,50,99055,4,4,0,4.13,0.0529,5.19,10,106,0,16976,1,1,1,0,1,0,,672.52,0,,,,,,,,,,,,,0,0,,,,,,,,,,,0,,0
370177,12/12/2012 08:16,14,100,,,219,68833,2,3.5,1,3.5,0.0799,5,32,54.86,0,26067,4,0,2,0,1,0,,,0,,,,0,0,,,,,,,,0,0,,,,,,,,,,,0,,0
65514,14/06/2013 22:12,24,216,,,98,92919,4,4,1,4.52,0.0372,0,2,59.95,1,24731,2,34,2,0,1,1,,,0,,,,,,,0,0,,-1,0,12,0,0,,,,,,,,,,,0,,0
470945,09/05/2013 16:17,5,219,,,219,139470,2,4,1,1.61,0.0532,4.99,6,209,0,3715,5,86,3,0,1,0,,2436.55,0,,,,,,,,,,,,,,,,,,,,,,,,,0,,0
353955,09/05/2013 11:27,4,50,,,31,137670,4,4.5,0,6.47,0.1537,5.71,35,200.66,1,23495,3,83,2,0,1,0,,5662.77,1,,,,,,,,,,,,,,,,,,,,,,,,,0,,0
163433,04/05/2013 04:02,5,32,,,100,82151,2,4,1,2.08,0.1043,4.92,22,98,0,3410,1,82,2,0,1,1,,5173.32,0,,,,0,0,,,,,,,,0,0,,,,,,,,,,,0,,0
471433,22/04/2013 13:10,5,100,,,100,29415,3,4,0,2.4,0.2389,5,6,126,0,25572,1,45,1,0,1,1,,633.38,0,,,,1,0,7,,,,,,,1,0,7,,,,,,,,,,1,136.97,1
243607,03/12/2012 18:42,18,15,,,50,32968,3,0,0,1.1,0.0435,5.04,1,121.39,0,6794,4,10,2,0,1,1,,,1,,,,,,,,,,,,,0,0,,,,,,,,,,,0,,0
38594,24/06/2013 09:10,5,219,,,219,84225,2,3,0,0.69,0.0279,0,19,60,0,19371,3,8,1,0,1,0,,256.35,0,,,,,,,,,,,,,,,,,,,,,,-1,0,16,0,,0
313379,24/02/2013 11:37,18,129,,,129,139248,4,4.5,1,4.64,0.0265,5.26,13,122.68,0,19968,5,15,2,0,1,0,,195.78,0,0,0,,,,,,,,,,,0,0,,0,0,,0,0,,,,,0,,0
488561,16/02/2013 09:21,12,99,,,223,13736,5,4.5,1,5.53,0.2424,6.21,10,334.09,1,9733,3,6,3,0,1,1,,,0,,,,,,,,,,,,,0,0,,,,,,,,,,,0,,0
311208,06/12/2012 21:10,4,50,,,50,42614,4,0,0,2.08,0.0088,5.05,9,186.29,0,24896,8,29,2,1,1,0,,1173.85,0,,,,,,,,,,,,,,,,,,,,,,,,,0,,0
52620,15/02/2013 16:20,5,219,3.41,150.7,219,83978,2,3.5,0,2.77,0.1088,4.87,9,49,0,15125,3,3,2,0,2,0,,1989.56,0,,,,,,,,,,,,,,,,,,,,,,0,0,,0,,0
348509,08/03/2013 13:30,5,219,,,219,116753,3,4.5,1,2.4,,4.5,21,101,0,20046,2,11,2,0,1,0,,797.78,0,,,,0,0,,,1,,,,,0,0,,,,,,,,0,0,,0,,0
450568,13/04/2013 18:55,5,219,4.59,376.07,99,127289,3,4,0,3.43,0.2967,4.81,16,94,0,26103,2,139,2,0,1,1,,7609.52,0,,,,,,,,,,,,,,,,,,,,,,,,,0,,0
556075,26/11/2012 21:10,5,219,,,219,85194,4,4.5,1,2.56,0.0298,5.42,14,117,1,7434,3,32,2,0,1,1,,1531.93,0,,,,0,0,,0,0,,,,,-1,0,7,,,,,,,-1,0,7,0,,0
364289,29/03/2013 14:48,14,100,,,100,133212,4,4,0,4.01,0.1809,5.41,21,156.28,0,20799,2,41,1,0,1,1,,453.22,1,,,,,,,,,,,,,,,,,,,,,,,,,0,,0
569952,24/04/2013 14:27,15,55,,,129,50346,3,4,0,3.37,,4.66,21,114.52,0,20306,1,2,1,0,1,1,,,1,,,,,,,,,,,,,,,,,,,,,,,,,0,,0
350741,04/11/2012 11:55,5,219,,,219,121675,4,4.5,0,3.83,0.1053,5.94,10,305,0,2017,5,21,1,0,1,0,,829.69,0,,,,0,0,,0,0,,,,,,,,,,,,,,0,0,,0,,0
374074,20/06/2013 01:40,5,219,,,219,121076,3,4,0,3.37,0.0143,0,29,209,1,4182,1,0,4,0,1,1,,0.18,0,,,,0,0,,0,0,,,,,,,,,,,,,,0,0,,0,,0
11706,12/04/2013 10:52,5,77,,,4,93465,4,4.5,0,2.89,0.0164,5.04,28,81,0,1699,4,144,2,0,1,0,,,1,,,,,,,,,,,,,,,,,,,,,,,,,0,,0
333272,17/11/2012 19:43,5,219,,,219,6642,3,4,0,2.89,0.0732,5.06,22,79,0,26531,3,8,2,0,1,0,,271.25,1,,,,0,0,,0,0,,,,,0,0,,,,,,,,0,0,,0,,0
281316,24/04/2013 20:52,14,100,,,219,91687,4,4.5,1,4.76,,5.69,27,249.61,0,20147,3,94,1,1,1,1,,1401.31,1,,,,,,,,,,,,,,,,,,,,,,,,,0,,0
213144,19/12/2012 13:03,5,219,,,219,34790,3,4,0,4.89,0.5094,5.3,3,84,0,4045,1,6,2,0,1,0,,,1,,,,0,0,,,,,,,,,,,,,,,,,0,0,,0,,0
533424,15/05/2013 15:52,5,219,,,219,57978,2,2.5,0,3.14,0.0924,5.05,15,179,0,2447,1,53,3,0,1,0,,1889.19,1,,,,,,,,,,,,,,,,,,,,,,,,,0,,0
435056,26/03/2013 08:00,14,219,,,219,67340,3,4,0,1.95,0.543,4.83,6,94.48,1,25944,1,29,1,0,1,0,,2186.77,1,,,,,,,,,,,,,,,,,,,,,,,,,0,,0
390667,29/03/2013 23:13,24,216,,,219,81465,4,4.5,1,4.43,0.0489,5.25,10,178.87,0,18774,1,46,1,0,1,0,,,0,,,,,,,,,,,,,,,,,,,,,,,,,0,,0
191154,03/04/2013 20:09,5,219,4,252.75,99,53721,3,4,0,2.4,,5.09,12,179,0,19269,2,84,1,2,1,0,,,0,,,,,,,,,,,,,,,,,,,,,,,,,0,,0
201625,15/12/2012 17:06,14,100,3.32,146.24,103,93840,4,3.5,0,3.91,0.0891,5.05,8,185.69,0,26538,2,33,2,0,2,1,,9282.26,0,,,,,,,,,,,,,,,,,,,,,,,,,0,,0
279206,02/02/2013 14:46,5,219,,,219,36220,3,4.5,1,1.61,0.018,4.93,25,110,0,9179,3,6,2,0,1,1,,103.14,0,,,,,,,-1,0,5,,,,-1,0,5,,,,,,,-1,0,5,0,,0
291994,24/02/2013 13:32,14,100,,,219,118327,3,4.5,1,2.89,0.0565,4.68,27,76.36,0,11230,1,38,1,1,1,0,,,0,,,,,1,,0,0,,,,,,,,,,,,,,,,,0,,0
34908,03/01/2013 18:43,32,220,,,219,60846,4,4.5,1,4.13,0.2318,5.54,18,146.54,1,8192,4,11,2,0,1,0,,7731.05,0,,,,0,0,,0,0,,,,,0,0,7,,,,,,,0,0,7,0,,0
381537,06/11/2012 16:02,16,31,,,31,116824,0,2.5,0,6.46,0.3006,5.85,27,115.33,0,23840,2,55,1,1,1,0,,123.54,1,,,,,,,,,,,,,0,0,,,,,,,,,,,1,,0
211729,13/04/2013 20:02,14,100,,,219,47640,3,3.5,1,2.2,0.2301,4.72,12,112.47,0,607,1,30,2,0,1,0,,688.86,0,,,,,,,,,,,,,,,,,,,,,,,,,0,,0
233977,03/06/2013 00:23,32,220,,,39,69450,2,2,0,4.04,0.0537,0,30,105.52,0,15122,4,74,2,2,2,1,,2430.15,1,,,,0,0,,0,0,,0,0,,0,0,,,,,,,,,,,0,,0
359560,15/06/2013 10:24,32,220,,,32,31165,4,3,0,3.26,0.0332,0,9,265.07,0,20118,3,87,2,0,1,0,,10161.85,1,,,,,,,,,,,,,,,,,,,,,,,,,0,,0
449364,27/01/2013 10:49,18,129,,,31,112174,0,5,0,4.37,0.1381,5.67,15,269.25,0,16902,1,180,2,0,1,1,,460.99,0,,,,,,,,,,,,,,,,,,,,,,,,,0,,0
530262,05/01/2013 15:05,24,216,,,164,135484,4,4,0,3.95,0.0979,4.12,21,43.63,1,17232,5,76,2,0,1,0,,,0,,,,,,,,,,,,,,,,,,,,,,,,,0,,0
358784,20/11/2012 16:54,5,219,,,219,67974,4,4.5,1,1.39,,5.16,20,185,0,26609,2,41,2,0,1,0,-20.5902,662.16,0,,,,,-1,,,-1,,,,,,,,,,,,,,,,,0,,0
566250,04/05/2013 10:37,15,55,,,26,17356,5,3,0,5.35,0.0084,5.49,8,113.69,0,14232,7,86,2,0,1,0,,,1,,,,,,,,,,,,,,,,,,,,,,,,,0,,0
426403,29/01/2013 09:12,14,100,,,100,124575,3,4.5,1,0,0.0097,5.26,18,191.83,0,18139,3,83,1,1,1,0,,746.12,1,,,,,,,,,,,,,,,,,,,,,,,,,0,,0
441444,20/11/2012 15:42,5,219,,,219,76560,3,3.5,1,1.1,0.1215,4.6,32,87,1,24103,1,1,2,0,1,0,,52.25,1,,,,,,,,,,,,,,,,,,,,,,,,,0,,0
260840,05/06/2013 16:10,5,219,,,219,75223,3,4.5,1,1.61,,0,7,119,0,15989,2,1,2,0,1,1,,2083.3,0,,,,0,0,,0,0,,,,,,,,,,,,,,0,0,,0,,0
376099,20/03/2013 17:17,5,219,,,219,135111,3,2.5,1,1.61,,4.51,36,95,0,5478,2,9,3,0,1,1,,89.67,0,,,,0,0,,0,0,,,,,,,,,,,,,,0,0,,0,,0
115991,09/05/2013 08:55,5,219,2.85,113.24,219,134555,3,4,1,2.48,0.1714,4.66,9,109,0,11299,1,5,1,0,1,0,,705.36,0,,,,,,,0,0,,,,,,,,,,,,,,0,0,,0,,0
251276,18/06/2013 10:31,5,219,,,219,126549,4,4.5,1,1.95,0.0135,0,7,164,1,6478,1,4,2,0,1,1,-10.3191,337.61,0,,,,,,,,,,,,,,,,,,,,,,,,,0,,0
142450,18/12/2012 18:59,5,219,,,98,130920,5,4.5,1,4.48,0.1678,4.55,21,91,1,4862,4,25,2,0,1,1,,8521.48,0,,,,1,0,10,,,,0,0,,0,0,,,,,,,,,,,0,,0
367000,29/05/2013 16:02,15,55,,,55,93033,4,3.5,0,5.66,,5.28,4,114.99,1,10114,2,4,2,0,1,0,-73.832,,0,,,,,,,,,,,,,0,0,10,,,,,,,,,,0,,0
377975,20/04/2013 12:51,5,219,,,219,99025,4,4,1,1.79,,5.11,16,149,0,7624,1,1,1,0,1,0,,14.45,0,,,,-1,0,14,0,0,14,,,,0,0,14,,,,,,,0,0,15,0,,0
550196,14/06/2013 13:26,14,100,,,55,87542,4,4.5,1,0.69,0.021,0,8,141.59,0,14331,1,87,2,1,1,0,,4396.79,0,,,,,,,,,,,,,,,,,,,,,,,,,0,,0
504160,27/02/2013 17:54,5,219,,,219,53745,3,4.5,1,3.22,0.0683,5.35,29,109,0,10679,2,9,2,0,1,1,,,0,,,,0,0,8,0,0,8,,,,0,0,8,,,,,,,0,0,8,0,,0
527297,19/04/2013 14:49,15,55,,,219,43010,4,4.5,1,5.97,0.4807,6.08,26,662.6,1,24700,5,236,3,0,1,0,,,1,,,,,,,,,,,,,,,,,,,,,,,,,0,,0
30353,18/03/2013 07:33,5,219,,,219,4726,3,4,1,0,0.0014,4.76,32,100,0,11381,3,127,1,2,1,0,,,0,,,,,,,,,,,,,,,,,,,,,,,,,0,,0
235361,31/12/2012 11:09,14,100,,,219,93770,4,4,1,3.85,0.3956,5.34,12,347.75,0,3187,3,254,1,0,1,0,,2389.58,1,,,,,,,,,,,,,,,,,,,,,,,,,0,,0
82381,09/12/2012 13:32,16,31,,,31,60684,3,3.5,0,5.2,0.642,4.56,10,116.35,0,25902,1,95,1,0,1,1,,,1,,,,,,,,,,,,,,,,,,,,,,,,,0,,0
471953,12/01/2013 20:25,24,216,,,219,67964,4,3.5,0,5.07,0.051,5.24,28,124.5,1,9402,3,61,2,0,1,1,,,0,,,,0,0,,0,0,,,,,0,0,,,,,,,,0,0,,0,,0
104253,12/11/2012 20:14,11,103,,,103,82564,4,4,0,4.09,0.031,4.76,20,244.44,1,13319,2,1,1,0,1,0,,,1,,,,,1,,,,,1,0,2,1,0,2,,,,,,,,,,0,,0
166017,14/05/2013 09:00,5,219,,,219,25506,3,4.5,1,1.61,0.0092,5.06,36,209,0,15934,1,4,2,0,1,1,,30.58,1,,,,,,,,-1,,,,,,,,,,,,,,,-1,,0,,0
370287,25/06/2013 21:29,5,219,,,219,18094,3,4.5,1,1.61,0.0268,0,10,114,0,25153,1,34,2,0,1,0,,549.14,0,,,,,,,,,,,,,,,,,,,,,,,,,0,,0
315480,01/06/2013 13:19,9,59,,,60,46799,3,4.5,0,4.62,0.0175,4.86,16,155.99,0,28150,2,69,2,2,1,1,,6089.44,1,,0,,,,,,,,,,,0,0,,0,0,,,0,,,,,0,,0
65578,06/01/2013 22:15,15,55,,,219,104690,2,3.5,0,2.4,0.0043,4.46,22,81.95,0,23605,14,78,2,0,1,0,,,1,,,,0,0,,,,,,,,0,0,,,,,,,,,,,0,,0
372921,15/12/2012 16:36,14,100,,,219,57384,3,3.5,1,3.37,0.2657,5.02,10,99.44,0,17038,1,7,4,0,1,1,,1760.08,1,,,,0,0,,0,1,,,,,,,,,,,,,,0,0,,0,,0
330445,24/06/2013 16:38,5,219,,,219,40065,2,2,1,1.39,,0,18,59,0,26007,2,53,2,0,1,1,-54.6205,98.15,0,,,,,,,,,,,,,,,,,,,,,,,,,0,,0
107608,17/02/2013 11:25,5,219,,,219,77250,3,2.5,1,1.61,0.0142,5.06,13,182,0,12638,2,139,2,3,1,1,,222.42,0,,,,,,,,,,,,,,,,,,,,,,,,,0,,0
153373,24/01/2013 09:06,5,219,,,219,88555,2,4,1,2.48,,4.76,22,65,0,17195,1,4,2,0,1,0,,136.57,0,,,,0,0,,0,0,,,,,,,,,,,,,,0,0,,0,,0
54545,10/11/2012 07:31,5,219,,,219,128646,3,4.5,1,2.08,,4.71,10,94,0,27288,1,0,2,0,1,1,,22.31,0,,,,0,0,,0,0,,,,,,,,,,,,,,0,0,,0,,0
455103,17/02/2013 22:09,11,103,,,220,52496,4,4,1,0.69,0.1499,5.01,4,146.19,0,17898,1,26,2,0,1,1,,,1,,,,1,0,10,1,0,11,0,0,,0,0,,,,,,,,,,,1,,0
72703,26/01/2013 14:34,15,55,,,60,89720,4,4.5,0,5.75,0.0427,5.25,35,83.74,1,28150,3,42,2,0,1,1,,,0,1,0,14,,,,,,,,,,0,0,,,,,0,0,,,,,0,,0
43275,18/02/2013 16:11,5,219,,,219,79150,3,4,1,0.69,,4.88,7,89,1,26960,1,7,2,0,1,0,,59.36,0,,,,1,0,33,0,0,6,,,,-1,0,19,,,,,,,-1,0,19,0,,0
38568,03/12/2012 14:48,5,219,3.94,169.75,219,100748,4,4,1,4.29,0.147,5.56,3,147,0,7714,4,37,1,0,1,0,,2437.96,0,,,,1,0,3,0,0,,,,,1,0,6,,,,,,,0,0,,0,,0
343452,02/12/2012 03:45,14,100,,,219,98558,3,4.5,0,2.2,0.0579,5.23,8,148.83,0,25017,1,27,1,1,1,1,,165.65,0,,,,0,0,,0,0,,,,,,,,,,,,,,0,0,,0,,0
22179,02/12/2012 19:46,5,219,,,219,104685,3,4.5,1,1.79,0.0009,5.26,13,159,0,9402,3,30,4,1,1,0,,1558,0,,,,,,,,,,,,,0,0,,,,,,,,,,,0,,0
207034,05/01/2013 18:09,15,55,,,55,49813,3,3.5,1,0,0.0122,4.37,31,73.92,0,23052,1,28,2,0,1,1,,,1,,,,,,,,,,,,,0,0,,,,,0,0,,,,,0,,0
11348,05/06/2013 19:07,14,100,,,100,5792,3,4,0,3.87,0.2284,0,36,87.97,1,19898,4,88,2,0,1,0,,853.3,1,,,,,,,,,,,,,,,,,,,,,,,,,0,,0
399863,08/01/2013 13:22,5,219,,,219,136725,3,4,1,1.95,0.0206,4.98,14,127,0,17582,14,14,2,0,1,0,,,1,,,,,,,,,,,,,,,,,,,,,,-1,0,48,0,,0
94688,24/04/2013 22:48,5,219,,,219,74474,3,4.5,1,2.4,0.1255,5.03,33,192,0,23246,3,12,1,0,1,0,,940.56,0,,,,0,0,,0,0,,,,,,,,,,,,,,0,0,,0,,0
498508,21/06/2013 21:49,14,100,,,100,70676,3,4,1,3.56,0.0244,0,9,195.08,0,20438,2,7,1,0,1,1,,,1,,,,,,,,,,,,,0,0,,,,,,,,0,0,,0,,0
242667,28/02/2013 18:49,5,219,,,219,28939,2,3.5,0,2.89,0.0179,4.49,26,67,0,13539,7,75,2,0,1,0,,1724.58,0,,,,,,,,,,,,,,,,,,,,,,,,,0,,0
265603,02/02/2013 08:41,19,158,,,158,53055,3,3.5,0,3.66,0.1054,4.59,21,47.93,0,1199,2,0,2,0,1,1,-19.0723,,0,,,,,,,0,0,,0,0,,,,,,,,,,,,,,0,,0
215411,06/11/2012 05:18,24,99,,,55,93055,3,3.5,0,5.51,0.0652,5.12,26,110.94,0,10979,2,21,2,0,1,0,,,0,,,,,,,,,,,,,0,0,,,,,0,0,,,,,0,,0
191710,14/01/2013 19:08,5,219,,,219,64329,3,4.5,1,0,,4.72,21,119,0,7945,1,5,2,0,1,1,,101.1,0,,,,,,,0,0,24,,,,,,,,,,,,,-1,0,28,0,,0
35887,14/11/2012 07:13,5,219,,,216,88685,2,4,0,4.14,,4.57,24,74,0,25036,3,11,2,0,1,0,,7409.12,0,,,,,,,0,0,,0,0,,0,0,,,,,,,,,,,0,,0
269848,06/05/2013 18:22,14,100,,,100,128569,4,4.5,1,0.69,0.0064,5.56,21,227.45,0,19215,1,4,2,0,1,1,,2.82,0,,,,0,0,,,,,,,,0,0,,,,,,,,0,0,,0,,0
82828,23/01/2013 11:32,5,219,,,219,117787,4,4,1,3.83,0.3441,5.71,6,174,1,27236,4,35,1,0,1,0,,467.61,0,,,,0,0,,,,,,,,0,0,,,,,,,,,,,0,,0
419974,04/06/2013 16:48,5,219,,,219,1742,2,4.5,1,1.1,0.0137,0,18,100,0,25332,3,1,2,0,1,0,,,1,,,,,,,,,,,,,,,,,,,,,,,,,0,,0
306478,08/12/2012 22:56,32,220,,,55,97997,3,4,1,4.47,0.0189,5.22,3,291.56,0,5983,6,230,2,0,1,0,,10513.32,1,,,,,,,,,,,,,,,,,,,,,,,,,0,,0
158718,11/06/2013 18:21,5,219,,,219,121876,3,4,0,3.47,0.4641,0,11,199,0,26238,2,24,2,0,1,1,,225.62,1,,,,,,,,,,,,,,,,,,,,,,,,,0,,0
99431,22/01/2013 21:09,14,100,,,100,128317,4,4.5,0,4.03,0.0624,5.2,22,136.1,0,19898,3,66,2,0,1,1,,453.54,0,,,,,,,,,,,,,,,,,,,,,,,,,0,,0
440604,16/03/2013 06:52,5,219,,,219,91009,2,2.5,0,2.56,0.1625,4.34,10,79,0,9202,1,0,2,0,1,1,,77.32,0,,,,,,,,,,,,,-1,0,17,,,,,,,-1,0,17,0,,0
69698,15/12/2012 20:44,12,99,,,99,125484,3,3,0,5.25,0.1653,5.09,4,88.18,0,7961,1,0,2,0,1,1,,,0,1,0,5815,,,,,,,,,,-1,0,11,0,1,10,,,,-1,-1,16,0,,0
116181,15/04/2013 09:51,29,132,3.03,182.03,219,32112,5,4.5,1,5.82,0.1174,6.09,21,297.18,0,4562,4,109,1,1,2,1,,,0,,,,,,,,,,,,,,,,,,,,,,,,,0,,0
451956,21/04/2013 16:19,15,55,,,99,18560,4,4,0,5.23,0.066,5.69,34,233.05,0,15708,2,61,2,0,1,1,,,0,1,-1,7,,,,,,,,,,0,-1,,0,-1,,0,-1,,,,,0,,0
334038,11/01/2013 04:43,5,219,,,219,23690,3,4.5,1,1.61,,4.61,28,71,0,15906,1,9,2,0,1,0,,121.06,0,,,,0,0,,0,0,,,,,,,,,,,,,,0,0,,0,,0
192565,10/02/2013 07:07,14,100,,,100,3724,3,3.5,1,4.22,0.1163,5.19,7,161.68,0,21871,3,18,2,0,1,1,,313.14,0,,,,0,0,,0,0,,,,,0,0,,,,,,,,0,0,,0,,0
380652,24/04/2013 21:02,15,55,,,55,92777,3,0,1,0.69,,4.61,34,91.62,0,5577,1,13,1,1,1,0,,,1,,,,,,,,,,,,,0,0,,,,,,,,,,,0,,0
224670,27/02/2013 16:06,5,219,2.25,205,219,138704,0,3.5,0,0,0.0024,4.93,28,99,0,3715,5,31,2,2,1,0,,179.39,0,,,,,,,,,,,,,,,,,,,,,,,,,0,,0
595825,21/11/2012 21:59,5,219,,,219,25979,2,3,1,3.5,0.0551,4.57,26,103,0,9899,3,33,4,1,3,0,,383.06,0,,,,0,0,,0,0,,,,,,,,,,,,,,0,0,,0,,0
433600,22/12/2012 07:04,5,219,,,219,55248,4,4.5,1,3.66,0.0617,5.35,2,79,0,1143,1,2,2,0,1,0,,151.93,0,,,,,,,0,0,7,,,,,,,,,,,,,0,0,,0,,0
80218,05/03/2013 11:38,16,31,,,34,22301,4,3,0,0.69,,6.21,33,263.64,1,26987,10,131,4,1,2,0,,4376.42,1,,,,,,,,,,,,,,,,,,,,,,,,,0,,0
358219,30/06/2013 12:25,5,219,,,219,95307,4,3.5,1,2.4,,0,10,97,1,6230,19,27,2,0,1,0,-15.6065,9.2,0,,,,,,,0,0,,,,,0,0,,,,,,,,0,0,,0,,0
205502,06/06/2013 22:01,18,31,,,31,1558,3,0,0,1.1,,0,3,132.47,0,16445,3,25,2,1,1,0,,49.18,0,,,,,,,,,,,,,,,,,,,,,,,,,0,,0
342637,22/04/2013 17:06,5,219,,,219,14050,3,4.5,1,2.2,0.0363,5.26,24,259,0,23129,1,12,2,0,1,1,-26.8507,,0,,,,0,0,,0,0,,0,0,,0,0,,,,,,,,0,0,,0,,0
395044,13/05/2013 16:53,24,216,,,215,17990,5,4,0,2.89,0.0226,6.21,7,427.86,0,10208,2,43,2,0,1,0,,,0,,,,,,,,,,,,,,,,,,,,,,,,,0,,0
283436,25/02/2013 12:51,5,219,,,219,122844,3,4.5,1,2.3,0.0032,4.95,28,209,0,23246,4,9,1,1,1,0,,849.87,1,,,,0,0,,0,0,,,,,0,0,,,,,,,,0,0,,0,,0
449174,15/05/2013 17:26,7,100,4,457.9,129,58887,4,4.5,1,4.81,0.0269,5.35,15,132.91,1,16076,4,41,2,0,1,0,,4717.81,0,,,,,,,,,,,,,0,0,,,,,1,0,3,,,,0,,0
296797,20/12/2012 14:13,5,219,,,219,49656,3,3.5,0,3.76,0.0937,4.91,32,30,1,8192,3,32,2,0,1,0,,890.53,1,,,,0,0,,0,0,,,,,1,0,50,,,,,,,0,0,,0,,0
28103,29/01/2013 14:48,15,55,,,219,112574,4,3.5,0,1.95,0.0064,4.97,9,195.46,1,4562,4,162,2,1,1,0,,,1,,,,,,,,,,,,,,,,,,,,,,,,,0,,0
424756,14/04/2013 21:26,5,219,,,219,95292,4,3.5,1,2.71,0.0111,4.89,19,74,1,8347,8,2,2,0,1,0,,1076.61,1,,,,,,,0,1,,,,,,,,,,,,,,0,0,,0,,0
594987,23/06/2013 12:40,18,129,,,219,8150,2,2.5,1,3.37,0.006,0,36,99.72,0,21382,1,70,2,0,1,0,,5656.73,0,,,,,,,,,,,,,,,,,,,,,,,,,0,,0
559066,11/03/2013 17:23,14,100,,,100,89238,4,4,1,3.04,,5.24,29,96.5,0,12676,1,25,1,0,1,1,,1182.51,0,,,,0,0,,0,0,,,,,0,0,,,,,,,,0,0,,0,,0
164129,03/01/2013 16:42,5,219,,,100,82830,3,3.5,0,4.2,0.2673,5.01,7,72,1,15438,4,14,2,1,1,1,,1412.67,0,,,,0,0,,,,,,,,0,0,,,,,,,,0,0,,0,,0
132806,18/12/2012 18:36,22,92,,,157,26649,3,4,0,3.5,0.1141,4.76,18,116.75,1,4510,2,73,2,0,1,1,,,1,,,,,,,,,,,,,,,,,,,,,,,,,0,,0
504551,22/06/2013 19:49,5,219,,,219,60008,4,4.5,0,3.47,0.1124,0,9,226,0,13539,3,30,2,0,1,0,,844.32,0,,,,0,0,,,,,,,,0,0,,,,,,,,,,,0,,0
506823,06/03/2013 17:44,14,100,,,100,85780,3,4,1,2.4,,5.15,7,198.64,0,21368,1,0,1,0,1,0,,,0,,,,,1,,,,,,,,0,0,,,,,,,,0,0,,0,,0
216480,12/06/2013 22:08,18,129,,,129,89488,3,4.5,1,1.79,0.2003,0,20,478.03,0,2343,1,1,2,0,1,1,,95.7,0,,,,,,,,,,,,,0,0,,0,0,,0,0,,,,,0,,0
349960,21/05/2013 15:52,5,219,,,219,50907,0,3.5,1,2.2,,4.6,25,135,0,2848,1,31,1,0,1,1,,806.57,0,,,,-1,0,4,0,0,,,,,,,,,,,,,,-1,0,5,0,,0
170232,12/11/2012 20:30,16,31,,,31,96552,4,3.5,0,6.88,,5.04,19,110.59,0,9483,3,41,2,0,1,0,,336.57,1,,,,,,,,,,,,,-1,0,5,,,,-1,0,5,,,,0,,0
154051,18/02/2013 21:01,18,129,,,181,70083,4,5,1,4.25,0.0545,5.63,25,268.36,1,26105,4,100,2,0,1,0,,689.71,1,1,0,12,,,,,,,,,,0,0,,,,,1,0,18,,,,0,,0
373481,06/03/2013 19:32,5,219,,,219,79192,2,2,0,3.43,0.0166,4.65,3,119,1,4335,7,30,2,0,1,0,,1538.62,1,,,,,,,,,,,,,-1,0,11,,,,,,,,,,0,,0
141434,04/04/2013 13:18,5,219,,,219,49281,2,3.5,1,1.95,0.0092,4.46,13,144,0,19994,2,29,2,0,1,1,,243.88,0,,,,,,,,,,,,,,,,,,,,,,,,,0,,0
598510,31/03/2013 17:08,29,132,,,215,86906,4,2.5,0,4.11,0.0012,5.09,28,153.81,0,2303,3,18,5,1,1,1,,,0,,,,,,,,,,,,,,,,,,,,,,,,,0,,0
58431,02/05/2013 07:10,5,219,,,219,45337,5,4.5,1,3.58,0.3437,5.74,15,349,0,17582,1,41,2,0,1,0,,,0,,,,0,0,,-1,0,8,,,,-1,0,2,,,,,,,-1,0,2,0,,0
330958,24/05/2013 12:08,5,219,,,219,67150,4,4.5,1,2.89,,5.39,7,135,0,18703,1,7,2,0,1,1,,,0,,,,0,0,,0,0,,,,,1,0,17,,,,,,,0,0,,0,,0
90910,03/03/2013 20:11,5,219,,,219,94613,3,4,0,2.77,0.1337,4.97,1,136,0,17402,2,5,2,0,1,1,,,0,,,,,,,,,,,,,0,0,,,,,,,,0,0,,1,341.64,1
151099,29/04/2013 20:01,5,219,,,219,6851,2,2.5,1,1.1,,4.73,7,67,0,1930,3,47,2,0,1,1,,1225.77,1,,,,0,0,,,,,,,,,,,,,,,,,,,,0,,0
522701,09/12/2012 12:34,18,55,,,219,127214,2,3,1,1.79,0.0027,4.64,20,50.42,0,15764,2,5,1,0,1,1,,,1,,,,1,0,4,,1,,,,,,,,,,,,,,1,0,20,0,,0
311381,03/04/2013 09:46,5,219,,,219,12391,3,3.5,1,0.69,0.0292,4.78,20,80,0,13104,1,3,1,0,1,1,,2033.74,0,,,,,,,0,0,,,,,,,,,,,,,,0,0,,0,,0
544902,21/05/2013 17:20,19,158,,,31,17795,4,4,0,6.87,0.1371,5.56,24,271.91,1,15620,1,25,2,1,1,1,,,0,,,,,,,,,,,,,,,,,,,,,,,,,0,,0
187525,19/02/2013 01:31,24,216,,,98,20737,5,4.5,1,4.9,0.061,5.8,9,195.7,1,24731,4,11,2,0,1,1,,,1,,,,,,,0,0,,0,0,,0,0,,,,,,,,,,,0,,0
369477,02/03/2013 20:10,5,219,,,219,69178,3,4.5,1,1.79,,4.91,7,144,0,20663,2,41,2,0,1,1,-19.6627,347.08,0,,,,,,,0,0,,,,,0,0,,,,,,,,0,0,,0,,0
397011,05/04/2013 20:24,5,219,,,219,116492,3,4,0,2.08,,4.48,12,70,0,10188,1,59,2,0,1,0,,1506.02,1,,,,,,,,,,,,,,,,,,,,,,,,,0,,0
249975,18/03/2013 19:39,15,138,,,138,29278,3,4.5,0,4.08,0.0067,5.53,16,96.68,1,26389,4,21,1,0,1,0,,,1,,,,,,,,,,,,,0,0,,,,,1,0,11,,,,0,,0
258081,16/11/2012 06:04,14,100,,,219,23347,3,3,0,3.71,0.2233,4.97,12,154.81,1,4138,3,20,1,0,1,1,,1252.56,0,,,,1,0,17,1,0,17,,,,1,0,7,,,,,,,,,,0,,0
553543,23/11/2012 11:28,15,55,,,219,136159,3,3.5,0,1.95,0.1341,5.11,1,131.43,1,20857,4,132,2,2,1,1,,,0,,,,,,,,,,,,,,,,,,,,,,,,,0,,0
275416,16/12/2012 11:00,24,72,,,35,111582,3,3,0,2.83,0.0392,4,6,36,0,26750,3,19,1,0,1,1,,,0,,,,,,,,,,,,,,,,,,,,,,,,,0,,0
78359,31/05/2013 14:04,18,15,,,15,74735,5,5,1,2.08,0.0243,5.67,19,135.17,0,23688,3,5,2,1,1,0,,,0,,,,0,0,,,,,0,0,24,0,0,24,,,,0,0,24,,,,0,,0
49666,06/05/2013 17:16,11,103,,,220,94430,5,4,1,4.55,0.3431,5.38,6,174.56,1,16757,4,41,2,1,1,0,-27.2554,,0,,,,,,,,,,,,,0,0,,,,,,,,,,,0,,0
364219,10/02/2013 08:26,24,216,3.21,45.93,98,119834,3,3.5,0,4.37,0.014,3.97,21,24.51,0,24731,1,60,2,0,1,1,,,0,,,,,,,,,,,,,,,,,,,,,,,,,0,,0
542704,20/01/2013 08:18,5,219,,,219,90312,5,4.5,1,4.49,0.0703,5.62,14,178,1,13216,4,17,2,0,1,0,,228.69,0,,,,0,0,,0,0,,,,,0,0,,,,,,,,0,0,,0,,0
60398,08/02/2013 23:11,15,55,,,100,3235,2,4,1,3.76,0.0113,5.06,19,139.06,1,982,7,45,2,1,1,0,,,1,,,,0,0,,,,,,,,0,0,,,,,,,,,,,0,,0
184297,08/12/2012 19:23,5,219,,,219,133311,4,4.5,1,3.47,0.1316,5.19,16,152,0,11537,2,23,3,2,2,0,,165.65,0,,,,,,,0,0,,,,,0,0,,,,,,,,0,0,,0,,0
251110,27/12/2012 10:52,14,100,,,219,4340,4,4,0,0,0.0321,5.57,6,174.84,1,21232,1,6,2,0,1,0,,1570.44,0,,,,0,0,,0,0,,,,,0,0,,,,,,,,0,0,,0,,0
198954,20/01/2013 13:11,5,219,,,219,119653,4,4,0,2.2,0.2134,4.28,1,35,0,3422,1,0,2,0,1,0,,234.86,0,,,,0,0,,0,0,,,,,,,,,,,,,,0,0,,0,,0
242971,01/11/2012 10:47,15,55,,,106,68693,5,0,0,1.95,,5.6,31,246.77,0,18366,1,64,2,0,1,1,,,1,,,,,,,,,,,,,,,,,,,,,,,,,0,,0
247210,09/01/2013 10:54,5,219,,,219,110196,2,4,1,2.56,0.0105,3.79,10,47,0,13275,3,58,8,0,4,1,,303.95,1,,,,1,0,6,,,,,,,1,0,6,,,,,,,,,,0,,0
489288,01/02/2013 23:13,5,92,4,450.83,32,87907,4,4.5,0,4.43,0.0266,5.75,16,209,0,11783,1,9,2,0,1,0,,,0,,,,,,,,,,,,,,,,,,,1,0,30,,,,0,,0
145647,23/05/2013 20:17,5,219,,,219,80076,3,4.5,1,1.61,0.0251,4.78,2,149,0,24566,2,2,2,0,1,1,,219.12,0,,,,,,,,,,,,,,,,,,,,,,,,,0,,0
39767,12/11/2012 14:52,5,219,,,219,107100,3,4.5,1,2.83,0.3165,4.8,19,79,0,17621,3,39,2,1,1,1,,1954.73,0,,,,0,0,,0,0,,,,,0,0,,,,,,,,0,0,,0,,0
171713,10/06/2013 21:32,14,100,,,219,126657,4,4,1,5.96,0.6078,0,31,287.42,1,24700,3,35,2,0,1,0,,333.65,0,1,0,11,1,0,11,0,0,,1,0,11,1,0,11,,,,,,,1,0,11,0,,0
210024,10/03/2013 22:17,15,55,,,55,97671,3,3.5,0,5.58,0.0112,5.49,16,67.16,0,10979,1,1,1,0,1,0,,,0,,,,,,,,,,,,,0,0,6,0,0,,1,0,12,0,0,,0,,0
242971,01/11/2012 10:47,15,55,,,106,8817,3,3.5,0,3.5,0.1499,4.58,2,88.71,0,18366,1,64,2,0,1,1,,,1,,,,,,,,,,,,,,,,,,,,,,,,,0,,0
263837,13/05/2013 16:42,5,219,,,99,85783,3,3.5,0,3.4,0.6042,5.25,6,163,0,4429,3,34,2,0,1,0,,5825.72,0,,,,,,,,,,,,,,,,,,,,,,,,,0,,0
59128,16/05/2013 22:32,24,216,,,31,37006,4,4.5,0,4.6,0.1415,5.69,1,289.08,0,4924,2,148,1,0,1,1,,,1,,,,,,,,,,,,,,,,,,,,,,,,,0,,0
546583,06/03/2013 19:35,14,100,,,219,63327,4,4.5,0,5.18,0.7645,5.66,27,258.72,0,25556,5,92,2,0,1,0,,802.58,0,,,,,,,,,,,,,,,,,,,,,,,,,0,,0
367638,09/01/2013 13:51,32,220,,,220,72110,5,4.5,0,0,0.0012,5.51,26,199.77,0,27735,1,0,2,0,1,0,,2249.45,1,,,,,,,,,,0,0,,0,0,,,,,,,,,,,0,,0
263814,08/02/2013 07:39,5,219,,,219,116527,0,1,0,1.39,,4.71,26,70,0,28074,1,103,2,0,1,0,-39.448,103.9,0,,,,,,,,,,,,,,,,,,,,,,,,,0,,0
181493,20/11/2012 17:05,15,55,,,160,39166,5,5,0,2.4,0.1674,5.99,8,334.45,0,9643,2,28,1,0,1,0,,,0,,,,,,,,,,,,,,,,,,,,,,,,,0,,0
402886,31/03/2013 12:06,14,100,,,100,21805,3,4,1,4.51,0.365,5.11,33,121.88,0,15438,2,0,1,0,1,0,,16.6,0,,,,1,0,2,,,,,,,1,0,2,,,,,,,1,0,2,0,,0
511312,22/06/2013 10:54,5,219,,,219,72154,3,4.5,1,1.1,,0,24,149,0,26982,2,8,2,0,1,0,,397.27,0,,,,0,0,,0,0,,,,,,,,,,,,,,0,0,,0,,0
539832,25/02/2013 10:23,15,55,,,55,61081,4,4,0,1.1,,5.29,7,113.74,0,936,1,72,2,0,1,0,,,0,,,,,,,,,,,,,,,,,,,,,,,,,0,,0
483159,28/06/2013 22:39,5,219,,,219,93512,2,4,1,3.22,,0,19,149,0,26238,1,14,2,1,1,1,,2541.42,0,,,,,,,,,,,,,0,0,,,,,,,,0,0,,1,,0
582693,17/06/2013 23:08,5,219,,,219,49656,3,3.5,0,3.76,0.0937,0,13,41,1,8192,3,51,2,0,1,0,,382.78,1,,,,0,0,42,,,,,,,0,0,,,,,,,,,,,0,,0
409884,20/05/2013 12:51,5,219,,,219,5710,2,3,0,3.53,0.0082,4.6,20,89,0,3073,1,71,2,0,1,0,,305.41,0,,,,,,,,,,,,,,,,,,,,,,,,,0,,0
453662,03/03/2013 16:26,5,219,,,100,75972,3,4,1,4.32,0.2102,5.22,34,119,0,21871,4,4,1,0,1,1,,462.96,0,,,,0,0,,0,0,,,,,0,0,,,,,,,,0,0,,0,,0
294639,19/06/2013 15:35,32,220,,,220,127066,5,4,1,4.57,0.2281,0,34,133.84,0,25981,3,18,2,0,1,0,,,0,,,,0,0,21,0,0,,,,,0,0,,,,,,,,,,,0,,0
417743,26/02/2013 19:16,15,55,,,73,45586,2,3,0,1.1,,4.41,33,65.03,0,17782,2,5,2,0,1,0,,,0,,,,,,,,,,,,,0,0,,0,0,,,,,,,,0,,0
566029,02/05/2013 10:25,5,219,,,219,116813,2,3,1,1.79,,4.12,13,54,1,17758,1,8,2,0,1,1,-37.6877,147.53,1,,,,1,0,17,1,0,17,,,,,,,,,,,,,1,0,7,0,,0
587991,25/04/2013 08:22,5,219,,,219,12043,4,4,1,2.77,0.0935,5.23,32,169,0,10794,2,26,1,0,1,0,,682.08,0,,,,0,0,,,,,,,,0,0,,,,,,,,0,0,,0,,0
253637,16/02/2013 15:59,5,219,,,31,49533,3,4,0,1.79,,4.91,24,68,0,221,1,31,2,0,1,0,,6010.23,0,,,,,,,,,,,,,,,,,,,,,,,,,0,,0
118690,15/04/2013 21:21,24,216,,,216,63778,3,4,0,4.67,0.1656,4.93,14,117.21,1,20497,1,90,2,0,1,0,,,0,,,,,,,,,,,,,,,,,,,,,,,,,0,,0
373714,19/12/2012 07:36,5,219,,,219,55473,3,3,0,1.1,0.0176,4.96,7,226,1,11395,4,14,2,0,1,0,,618.45,1,,,,,,,,,,,,,,,,,,,,,,,,,0,,0
90674,06/06/2013 23:01,5,219,,,219,3566,2,4,1,3.37,,0,19,135,0,14389,1,1,2,0,1,1,,5.87,1,,,,0,0,,0,0,,,,,1,0,11,,,,,,,0,0,,0,,0
126110,05/04/2013 14:22,5,219,,,219,52175,3,4.5,1,1.79,0.0032,4.78,36,109,0,11381,1,1,3,0,1,1,,1189.54,0,,,,,,,0,0,,,,,,,,,,,,,,0,0,,0,,0
523394,18/02/2013 15:29,15,55,,,55,91885,0,0,0,0,,4.79,20,177.85,0,276,1,3,1,0,1,1,,,0,,,,,,,,,,,,,,,,,,,,,,,,,0,,0
278571,04/01/2013 11:56,15,55,,,55,4047,4,4,1,0,0.0391,5.38,7,139.8,1,10010,1,2,2,0,1,0,,,0,,,,,,,,,,,,,0,0,,,,,0,0,40,,,,0,,0
470384,18/11/2012 13:48,5,219,,,219,140499,3,3,1,1.1,0.1483,4.83,9,99,0,4912,2,0,1,0,1,0,,98.56,0,,,,0,0,,,,,,,,,,,,,,,,,,,,0,,0
549813,21/03/2013 10:00,5,23,,,99,112296,2,4,0,3.09,,4.79,15,91,0,4071,4,43,2,0,1,1,,,1,,,,,,,,,,,,,,,,,,,,,,,,,0,,0
427843,20/02/2013 13:05,5,219,,,219,27281,2,2.5,1,2.89,0.1231,4.64,3,110,0,11413,1,121,2,1,1,1,,894.9,1,,,,,,,,,,,,,,,,,,,,,,,,,0,,0
229698,04/01/2013 20:32,5,219,,,219,38358,2,4,1,2.94,0.072,4.59,10,104,1,26661,3,180,2,0,1,0,,663.91,1,,,,,,,,,,,,,,,,,,,,,,,,,0,,0
465705,17/06/2013 15:50,5,219,,,219,109162,0,0,0,1.1,0.0127,0,31,101,0,13401,1,70,3,0,1,0,,1107.67,0,,,,,,,,,,,,,,,,,,,,,,,,,0,,0
92795,22/12/2012 16:48,14,100,,,100,56913,3,4,1,2.2,0.0175,5.21,18,145.99,0,8084,4,6,2,0,1,1,,930,0,,,,0,0,,,,,,,,0,0,,,,,,,,0,0,,0,,0
290768,22/11/2012 14:27,5,219,,,219,46505,4,4.5,1,4.77,0.0561,5.72,10,135,1,10662,2,22,2,0,1,1,,714.28,0,,,,0,0,5,0,0,5,,,,1,0,25,,,,,,,0,0,5,0,,0
186492,09/06/2013 10:18,16,31,,,99,268,3,3.5,0,5.08,0.0191,0,21,248.48,1,13292,3,18,2,1,1,1,,920.98,0,0,0,7,,,,,,,,,,-1,0,7,,,,-1,0,7,,,,0,,0
267063,25/03/2013 17:08,5,9,,,219,30470,4,4.5,0,5.62,0.0557,5.81,18,405,0,4562,2,44,2,1,1,0,,,1,,,,0,0,,0,0,,,,,0,0,,,,,,,,0,0,,0,,0
55906,07/06/2013 14:22,5,219,,,31,89936,3,4.5,0,2.83,,0,3,99,0,19678,4,168,2,0,1,1,,5803.21,0,,,,,,,,,,,,,,,,,,,,,,,,,0,,0
237546,08/04/2013 12:06,5,219,4,53.77,219,56941,2,3.5,1,2.71,0.1665,4.19,28,59,0,15000,2,7,1,0,1,0,,164.98,0,,,,0,0,,,,,,,,,,,,,,,,,,,,0,,0
581625,25/01/2013 13:54,5,219,,,219,131906,2,3.5,1,2.89,0.0086,4.7,31,60,0,9179,3,96,2,0,1,0,-76.3105,1336.57,0,,,,,,,,,,,,,,,,,,,,,,,,,0,,0
59470,03/02/2013 21:07,15,55,,,129,112430,4,3.5,1,2.08,,5.18,34,100.44,0,2343,1,52,2,2,2,0,,,1,,,,,,,,,,,,,0,0,,0,0,,0,0,,,,,0,,0
559957,18/03/2013 20:12,5,219,,,219,31272,1,2.5,1,0,0.0006,4.45,25,56,0,13870,4,19,2,0,1,1,,860.06,1,,,,0,0,,,,,,,,0,0,,,,,,,,0,0,,0,,0
66307,15/04/2013 11:21,5,219,,,219,703,2,4,0,0,0.0208,4.19,4,70,0,18111,3,94,3,2,2,1,,641.54,0,,,,,,,,,,,,,,,,,,,,,,,,,0,,0
326409,01/11/2012 18:40,5,219,,,219,105741,4,4.5,0,0,0.0062,5.3,8,134,1,18488,1,0,1,0,1,1,,1148.55,1,,,,0,0,,,,,,,,,,,,,,,,,,,,0,,0
197600,06/06/2013 17:46,14,100,,,219,24021,2,3,1,4.71,0.0996,0,9,191.93,1,5773,4,9,1,0,1,1,-21.7626,,0,,,,0,1,6,0,0,25,,,,0,0,5,,,,,,,0,0,5,0,,0
211939,26/03/2013 14:52,2,56,,,31,8578,2,5,0,3.09,0.0174,4.71,8,84.89,0,2693,2,38,2,1,1,1,,,0,,,,,,,,,,,,,,,,,,,,,,,,,0,,0
296126,10/04/2013 18:07,5,219,,,219,47199,4,4.5,0,3.61,0.1156,5.65,21,399,0,23676,2,85,2,0,1,1,,1720.14,1,,,,0,0,,1,0,10,,,,0,0,,,,,,,,0,0,,0,,0
22644,30/12/2012 18:06,5,219,,,219,72119,3,4.5,1,1.61,,4.89,3,199,0,19332,1,1,2,0,1,0,,88.88,0,,,,,,,0,0,20,,,,,,,,,,,,,0,0,,0,,0
124045,14/12/2012 01:37,5,219,,,219,134154,3,3.5,1,3.76,0.0937,4.64,3,91,1,8192,2,14,2,0,1,1,,365.67,0,,,,0,0,,0,0,,,,,0,0,20,,,,,,,-1,0,16,0,,0
393339,12/12/2012 18:20,5,219,,,219,56410,4,3.5,0,3.64,0.1083,5.42,1,74,1,19363,3,2,1,0,1,1,,230.62,0,,,,,,,,,,,,,,,,,,,,,,0,0,23,0,,0
100296,03/06/2013 09:05,5,219,,,219,56506,3,5,1,0,0.0044,0,20,99,0,1252,1,0,2,0,1,0,,73.99,0,,,,,,,0,0,,,,,0,0,,,,,,,,0,0,,0,,0
74665,16/06/2013 09:38,5,219,,,219,139692,3,4.5,1,2.56,0.0254,0,31,161,0,12638,1,59,2,0,1,0,,98.21,0,,,,,,,,,,,,,,,,,,,,,,,,,0,,0
383623,23/02/2013 10:47,5,219,,,31,73103,3,4,0,6.67,0.6846,5.57,8,312,0,11530,7,35,2,1,1,0,,4603.62,0,1,0,9,,,,,,,,,,0,0,,,,,,,,,,,1,2398.55,1
606265,07/01/2013 07:22,5,219,,,219,26006,4,4.5,0,3.47,0.0491,5.92,1,280,1,23605,1,38,2,0,1,1,,690.19,0,,,,0,0,,,,,,,,0,0,,,,,,,,0,0,9,0,,0
475853,07/05/2013 17:26,16,31,3.22,250.19,219,7880,4,4.5,1,5.88,0.2132,6.21,8,279.88,1,5143,8,79,2,0,1,0,,4018.15,0,,,,,,,0,0,,0,0,,0,0,,,,,,,,0,0,,0,,0
570075,04/01/2013 18:51,5,219,,,219,29930,3,4.5,1,1.79,0.0912,4.89,8,109,0,11146,1,1,1,0,1,1,,2.08,0,,,,,,,,,,,,,0,0,,,,,,,,,,,0,,0
163582,02/01/2013 16:33,5,219,,,219,114559,3,3.5,0,5.15,0.0918,5.37,15,348,1,23605,3,3,4,0,1,1,,652.2,0,,,,,,,,,,,,,-1,0,24,,,,,,,,-1,,0,,0
285112,12/11/2012 16:29,5,219,,,219,51769,2,3,1,2.2,0.1704,4.54,2,81,0,15566,1,5,2,0,1,1,,133.27,0,,,,0,0,,0,0,,,,,,,,,,,,,,0,0,,0,,0
190162,12/02/2013 17:51,5,219,,,219,122112,5,5,1,4.29,0.2668,5.95,24,238,0,8192,3,37,2,0,1,1,,252.54,0,,,,0,0,,0,0,,,,,0,0,,,,,,,,0,0,,0,,0
524098,21/12/2012 12:25,32,220,,,220,140696,4,3.5,1,5.01,0.4315,5.49,9,147.62,0,10757,2,0,2,0,1,1,,,0,,,,0,0,,1,0,2,0,0,,0,0,,,,,,,,,,,0,,0
53439,27/05/2013 14:19,7,219,,,219,116527,0,1,0,1.39,,4.94,13,68.66,0,4671,1,1,2,0,1,0,,706.82,0,,,,,1,,,,,,,,,,,,,,,,,,,,0,,0
41267,02/05/2013 20:21,5,219,,,219,837,2,4,0,2.64,0.1172,4.27,8,69,0,11977,1,38,2,2,1,0,,722.15,0,,,,,,,,,,,,,,,,,,,,,,,,,0,,0
233543,13/03/2013 15:36,14,100,,,100,34754,2,4,1,0.69,0.0002,4.92,18,95.37,0,14239,1,4,4,2,2,0,,1005.83,0,,,,,,,,,,,,,0,0,,,,,,,,0,0,,0,,0
239694,16/03/2013 08:25,14,100,,,100,111635,3,4.5,0,2.71,,5.13,33,107.91,0,2003,1,7,2,2,1,1,,170.76,1,,,,,,,,,,,,,0,0,9,,,,,,,0,0,9,0,,0
430511,22/12/2012 06:45,5,219,,,219,98509,3,4,0,3.09,0.0818,4.68,8,79,0,4335,2,27,3,0,2,1,,102.37,0,,,,1,0,88,,,,,,,,,,,,,,,,,,,0,,0
604143,15/03/2013 19:36,5,219,,,219,62879,2,4.5,1,1.39,0.0046,4.42,6,69,0,18000,1,14,1,0,1,1,,638.65,1,,,,0,0,,0,0,,,,,,,,,,,,,,,,,0,,0
595016,03/02/2013 06:55,5,219,,,219,84704,3,2.5,1,1.1,0.1417,4.53,9,122,0,10898,5,18,1,0,1,0,,,1,,,,0,0,,,,,,,,1,0,10,,,,,,,0,0,,0,,0
94149,27/06/2013 13:10,5,219,,,219,119699,3,4,0,2.94,,0,30,65,0,23414,1,13,2,0,1,0,-67.7973,121.28,0,,,,-1,0,9,,,,,,,,,,,,,,,,,,,0,,0
150590,01/04/2013 06:39,5,219,,,219,27028,3,4,0,4.01,0.1592,5.01,33,860,0,7342,1,1,2,0,1,0,,197.55,0,,,,,1,,,,,,,,,,,,,,,,,,,,0,,0
595750,23/05/2013 13:08,5,59,,,219,27853,2,2.5,1,2.71,0.0303,4.44,6,115,1,9412,1,2,2,0,1,1,,696.42,0,,,,1,0,4,-1,0,2,,,,1,0,4,,,,,,,1,0,4,0,,0
595535,13/05/2013 18:20,5,219,,,219,137441,0,3,1,2.3,0.2517,4.55,29,58,0,14251,2,3,4,0,1,1,,170.24,0,,,,1,0,12,1,0,12,,,,,,,,,,,,,1,0,12,0,,0
550384,30/11/2012 01:02,26,39,,,32,121792,3,4,1,4.53,0.149,5.34,29,192.59,0,16363,2,28,2,0,1,1,,,1,,,,,,,,,,,,,-1,0,22,0,0,,0,0,,,,,0,,0
79901,30/04/2013 06:17,24,216,,,81,124993,5,4,1,4.41,0.1579,4.88,7,88.5,0,25614,2,11,2,0,1,1,,,0,,,,1,0,9,0,0,,0,0,,1,1,3,,,,,,,,,,0,,0
191850,26/04/2013 11:56,5,219,,,219,62587,3,4.5,1,4.29,0.0826,5.43,24,219,0,3509,1,56,2,2,1,1,,,1,,,,,,,,,,,,,0,0,,,,,,,,-1,0,4,0,,0
53236,20/01/2013 09:51,5,219,,,219,69481,4,4.5,1,3.33,0.2524,5.29,6,99,0,23295,1,12,2,0,1,1,,149.64,0,,,,0,0,50,0,0,,,,,,,,,,,,,,0,0,,0,,0
282217,20/05/2013 21:17,5,219,,,219,99025,4,4,1,1.79,,5.12,4,103,0,19877,2,11,2,0,1,1,,25.16,0,,,,0,0,,0,0,,,,,0,0,,,,,,,,0,0,,0,,0
218122,24/11/2012 14:55,15,55,,,215,69517,4,4,0,2.2,0.0046,4.85,28,81.74,0,2303,2,13,2,0,1,1,,,0,1,0,6,,,,,,,,,,-1,0,3,,,,-1,0,3,,,,0,,0
417939,05/12/2012 10:40,15,55,,,158,3729,2,3,0,3.76,0.1392,2.96,15,49.9,1,22237,1,44,2,0,2,1,,,0,,,,,,,,1,,0,0,,1,0,24,,,,,,,,,,0,,0
181175,14/06/2013 16:12,5,219,,,219,53829,3,4.5,1,1.39,,0,18,169,0,3157,2,1,2,0,1,1,-23.2141,,0,,,,,,,0,0,,,,,0,0,,,,,,,,0,0,,0,,0
190320,23/06/2013 11:17,5,219,,,59,109446,3,4.5,0,3.26,0.177,0,12,90,0,23841,2,29,5,2,2,0,,931.92,0,,,,1,0,82,,,,,,,1,0,39,,,,,,,,,,0,,0
289347,03/04/2013 16:03,5,219,,,219,61529,4,4.5,1,5.7,0.5823,5.79,1,329,0,24700,1,1,2,0,1,1,,1022.69,0,,,,,,,,,,,,,,,,,,,,,,,,,0,,0
93727,14/06/2013 20:29,5,219,,,219,53298,2,3.5,0,3.14,,0,16,87,0,5756,5,13,3,0,1,0,,416.47,0,,,,0,0,,,,,,,,0,0,,,,,,,,,,,0,,0
77418,21/04/2013 20:43,24,216,,,211,125187,4,4,0,2.94,0.2341,5.85,3,120,0,25831,3,199,4,0,2,0,,,0,,,,,,,,,,,,,,,,,,,,,,,,,0,,0
279520,12/12/2012 11:07,5,79,,,81,21233,3,2,0,2.71,,3.72,32,171,0,4732,4,20,2,0,1,0,,,0,,,,,,,,,,-1,0,5,0,0,,,,,,,,,,,0,,0
475720,01/05/2013 21:40,5,219,,,100,14266,3,4,1,0,0.0022,4.93,30,129,0,2142,1,19,2,0,1,0,,,1,,,,0,0,,,,,,,,1,0,10,,,,,,,,,,0,,0
188871,01/02/2013 08:29,5,219,2.07,70.78,219,36854,2,4,1,0.69,,4.32,4,60,0,24236,1,5,1,0,1,0,,353.86,0,,,,0,0,,,,,,,,,,,,,,,,,,,,0,,0
116192,08/11/2012 19:28,5,219,,,219,62263,2,3,1,1.1,,4.54,22,69,0,18577,1,0,1,0,1,1,,3.68,0,,,,0,0,,0,0,,,,,,,,,,,,,,0,0,,0,,0
91119,03/06/2013 19:50,14,100,,,219,105301,3,5,1,3.3,0.15,0,3,218.91,0,18987,3,22,2,0,1,0,,2124.03,1,,,,,,,,,,,,,,1,,,,,,,,,,,0,,0
101256,29/11/2012 14:42,5,219,,,219,38616,3,4.5,1,2.64,0.133,5.53,4,144,0,7220,4,20,2,0,1,0,,167.5,0,,,,,,,,,,,,,0,0,,,,,,,,,,,0,,0
226014,02/05/2013 15:47,24,216,3.02,173.01,100,23776,4,4.5,1,1.1,0.0141,6.13,8,348.33,1,20438,1,53,2,0,1,0,,,0,,,,0,0,,,,,,,,1,0,33,,,,,,,1,0,33,0,,0
123193,10/11/2012 21:26,24,216,,,73,66551,4,3.5,0,4.82,0.0579,4.93,19,86.22,1,5193,2,20,1,0,1,1,,,0,,,,,,,,,,,,,-1,0,81,,,,-1,0,74,,,,0,,0
305792,04/04/2013 19:25,5,219,,,100,125859,3,4.5,0,4.97,0.2439,5.6,6,181,0,15438,3,42,4,0,1,1,,,1,,,,0,0,,,,,,,,0,0,,,,,,,,0,0,,1,,0
386244,28/11/2012 09:50,5,219,,,219,124734,3,4,1,2.3,,5.37,21,164,0,5677,1,16,4,0,1,1,,99.98,1,,,,0,0,,0,0,,,,,0,0,,,,,,,,0,0,,0,,0
338883,07/05/2013 22:00,29,132,,,202,89292,4,3.5,0,4.97,0.0412,5.1,30,109.86,1,22784,8,86,2,3,2,0,,,0,,,,0,0,,1,0,42,0,0,,-1,0,17,,,,,,,,,,0,,0
460758,10/03/2013 15:03,14,100,,,219,70684,4,4,0,2.4,0.0303,5.8,4,218.72,1,14167,2,24,2,0,1,0,,1228.18,0,,,,0,0,,,,,,,,0,0,,,,,,,,0,0,,0,,0
582531,10/04/2013 14:02,5,219,,,219,76614,3,4,1,1.95,0.0701,4.65,13,82,0,6771,1,23,2,0,1,1,,101.63,0,,,,0,0,,0,0,,,,,,,,,,,,,,0,0,,0,,0
261756,03/06/2013 10:30,14,100,,,219,129914,4,4.5,0,5.18,0.8649,0,27,200.43,0,25556,1,3,1,0,1,1,,1005.06,0,,,,,,,,,,,,,,,,,,,,,,,,,0,,0
473149,24/04/2013 13:47,18,220,,,164,39226,5,3.5,0,2.3,0.0322,4.93,4,97.61,1,22089,9,54,2,0,1,0,,4409.2,0,,,,,,,,,,,,,,,,,,,,,,,,,0,,0
41126,02/06/2013 17:43,23,181,,,219,81199,4,4,0,3.81,0.2153,5.94,14,265.7,0,4138,3,47,2,1,1,1,,,0,,,,,,,,,,,,,,,,,,,,,,,,,0,,0
217100,15/11/2012 15:13,15,55,,,219,7527,4,4.5,1,5.87,0.6727,6.21,34,406.16,0,24700,5,84,2,2,1,0,,,0,,,,,,,,,,,,,,,,,,,,,,,,,0,,0
270282,17/02/2013 18:12,11,103,,,219,78838,4,4.5,1,5.89,0.665,6.21,21,381.11,0,24700,11,167,2,0,1,0,,,1,,,,,,,,,,,,,,,,,,,,,,,,,0,,0
183351,14/11/2012 03:26,5,33,,,33,50391,5,4,1,4.01,0.5453,5.8,19,190,0,20313,1,1,2,0,1,1,,,0,,,,,,,,,,,,,0,0,,,,,,,,,,,0,,0
244647,18/11/2012 18:03,5,219,,,219,32031,3,4,1,3.5,,4.85,18,98,0,2964,1,13,1,0,1,1,,189.84,0,,,,,,,0,0,,,,,,,,,,,,,,0,0,,0,,0
388233,20/01/2013 16:58,5,219,3.16,215.97,219,82153,3,4.5,1,3.18,0.0394,4.87,27,169,0,26143,1,2,1,0,1,0,,,0,,,,,,,0,0,,,,,0,0,,,,,,,,0,0,,0,,0
491364,28/05/2013 19:32,14,100,,,100,104646,0,3.5,0,1.61,0.8932,5.13,6,229.85,0,10772,1,2,4,2,1,1,,139.49,0,,,,,,,,,,,,,,,,,,,,,,,,,0,,0
290679,07/11/2012 19:03,5,219,,,219,120960,3,4.5,1,3.04,0.071,4.9,25,93,0,24232,1,9,2,2,1,1,,,0,,,,0,0,,0,0,,,,,1,0,38,,,,,,,0,0,,0,,0
325169,24/04/2013 17:17,5,219,,,219,16787,3,4.5,1,2.64,0.2179,4.59,33,100,0,15934,1,59,8,2,4,1,,580.93,1,,,,-1,0,10,-1,0,10,,,,-1,0,10,,,,,,,,,,0,,0
150827,13/06/2013 10:08,7,100,,,100,56144,3,4.5,1,1.39,,0,4,127.97,0,4038,1,1,1,1,1,1,,46.75,0,,,,,,,0,0,,,,,0,0,,,,,,,,0,0,,0,,0
395488,25/03/2013 16:25,5,219,,,219,105408,4,4,0,5.79,0.5899,5.82,7,366,1,24700,3,17,3,1,1,1,,718.72,1,,,,,,,,,,,,,0,0,,,,,,,,0,0,,0,,0
324569,01/01/2013 10:41,5,219,,,219,82845,3,4,1,2.94,0.1423,4.87,13,81,0,27155,1,32,5,2,3,1,-20.0577,101.97,0,,,,0,0,,0,0,,,,,,,,,,,,,,0,0,,0,,0
236947,13/02/2013 16:09,5,219,,,100,97430,3,4.5,1,4.14,0.1448,5.27,25,82,0,6948,2,9,2,0,1,1,,311.66,0,,,,,,,,,,,,,1,0,18,,,,,,,0,0,,0,,0
194924,11/12/2012 22:47,24,216,,,215,67187,3,4,0,4.34,0.0714,5.03,2,58.12,0,10208,2,20,1,0,1,0,,,0,,,,,,,,,,,,,1,0,36,,,,,,,,,,0,,0
584231,15/02/2013 19:31,5,219,,,219,41396,3,4.5,1,2.77,0.0701,5.57,13,249,0,25593,1,4,2,0,1,0,,228.73,0,,,,0,0,,0,0,,,,,0,0,,,,,,,,0,0,,0,,0
142888,04/03/2013 06:43,14,100,,,100,20022,4,4.5,1,4.17,0.0441,5.2,25,203.45,0,12676,1,2,8,0,8,0,,1.05,0,,,,-1,0,5,-1,0,5,,,,0,0,,,,,,,,-1,0,5,0,,0
334174,05/11/2012 16:29,5,92,,,219,135416,3,4,1,2.2,0.5267,4.84,9,99,0,11183,1,47,2,2,1,1,,,0,,,,,,,,,,,,,,,,,,,,,,,,,0,,0
2912,17/05/2013 18:35,26,132,,,132,137048,4,4.5,1,0.69,0.0792,5.38,4,287.51,0,17638,1,44,8,0,3,0,,,0,,,,,,,,,,,,,,1,,1,0,6,0,0,,,,,0,,0
231505,27/06/2013 08:34,5,219,,,219,88570,4,4.5,1,1.61,,0,31,149,0,15566,2,16,2,0,1,1,,,0,,,,0,0,,0,0,,,,,0,0,,,,,,,,0,0,,0,,0
343988,28/11/2012 21:00,14,100,,,100,91402,4,4,0,3.53,0.0961,5.49,20,198.57,0,20438,1,2,1,1,1,1,,184.46,0,,,,,,,,,,,,,-1,0,11,,,,,,,-1,0,11,0,,0
548924,15/11/2012 16:01,9,59,,,59,55488,3,4.5,0,2.77,0.0096,5.33,21,140.74,0,27380,2,5,1,0,1,0,,1427.56,0,,,,,,,,,,,,,-1,0,15,,,,,,,,,,0,,0
240077,17/04/2013 14:51,5,219,,,219,57852,2,2.5,1,2.94,0.117,4.71,28,79,0,4075,1,88,2,2,1,0,,917.96,1,,,,,,,,,,,,,,,,,,,,,,,,,0,,0
321815,11/03/2013 09:01,14,100,,,100,20190,2,3.5,0,0.69,,4.4,8,73.11,0,1436,2,88,2,0,1,1,,33.29,1,,,,,,,,,,,,,,,,,,,,,,,,,0,,0
497511,01/11/2012 06:54,5,219,,,219,98239,3,4,0,5.29,0.0744,5.7,27,269,0,5143,3,4,2,0,1,0,,0.79,0,,,,-1,0,14,,,,1,0,271,1,0,7,,,,,,,0,0,8,0,,0
591641,15/04/2013 07:28,5,219,2.25,86.48,219,72263,2,4,1,1.39,0.2479,4.47,4,70,0,9687,2,2,1,0,1,0,,155.31,0,,,,1,0,6,,,,,,,,,,,,,,,,0,0,,1,155.8,1
155259,07/01/2013 10:46,5,219,,,219,47961,3,3.5,0,5.1,,5.25,28,263,1,9345,4,73,3,0,1,1,,1130.11,1,,,,0,0,,,,,,,,-1,0,21,,,,,,,-1,0,21,0,,0
245158,24/03/2013 15:12,5,219,,,80,83388,3,4,1,3.66,,5.62,28,149,0,1976,1,32,2,0,1,1,,2058.36,0,,,,,,,,,,,,,,,,,,,,,,,,,0,,0
110232,09/02/2013 17:35,5,219,,,219,69627,3,3.5,1,2.2,,4.73,33,99,0,104,1,47,2,0,1,1,,212.21,0,,,,,,,,,,,,,,,,,,,,,,,,,0,,0
199033,08/02/2013 09:51,1,13,,,70,64143,4,3.5,0,4.41,0.0058,5.11,1,25.29,0,231,4,25,1,0,1,0,,,0,,,,,,,,,,,,,,,,,,,,,,,,,0,,0
22307,17/11/2012 19:19,32,220,4.5,301.94,219,38310,0,4,1,1.61,0.2858,4.66,4,67.2,0,24483,1,29,2,0,1,0,,7539.8,0,,,,,,,,,,,,,,,,,,,,,,,,,0,,0
555364,08/04/2013 06:44,5,219,,,219,18384,3,4.5,1,0.69,,4.81,24,94,0,18490,3,10,1,0,1,1,,32.05,0,,,,,,,,,,,,,0,0,,,,,,,,,,,0,,0
512045,22/02/2013 07:41,14,100,,,100,131917,4,4,1,4.3,0.1817,5.21,4,194.81,0,21871,1,4,1,0,1,0,,313.78,0,,,,0,0,16,0,0,,,,,0,0,,,,,,,,0,0,,0,,0
176891,13/12/2012 10:19,5,219,,,219,45066,3,4.5,1,1.79,0.0123,4.76,26,80,0,28201,2,36,2,0,1,1,,201.83,0,,,,0,0,,,,,,,,,,,,,,,,,,,,1,183.52,1
148503,24/02/2013 11:34,5,219,,,219,77269,0,2,1,2.64,,4.66,38,49,0,22719,2,40,2,0,1,1,-28.8452,142.63,0,,,,,,,,,,,,,,,,,,,,,,,,,0,,0
119371,09/11/2012 05:43,14,219,,,219,122268,4,4,1,2.64,0.0344,5.16,21,178.71,0,25479,1,0,2,0,1,1,,193.64,0,,,,0,0,12,-1,0,17,,,,,,,,,,,,,0,0,12,0,,0
290263,08/02/2013 21:14,5,219,,,219,125641,3,4.5,1,1.61,,5.22,20,129,0,279,1,1,2,0,1,1,,25.94,0,,,,,,,0,0,,,,,0,0,76,,,,,,,0,0,,0,,0
2815,26/02/2013 21:03,5,219,,,219,121696,4,4,1,2.48,0.2868,5.37,7,184,0,27542,2,2,2,0,1,1,,5.49,0,,,,0,0,3,0,0,,,,,,,,,,,,,,0,0,,1,415.8,1
301204,22/03/2013 21:26,24,216,,,225,119447,4,0,0,2.08,,4.65,4,72.69,0,11308,1,1,1,1,1,1,,,0,,,,,,,,,,1,0,27,1,0,16,,,,,,,,,,0,,0
461156,19/05/2013 14:18,5,219,,,219,22114,3,3,1,0.69,,4.76,3,70,0,27172,2,0,1,1,1,0,,90.8,1,,,,0,0,,,,,,,,,,,,,,,,,,,,0,,0
503913,07/03/2013 09:39,5,33,,,219,26415,0,4.5,0,2.08,0.359,5.36,2,325,0,24767,2,146,3,0,1,0,,,1,,,,,,,,,,,,,,,,,,,,,,,,,1,,0
159974,07/03/2013 07:20,5,219,,,219,139114,2,3.5,1,0,0.0013,4.27,31,50,0,18774,3,16,2,3,1,1,,344.87,0,,,,0,0,,0,1,,,,,-1,1,17,,,,,,,0,0,17,0,,0
199584,28/02/2013 13:24,5,219,,,219,108733,3,5,0,1.1,0.0006,5.63,1,175,0,12582,7,196,2,0,1,0,,2690.58,0,,,,,,,,,,,,,,,,,,,,,,,,,0,,0
132956,09/05/2013 22:35,5,219,,,219,35349,2,3.5,1,3.66,0.0044,4.75,7,123,1,9265,2,67,2,0,1,0,,73.13,1,,,,,,,,,,,,,,,,,,,,,,,,,0,,0
297183,25/05/2013 10:58,14,100,,,35,78761,3,0,0,0.69,,5.34,31,92.07,0,27141,2,67,2,0,1,0,,3264.74,1,,,,,,,,,,,,,,,,,,,,,,,,,0,,0
501754,15/03/2013 05:48,5,219,,,219,82466,0,4,1,1.1,0.0072,4.13,22,67,0,3015,1,1,2,0,1,1,,76.8,1,,,,1,0,11,,,,,,,,,,,,,,,,1,0,11,0,,0
337292,22/05/2013 15:21,5,219,,,219,41135,3,5,1,0.69,0.0206,4.91,2,105,0,21134,1,4,2,1,1,0,,38.94,1,,,,0,0,,,,,,,,0,0,,,,,,,,0,0,,0,,0
180462,23/12/2012 06:26,5,154,,,219,92211,4,4.5,0,4.91,0.7264,5.6,13,246,0,4045,3,34,2,2,1,1,,,0,,,,,-1,,,,,,,,,,,,,,,,,,,,0,,0
511967,24/03/2013 18:52,5,219,,,219,39211,2,4,1,1.39,0.0031,4.15,22,60,0,18712,2,40,2,1,1,1,,308.92,0,,,,,,,,,,,,,,,,,,,,,,,,,0,,0
281143,03/06/2013 21:49,15,55,,,55,95712,3,0,1,4.13,,0,12,91.93,0,27588,2,15,2,0,1,0,,,1,,,,,,,,,,,,,,,,,,,,,,,,,0,,0
412428,11/06/2013 20:48,14,100,,,100,103922,4,4,0,1.39,,0,10,113.85,1,8885,1,6,4,0,2,0,,112.87,0,,,,1,0,53,,,,,,,0,0,,,,,,,,,,,0,,0
140526,12/03/2013 14:24,14,31,,,31,134158,4,4.5,1,2.3,,5.21,7,130.64,0,221,1,2,3,0,2,1,,73.73,0,,,,,,,,,,,,,0,0,,0,0,,0,0,,,,,0,,0
117932,08/11/2012 02:16,5,219,,,219,127687,3,4.5,0,3.61,0.0158,5.42,36,119,1,21595,1,3,1,0,1,0,,3364.5,0,,,,0,0,5,1,0,8,,,,,,,,,,,,,0,0,5,0,,0
540520,07/02/2013 13:35,5,106,,,129,39920,4,4.5,0,4.79,0.0672,5.09,15,151,0,18433,1,2,1,0,1,1,,,1,,,,,,,,,,,,,,-1,,,-1,,,,,,,,0,,0
278266,07/12/2012 07:14,5,219,,,219,38058,2,2.5,1,1.39,,4.23,29,47,1,7827,2,0,2,0,1,1,,228.83,0,,,,0,0,,0,0,,,,,,,,,,,,,,0,0,,0,,0
187057,30/01/2013 21:47,16,31,,,215,12077,3,4.5,1,3.76,0.0505,4.93,29,204.86,1,13647,11,182,4,1,2,0,,1613.65,0,,,,,,,,,,,,,,,,,,,,,,,,,0,,0
409147,26/03/2013 10:53,5,219,,,219,127694,4,5,1,3.26,0.1236,5.51,9,184,0,27608,2,2,2,0,1,1,,,0,,,,0,0,,,,,,,,,,,,,,,,,0,0,,0,,0
196311,05/11/2012 12:39,6,202,,,202,21543,3,3.5,0,2.89,0.0409,4.64,24,48.75,0,16132,2,1,1,0,1,0,,,1,,,,,,,,,,-1,0,11,-1,0,15,,,,,,,,,,0,,0
218473,12/01/2013 14:42,5,219,,,219,125611,3,3.5,1,4.55,0.3635,5.59,28,179,1,7322,7,168,2,0,1,0,,2494.91,1,,,,,,,,,,,,,,,,,,,,,,,,,0,,0
204305,25/04/2013 19:36,5,219,,,219,63832,2,4,1,1.1,0.4398,4.27,9,69,0,11195,2,15,1,0,1,1,,,0,,,,0,0,,0,0,,,,,,,,,,,,,,0,0,,0,,0
89730,19/06/2013 11:39,5,219,,,216,66456,4,4,0,1.61,0.1471,0,2,117,1,27986,1,6,2,1,1,0,,6747.31,0,,,,,,,,,,0,0,,0,0,,,,,,,,,,,1,135.45,1
493713,29/05/2013 12:13,5,59,,,219,17289,3,4,0,1.1,0.0044,5.05,18,219,0,1515,4,31,2,2,1,1,,,0,,,,,,,,,,,,,,,,,,,,,,,,,0,,0
319429,20/05/2013 19:21,5,219,,,219,139917,4,4.5,1,4.09,0.1297,5.79,13,449,0,15307,1,35,1,0,1,0,,870.24,0,,,,0,0,11,,,,,,,0,0,,,,,,,,0,0,,0,,0
459891,07/01/2013 14:29,5,219,,,219,5156,2,3.5,1,2.89,0.0295,4.57,28,65,0,2518,3,60,2,0,1,1,,959.44,1,,,,0,0,,1,0,15,,,,,,,,,,,,,0,0,,0,,0
462606,25/06/2013 18:19,9,59,,,59,458,4,4,1,4.37,0.1711,0,4,147.47,0,27000,3,29,3,0,1,0,,4.94,0,,,,,,,,,,,,,,,,,,,,,,,,,0,,0
204721,28/03/2013 19:03,5,219,,,219,26765,2,3,1,1.1,,4.11,9,95,0,5094,1,2,2,2,1,1,,453.19,0,,,,0,0,,,,,,,,,,,,,,,,,,,,0,,0
606124,04/01/2013 17:10,32,220,,,129,42216,3,3.5,0,1.95,0.0013,5.22,35,72.31,0,14866,1,224,2,0,1,1,,10155.53,0,,,,,,,,,,,,,,,,,,,,,,,,,0,,0
489732,12/04/2013 16:35,5,202,,,202,69157,4,5,0,4.88,0.0114,4.9,20,451227,1,22784,2,25,2,0,1,0,,,1,,,,,,,,,,,,,1,0,10,,,,,,,,,,0,,0
15294,30/01/2013 15:00,14,100,,,219,21167,2,3.5,0,2.89,0.0805,4.95,3,108.85,0,26531,3,34,2,2,1,0,,1208.01,1,,,,0,0,,,,,,,,0,0,,,,,,,,0,0,,0,,0
249388,19/04/2013 22:19,5,219,,,219,104126,3,5,1,2.83,,5.42,18,249,0,3747,1,5,2,0,1,0,-24.0293,505.38,0,,,,0,0,,,,,,,,,1,,,,,,,,0,0,,0,,0
476018,26/06/2013 19:54,5,219,,,219,107848,4,4,1,2.08,0.0731,0,24,112,0,1924,1,10,1,0,1,1,-25.928,412.51,0,,,,0,0,,,,,,,,,,,,,,,,,,,,0,,0
13110,26/02/2013 17:26,5,219,,,219,11440,2,2.5,0,1.1,,4.17,14,50,0,21224,2,17,2,0,1,1,,,1,,,,0,0,,0,0,,,,,0,0,,,,,,,,0,0,,0,,0
116103,01/06/2013 18:54,5,219,,,219,112363,3,4.5,1,2.56,,5.03,3,179,0,21866,3,83,2,0,1,1,,,0,,,,,,,,,,,,,,,,,,,,,,,,,1,580.5,1
323579,09/06/2013 20:14,5,219,,,219,104046,0,4.5,1,2.83,0.477,0,4,153,0,26829,1,25,2,0,1,1,,77.52,0,,,,,,,,,,,,,,,,,,,,,,,,,0,,0
219824,15/04/2013 21:52,9,59,,,55,81641,5,4.5,1,5.24,0.0111,6.02,22,259.87,0,10979,1,41,2,0,1,0,,,0,,,,,,,,,,,,,0,0,,0,0,,0,0,,,,,0,,0
102698,08/06/2013 17:50,5,219,,,219,82200,3,4.5,0,4.56,0.2348,0,14,139,1,12053,2,25,2,0,1,0,,87.3,0,,,,,,,,,,,,,,,,,,,,,,,,,0,,0
547812,18/05/2013 07:38,14,100,,,100,107652,3,4,0,4.03,0.1768,5.07,10,112.83,1,21871,1,1,2,0,1,0,,54.91,0,,,,0,0,,,,,,,,0,0,6,,,,,,,,,,0,,0
20891,09/05/2013 10:12,5,219,,,215,35836,4,3.5,1,6.11,0.4033,5.18,7,199,1,12432,3,1,2,0,1,1,,4677.7,0,1,0,9,,,,-1,0,54,,,,0,0,,,,,,1,,1,0,10,1,655.47,1
40425,20/03/2013 14:52,14,100,,,219,23960,2,1,1,0,,4.4,31,48.73,0,245,1,8,1,0,1,1,,145.94,0,,,,,,,,,,,,,,,,,,,,,,,,,0,,0
181122,20/01/2013 03:02,24,216,,,98,17508,4,4,1,5.2,0.1147,4.7,7,92.24,0,24731,1,4,1,0,1,1,,,1,,,,0,0,,0,0,,0,0,,0,0,,,,,,,,,,,0,,0
515814,19/06/2013 18:32,5,219,,,219,52913,3,4,0,2.64,0.0063,0,8,46,1,16570,2,17,1,1,1,1,,115.04,0,,,,,1,,1,0,53,,,,0,0,,,,,,,,0,0,,0,,0
501151,01/02/2013 14:13,14,100,,,219,61529,4,4.5,1,5.7,0.1751,5.77,30,302.06,1,5143,4,89,1,0,1,0,-40.8507,328.9,0,,,,,,,,,,,,,,,,,,,,,,,,,0,,0
165527,30/01/2013 09:33,5,129,,,132,76068,3,3.5,1,5.72,0.0687,4.98,36,73,1,1815,2,2,1,0,1,1,,,0,0,0,14,,,,,,,,,,-1,0,5,0,1,,1,0,10,0,0,,0,,0
584029,12/01/2013 22:12,24,216,,,92,35821,3,4,0,4.41,,4.89,32,36.93,0,13512,1,3,2,0,1,0,,,0,,,,1,0,141,,,,1,0,5,,1,,,,,,,,-1,0,7,0,,0
117774,26/06/2013 14:25,5,219,,,219,118300,3,4,1,2.48,0.0126,0,19,120,0,16570,1,2,2,0,1,1,,1005.44,0,,,,,,,,,,,,,,,,,,,,,,,,,0,,0
601865,02/01/2013 19:04,24,216,4.22,220.05,99,66708,5,4.5,0,5.66,0.1768,6.12,10,323.79,1,16696,4,39,2,0,2,0,,,0,1,0,6,,,,,,,,,,0,0,,0,0,,0,0,,,,,0,,0
23449,06/05/2013 10:22,15,55,,,55,80867,2,4,1,1.61,0.0151,4.18,18,51.28,0,5452,1,14,2,0,1,0,-14.8844,,1,,,,,,,,,,,,,0,0,,1,0,8,,1,,,,,0,,0
568304,19/02/2013 21:00,5,212,,,219,24041,4,4.5,1,5.16,0.7405,5.7,2,169,0,25556,4,13,3,1,1,0,,,0,,,,0,0,8,-1,0,18,,,,1,0,45,,,,,,,1,0,20,0,,0
318000,20/03/2013 12:46,5,219,,,55,117695,3,4,1,1.1,0.0169,4.77,7,85,0,13130,3,52,2,0,1,1,,5129.16,1,,,,,,,,,,,,,0,0,,1,0,12,,,,,,,0,,0
581979,15/01/2013 12:27,5,219,,,219,58039,4,4.5,1,2.56,0.042,5.33,10,181,0,4075,1,24,2,0,1,1,,1702,0,,,,0,0,,,,,,,,0,0,,,,,,,,0,0,,0,,0
506228,21/04/2013 13:03,15,55,,,55,20930,3,4,1,0.69,,4.5,19,120.34,0,20682,1,4,1,0,1,1,,,0,,,,,,,,,,,,,,,,,,,,,,,,,0,,0
61,22/06/2013 11:20,5,219,,,219,31767,2,3.5,1,1.79,,0,4,55,0,18040,4,359,2,0,1,0,,1955.76,1,,,,,,,,,,,,,,,,,,,,,,,,,0,,0
545674,02/05/2013 01:06,5,219,,,215,103259,4,4.5,1,4.06,,4.88,21,78,1,22813,3,64,1,0,1,1,,5009.68,0,,,,,,,,,,,,,,,,,,,,,,,,,0,,0
583957,28/11/2012 07:22,5,219,,,219,39836,3,4.5,1,0,,5.31,29,179,0,12443,2,205,4,0,1,1,,15.51,1,,,,,,,,,,,,,,,,,,,,,,,,,0,,0
253858,06/05/2013 21:24,24,216,,,219,77074,4,4.5,0,5.11,0.5471,5.8,7,337.84,0,25556,4,13,1,0,1,0,,,0,,,,0,0,,0,0,,,,,0,0,,,,,,,,0,0,,0,,0
175142,21/04/2013 04:43,5,219,,,219,79092,3,3.5,1,3.14,,4.88,6,128,0,24276,2,132,2,0,1,1,,,1,,,,,,,,,,,,,,,,,,,,,,,,,0,,0
357388,18/01/2013 11:58,32,220,,,15,48944,4,3.5,0,3.3,0.0234,5.03,33,104.06,1,8660,1,86,2,0,1,0,,7496.14,0,,,,,,,,,,,,,,,,,,,,,,,,,0,,0
544413,19/03/2013 15:59,5,219,,,219,53910,2,4.5,1,0.69,0.1112,4.35,9,59,1,18814,1,17,2,1,1,1,,150.08,0,,,,1,0,6,,,,,,,1,0,25,,,,,,,,,,0,,0
604552,16/02/2013 19:00,5,219,,,100,122427,4,4.5,0,3.69,0.5246,5.2,22,188,0,20799,1,1,2,0,1,0,,331.06,1,,,,,,,,,,,,,,,,,,,,,,,,,0,,0
19540,13/04/2013 19:19,5,219,,,219,83366,2,3.5,1,2.2,0.0174,4.36,36,79,0,22434,1,1,2,0,1,0,,93.77,0,,,,0,0,6,,,,,,,,,,,,,,,,0,0,,0,,0
601497,12/03/2013 14:55,14,100,,,137,76135,4,4,0,4.43,0.4944,5.27,13,284.68,0,1151,15,127,2,0,1,0,,5079.53,1,,,,,,,,,,,,,,,,,,,,,,,,,0,,0
185750,15/12/2012 18:07,5,219,,,219,67756,3,4.5,1,1.1,0.0065,4.72,16,89,0,11254,6,1,2,0,1,0,,419.46,0,,,,,,,,,,,,,0,0,,,,,,,,0,0,,0,,0
150597,06/03/2013 09:59,5,219,,,219,82624,4,4.5,1,2.2,0.0208,5.08,6,190,0,9179,4,28,2,0,1,0,,1448.39,0,,,,0,0,,,,,,,,1,0,26,,,,,,,,,,1,962.12,1
405357,08/04/2013 14:58,5,219,,,219,103369,4,4,1,3,0.2249,5.25,4,93,1,7082,1,4,2,0,1,1,,0.01,0,,,,0,0,12,0,0,6,,,,1,0,17,,,,,,,0,0,14,0,,0
356475,29/06/2013 15:03,32,220,,,99,29116,4,4,1,5.16,0.022,0,20,222.06,0,13292,5,289,2,0,1,0,,10527.31,1,,,,,,,,,,,,,,,,,,,,,,,,,0,,0
460770,20/03/2013 09:01,5,219,,,219,80684,3,4.5,1,2.3,0.029,5.1,9,179,0,24994,1,8,2,3,1,1,,301.76,0,,,,,,,,,,,,,,,,,,,,,,0,0,,0,,0
343396,07/04/2013 08:01,5,219,,,219,117294,5,5,1,3.37,0.0615,5.97,34,362,0,8192,4,28,1,0,1,0,,1735.95,1,,,,,,,0,0,,,,,0,0,,,,,,,,0,0,,0,,0
460528,04/02/2013 16:19,5,219,,,219,47087,3,4.5,1,0.69,0.3846,4.79,4,159,0,1507,1,10,2,0,1,1,,1652.7,0,,,,-1,0,10,0,0,,,,,,,,,,,,,,0,0,,0,,0
258186,17/03/2013 23:02,24,216,,,13,45824,5,4,0,4.17,0.0838,5.86,14,439.68,0,8214,1,113,1,0,1,0,,,0,,,,,,,,,,,,,,,,,,,,,,,,,0,,0
234337,24/02/2013 22:03,24,216,,,31,10503,4,4.5,1,4.75,0.2036,5.68,4,181.43,1,4924,2,54,2,0,1,1,,,1,,,,,,,,,,,,,0,0,,,,,0,0,,,,,0,,0
252458,03/01/2013 07:42,5,219,,,129,51493,3,3.5,0,5.33,0.0631,4.54,26,45,0,19968,1,14,1,0,1,1,,5585.05,0,0,0,,,,,,,,,,,0,0,,0,0,,,,,,,,0,,0
172495,15/04/2013 07:22,14,100,,,100,108584,3,5,0,3.91,,4.92,31,174.53,0,2818,3,22,1,0,1,0,,234.58,0,,,,,,,,,,,,,,,,,,,,,,,,,0,,0
596259,05/11/2012 09:12,5,219,,,219,26072,3,4.5,1,0.69,0.0279,5.18,21,89,0,18000,4,16,2,0,1,0,,,0,,,,,,,,,,,,,,,,,,,,,,,,,0,,0
350448,16/02/2013 20:06,5,219,,,219,123617,2,2.5,0,0,0.0154,4.32,3,50,0,3025,2,1,2,0,1,0,,496.65,0,,,,,,,,,,,,,,,,,,,,,,,,,0,,0
545655,15/11/2012 10:27,5,219,,,219,7382,3,5,1,2.48,0.0157,4.94,31,150,0,19575,1,4,2,0,1,0,,256.15,0,,,,,,,,,,,,,,,,,,,,,,,,,0,,0
79923,22/05/2013 08:49,5,219,,,219,114175,4,4.5,0,1.1,0.3112,4.83,1,119,0,1407,1,24,2,0,1,1,,307.93,0,,,,,,,,,,,,,,,,,,,,,,,,,1,131.79,1
274736,08/05/2013 17:58,5,219,,,219,8374,5,4.5,1,4.26,0.1012,6.21,13,439,0,9899,1,11,2,0,1,0,,231.79,1,,,,0,0,21,0,0,,,,,,,,,,,,,,,,,0,,0
404413,18/03/2013 15:32,16,31,,,31,8990,0,0,0,6.82,,4.22,8,167.14,0,15620,3,108,1,1,2,1,,265.15,0,,,,,,,,,,,,,,,,,,,,,,,,,0,,0
292651,06/05/2013 03:14,5,219,,,219,92037,2,3,1,1.61,0.0671,4.14,32,52,0,11868,3,3,2,0,1,1,,1085.03,1,,,,0,0,,,,,,,,,,,,,,,,,0,0,,0,,0
486482,30/05/2013 08:58,15,55,,,55,116875,4,4.5,0,1.61,0.0022,5,29,303.12,0,5577,1,75,1,1,1,0,,,0,,,,,,,,,,,,,0,0,,-1,0,32,-1,0,15,,,,0,,0
419057,10/04/2013 17:52,5,219,,,219,11719,4,4,1,3.53,0.4088,5.2,13,109,0,27236,1,3,1,0,1,1,,622.49,1,,,,,1,,0,0,,,,,0,0,,,,,,,,0,0,,0,,0
521703,09/01/2013 19:24,15,55,,,55,85449,2,4,1,2.56,,4.76,3,70.5,0,12877,1,25,2,0,1,0,,,1,,,,,,,,,,,,,,,,,,,,,,,,,0,,0
347784,16/03/2013 17:53,7,100,,,55,9915,3,4.5,0,1.1,0.0012,4.46,31,53.95,0,20393,1,11,1,0,1,0,,3581,0,,,,,,,,,,,,,-1,0,14,,,,,,,,,,0,,0
106684,28/11/2012 05:27,14,100,,,219,90056,2,4,1,2.83,0.2252,4.52,4,70.56,0,17712,1,5,2,0,1,0,,35.99,0,,,,0,0,,0,0,,,,,,,,,,,,,,0,0,,0,,0
134014,25/06/2013 17:57,16,31,,,109,105129,5,5,0,2.94,0.082,0,32,711.67,0,20029,14,21,3,0,1,0,,975.41,1,,,,,,,,,,,,,,,,,,,,,,,,,0,,0
236008,18/05/2013 18:24,5,219,2,88.1,219,101609,2,5,1,0,,4.1,29,114,0,6722,1,7,4,0,1,1,,1516.59,0,,,,,,,-1,0,10,,,,,,,,,,,,,,1,,0,,0
507466,25/11/2012 13:40,18,129,,,55,116710,4,3.5,1,5.66,0.0684,5.48,6,203.68,0,10979,6,120,2,0,1,0,,,0,,,,,,,,,,,,,,,,,,,,,,,,,0,,0
467170,06/02/2013 18:19,14,100,,,100,51178,3,4,1,4.32,0.1981,5.2,15,110.49,0,21871,4,24,2,2,1,1,-13.6115,313.77,1,,,,0,0,,0,0,,,,,0,0,,,,,,,,0,0,,1,,0
298247,07/01/2013 05:35,5,33,,,14,4717,3,0,0,1.1,0.0322,4.72,20,82,0,11842,2,61,2,0,1,1,,,1,,,,,,,,,,,,,,,,,,,,,,,,,0,,0
127957,23/01/2013 06:34,5,219,,,219,122888,3,4.5,1,1.1,0.2605,4.9,6,119,0,12610,2,2,2,2,1,1,,273.62,1,,,,,,,0,0,,,,,,,,,,,,,,0,0,,0,,0
456409,13/06/2013 13:44,5,219,,,59,74712,5,4.5,0,3.43,0.0447,0,1,141,1,15632,4,139,2,0,1,0,,1529.3,1,,,,,,,,,,,,,,,,,,,,,,,,,0,,0
395191,05/11/2012 12:00,5,219,,,219,13499,4,4.5,0,2.89,0.0327,5.57,31,143,1,8347,5,27,1,0,1,0,,,1,,,,0,0,,0,0,,,,,0,0,,,,,,,,0,0,,0,,0
39353,08/11/2012 22:40,24,216,,,219,55870,0,1.5,1,1.1,0.0035,3.91,24,38.25,0,19612,1,47,2,0,1,0,,,1,,,,,,,,,,,,,,,,,,,,,,,,,0,,0
369237,27/06/2013 13:52,5,219,,,219,9044,2,4.5,1,2.2,0.3661,0,3,124,0,9739,1,10,2,0,1,0,,469.04,0,,,,,,,,,,,,,,,,,,,,,,,,,0,,0
7041,02/05/2013 02:16,24,40,,,15,97487,3,3.5,0,4.3,0.0276,5.37,19,64.99,0,27101,1,1,1,1,1,1,,,0,,,,1,0,44,,,,1,0,6,1,0,27,,,,,,,,,,0,,0
316215,10/04/2013 19:55,5,219,,,98,60661,3,0,0,2.2,,3.74,26,38,0,17876,11,141,2,0,1,0,,8263.63,1,,,,,,,,,,,,,,,,,,,,,,,,,0,,0
371714,04/04/2013 22:36,5,219,,,219,40495,4,4,1,1.61,0.006,5.09,15,130,0,21808,1,7,2,0,1,1,,1367.51,1,,,,,,,-1,0,7,,,,-1,0,7,,,,,,,-1,0,7,0,,0
516366,15/04/2013 09:25,5,219,,,219,106394,4,5,1,1.61,0.0025,5.36,25,215,0,9137,2,53,2,0,1,1,,274.46,0,,,,,,,,,,,,,,,,,,,,,,,,,0,,0
482026,28/05/2013 22:33,15,55,,,221,116068,4,4,0,3.64,0.5692,5.72,6,362.46,0,11403,6,70,4,0,2,0,,,0,,,,,,,,,,,,,,,,,,,,,,,,,0,,0
241592,12/02/2013 12:12,5,219,,,219,70058,3,3,0,3.56,0.0145,4.72,1,76,1,8347,3,48,2,2,1,0,,325.61,0,,,,0,0,,0,0,,,,,,,,,,,,,,,,,0,,0
36847,01/03/2013 06:08,5,219,,,219,52515,3,4.5,1,3.09,0.0438,5.1,36,169,0,7384,1,82,2,0,1,0,-17.1281,2546.22,0,,,,,,,,,,,,,,,,,,,,,,,,,0,,0
246060,11/12/2012 19:38,14,100,,,100,125313,0,0,0,0,,0,16,76.06,0,24635,1,5,1,0,1,0,,167.14,0,,,,,,,,,,,,,,,,,,,,,,,,,0,,0
536162,14/01/2013 12:35,5,219,,,219,60540,4,4.5,1,2.89,0.0913,4.84,12,119,0,17637,1,13,2,0,1,0,,0.34,1,,,,,,,,,,,,,,,,,,,,,,,,,0,,0
176696,28/02/2013 21:59,5,219,,,219,99299,2,3.5,1,3.43,0.1693,4.78,21,102,0,19901,2,26,2,2,1,0,,260.71,0,,,,0,0,,,,,,,,0,0,,,,,,,,,,,0,,0
169067,05/04/2013 05:04,5,42,,,102,113320,4,1,0,0,0.0528,4.76,1,92,0,19214,2,5,1,0,1,0,,,0,,,,-1,0,4,,,,,,,,,,,,,,,,,,,0,,0
428505,25/11/2012 17:54,5,219,,,219,57847,3,4,1,0.69,0.0131,4.88,28,72,1,18495,1,12,1,0,1,1,,207.69,0,,,,0,0,,0,0,11,,,,,,,,,,,,,0,0,,0,,0
3833,13/06/2013 20:22,15,55,,,55,20783,0,4,1,1.79,0.2409,0,12,113.19,0,18492,1,170,2,0,1,1,,,0,,,,,,,,,,,,,,,,,,,,,,,,,1,176.03,1
443581,31/03/2013 11:30,5,219,,,219,10433,3,4.5,1,2.3,0.0517,4.75,3,119,0,26785,2,12,1,0,1,1,,698.55,0,,,,0,0,,0,0,,,,,,,,,,,,,,0,0,,0,,0
474990,10/01/2013 06:53,5,80,,,219,116942,4,4,0,4.06,0.2108,5.28,6,68,1,8192,1,3,2,0,1,0,,,0,,,,-1,0,4,-1,0,13,,,,0,0,23,,,,,,,-1,0,13,0,,0
52737,08/02/2013 18:16,32,220,,,202,116531,4,3,0,2.3,0.0015,5.39,9,216.7,1,22784,13,290,1,0,2,0,,,1,,,,,,,,,,,,,,,,,,,,,,,,,0,,0
489086,18/01/2013 19:01,5,219,,,100,11203,2,2.5,1,0,0.0015,4.42,14,74,0,982,5,85,2,0,1,0,,360.57,0,,,,0,0,,,,,,,,0,0,,,,,,,,0,0,,0,,0
105278,03/03/2013 20:38,15,55,,,41,38297,3,3.5,0,2.77,,4.07,1,27.07,0,12675,5,113,1,0,1,0,,,0,,,,,,,,,,,,,,,,,,,,,,,,,1,119.1,1
11874,25/04/2013 06:58,5,219,,,219,96301,3,3.5,1,2.2,,5.03,30,123,0,21394,2,2,1,0,1,1,,313.75,1,,,,,,,,,,,,,,,,,,,,,,0,0,4,0,,0
199324,21/03/2013 10:51,5,219,,,219,107698,3,4,0,1.79,0.0042,5,6,379,0,23027,3,110,2,2,1,0,,320.13,1,,,,,,,,,,,,,,,,,,,,,,,,,0,,0
300579,19/04/2013 19:06,5,219,,,219,6975,3,4,1,3.4,0.1284,4.93,8,89,0,7571,2,34,2,2,1,1,,762.28,0,,,,,,,,,,,,,,,,,,,,,,,,,0,,0
395287,28/06/2013 18:32,5,219,,,219,96068,2,3.5,1,2.56,,0,10,169,0,26288,1,6,2,2,1,1,,550.02,0,,,,0,0,,,,,,,,0,0,,,,,,,,,,,0,,0
89023,05/11/2012 13:41,5,219,,,219,40242,3,4,1,1.61,0.0129,4.42,34,98,0,26392,1,13,4,1,2,0,,208.44,0,,,,,,,,,,,,,,,,,,,,,,0,0,,0,,0
320730,30/01/2013 17:10,7,100,,,100,13128,2,4,0,1.79,0.0092,4.96,26,82.88,0,9695,2,2,2,0,1,1,,110.64,0,,,,1,0,28,,,,,,,1,0,7,,,,,,,1,0,6,0,,0
45544,28/11/2012 17:35,5,219,,,219,71643,3,3.5,1,2.4,,4.63,19,86,0,28277,2,32,2,0,1,0,,335.41,0,,,,0,0,,,,,,,,0,0,,,,,,,,,,,0,,0
538453,01/04/2013 18:28,15,55,,,99,86948,3,4,0,5.45,0.295,5,30,147.73,0,8159,1,13,1,0,1,0,,,0,0,0,,,,,,,,,,,0,0,,,,,0,0,9,,,,0,,0
302685,21/04/2013 12:38,5,219,,,219,8685,3,4,1,2.77,0.0552,4.96,35,118,0,13472,1,30,2,0,1,0,-22.0053,,1,,,,,,,,,,,,,,,,,,,,,,,,,0,,0
254698,11/02/2013 16:58,5,98,,,98,121530,5,4.5,0,4.16,0.0782,5.95,14,159,1,23561,1,54,1,0,1,1,,,1,,,,0,0,,0,0,,0,0,,0,0,,,,,,,,,,,0,,0
354081,07/06/2013 15:13,5,219,,,219,63916,3,4,0,5.4,0.143,0,9,319,0,5872,1,39,2,2,1,0,,725.34,0,0,0,11,0,0,,,,,0,0,,0,0,7,,,,,,,0,0,,0,,0
296126,10/04/2013 18:07,5,219,,,219,19777,3,4,1,3.61,0.1227,5.23,9,256,0,23676,2,85,2,0,1,1,,1720.14,1,,,,,,,,,,,,,1,0,25,,,,,,,1,0,25,0,,0
368221,10/06/2013 20:20,5,219,,,219,15891,3,4.5,1,0.69,0.0136,0,4,124,0,11164,1,1,2,0,1,0,,127.97,0,,,,,,,-1,0,10,,,,,,,,,,,,,-1,0,10,0,,0
108211,10/01/2013 08:54,5,219,,,219,35223,4,4,1,4.3,0.2373,5.32,22,99,0,8192,3,20,2,0,1,0,,1449.94,1,,,,0,0,,0,0,,,,,0,0,,,,,,,,0,0,,0,,0
447710,17/02/2013 08:04,5,219,,,219,81836,0,2.5,1,0.69,0.0167,4.53,22,70,0,10993,4,6,2,0,1,1,,283.28,0,,,,,,,,1,,,,,,,,,,,,,,,,,0,,0
175254,26/05/2013 12:13,5,33,,,178,22127,3,2.5,0,1.61,0.0055,4.56,6,33,1,13804,3,135,3,2,1,0,,,0,,,,,,,,,,,,,,,,,,,,,,,,,0,,0
224737,16/05/2013 18:02,5,219,,,219,137630,4,4,0,2.77,0.1874,5.12,1,71,1,19363,3,3,2,2,1,0,,,0,,,,,,,,,,,,,,,,,,,,,,,1,,0,,0
428505,25/11/2012 17:54,5,219,,,219,7793,4,5,0,3.69,0.0825,5.96,3,259,0,18495,1,12,1,0,1,1,,210.72,0,,,,0,0,,0,0,3,,,,,,,,,,,,,0,0,,0,,0
396236,02/02/2013 06:41,24,216,,,81,32077,3,4,0,3.61,0.0821,3.96,25,107.58,0,27176,1,7,1,0,1,1,,,0,,,,,,,,,,,1,,,,,,,,,,,,,,0,,0
243171,13/12/2012 16:24,5,219,,,219,45693,4,4,1,1.95,0.0018,5.61,31,279,0,26928,4,41,4,0,2,0,,440.59,1,,,,0,0,,0,0,,,,,0,0,,,,,,,,-1,0,3,0,,0
244647,18/11/2012 18:03,5,219,,,219,42853,3,3.5,1,3,,4.25,13,57,0,2964,1,13,1,0,1,1,,189.46,0,,,,0,0,,0,0,,,,,,,,,,,,,,0,0,,0,,0
336577,21/06/2013 15:14,18,55,,,99,91793,3,4,1,2.08,0.0037,0,32,108.91,0,16330,12,9,1,0,1,0,,,0,,,,,,,,,,,,,,,,,,,,,,,,,0,,0
78107,17/06/2013 17:32,5,202,,,39,54873,5,4.5,0,4.19,0.1185,0,6,2741960,0,15122,4,7,2,1,1,0,,,0,,,,0,0,,0,0,,0,0,,0,0,,,,,,,,,,,0,,0
447371,15/01/2013 11:56,32,220,,,220,59354,4,4,1,4.85,0.0703,5.3,16,192.29,0,20905,4,1,1,0,1,0,,0.78,0,,,,-1,0,10,-1,0,10,-1,0,10,-1,0,10,,,,,,,,,,0,,0
305242,09/04/2013 19:51,5,219,,,219,64482,3,4.5,1,2.83,0.0817,5.16,12,139,0,13687,1,2,1,2,1,1,,421.04,0,,,,0,0,,0,0,,,,,0,0,,,,,,,,0,0,,0,,0
46938,07/05/2013 16:38,32,220,,,60,80585,4,3,0,5.97,0.078,4.99,13,126.3,0,28150,4,151,1,1,2,1,,10006.19,0,,,,,,,,,,,,,,,,,,,,,,,,,0,,0
535212,31/01/2013 19:40,14,100,,,100,138410,2,3.5,0,3.66,0.2671,4.69,24,164.46,0,18948,6,152,2,0,1,0,,1732.8,1,,,,,,,,,,,,,,-1,,,,,,,,,,,0,,0
265342,12/04/2013 09:11,5,219,,,219,119502,2,3.5,0,1.61,0.0004,4.04,36,50,0,4182,1,8,1,1,2,1,,137.74,0,,,,,,,,,,,,,,,,,,,,,,,,,0,,0
403080,01/01/2013 20:28,15,55,,,219,97247,2,3.5,1,2.83,0.0145,4.67,14,79.61,0,23246,1,3,2,0,1,1,,,0,,,,0,0,,0,0,,,,,0,0,6,,,,,,,0,0,10,0,,0
104903,02/06/2013 19:33,14,39,,,202,106194,4,4,0,1.61,0.0036,5.33,14,57.83,0,16132,3,3,2,0,1,0,,,0,,,,,,,,,,0,0,,-1,0,2,,,,,,,,,,0,,0
265285,11/11/2012 16:28,5,219,,,219,19345,3,4,1,2.94,0.5863,4.84,15,134,0,10023,1,1,1,0,1,0,,114.33,1,,,,,1,,,,,,,,,,,,,,,,,,,,0,,0
203091,03/04/2013 12:26,12,99,,,219,19367,3,4,1,0,0.0005,5.09,16,95.09,0,10737,3,5,1,1,2,0,,,0,,,,0,0,,,1,,,,,,,,,,,,,,0,0,,0,,0
401301,10/11/2012 07:23,24,98,,,98,107759,3,3.5,0,3.91,0.0267,4.1,8,24.92,0,16359,1,0,1,0,1,1,,,0,,,,,,,,,,,,,,,,,,,,,,,,,1,29.34,1
352662,15/11/2012 09:50,5,219,,,219,79277,2,4,1,2.89,,4.45,13,75,0,22218,1,8,2,0,1,1,,,0,,,,0,0,,0,0,,,,,,,,,,,,,,0,0,,0,,0
601864,21/11/2012 10:18,5,219,,,219,93179,4,4.5,1,2.56,,5.16,8,119,0,22478,1,1,2,0,1,1,,135.2,0,,,,,,,,,,,,,0,0,,,,,,,,0,0,,0,,0
397315,17/03/2013 20:39,14,100,,,100,69845,3,3,1,2.3,0.4666,4.69,2,127.53,0,1505,1,19,2,2,1,1,,169.26,0,,,,0,0,,,,,,,,0,0,,,,,,,,0,0,,0,,0
579367,23/02/2013 18:35,5,219,,,132,122655,3,4.5,1,5.86,0.0464,4.77,27,236,0,1815,3,93,3,0,1,0,,3644.06,1,,,,,,,,,,,,,,,,,,,,,,,,,0,,0
313192,11/02/2013 23:32,5,219,,,219,90941,3,3.5,0,4.49,0.5197,5.43,15,209,0,4060,2,25,2,0,1,1,,2544.92,0,,,,-1,0,4,,1,,,1,,-1,0,9,,,,,,,-1,0,9,0,,0
541276,16/11/2012 18:18,5,219,,,132,118857,2,4,0,5.66,0.0848,5.08,3,113,0,4617,2,103,2,0,1,0,,4948.61,0,,,,,,,,,,,,,,,,,,,,,,,,,0,,0
591570,22/02/2013 15:05,5,219,,,219,20777,3,4,1,2.56,,5.11,10,109,0,26030,1,0,2,3,1,1,,118.07,0,,,,-1,0,9,0,0,,,,,-1,0,9,,,,,,,0,0,,0,,0
217111,05/11/2012 03:47,5,137,,,99,36898,3,4.5,0,5.16,0.0652,5.65,30,238,0,15708,2,192,2,0,1,1,,,1,,,,,,,,,,,,,,,,,,,,,,,,,0,,0
476885,02/02/2013 07:52,5,117,,,219,76818,3,3.5,1,2.56,0.002,5.27,38,135,1,23246,3,9,4,0,2,0,,,0,,,,0,0,,0,0,17,,,,0,0,,,,,,,,0,0,,0,,0
165018,18/02/2013 19:35,15,55,,,100,63016,4,4,0,3.47,0.3516,5.25,14,142.28,1,18948,1,82,2,0,1,1,,,0,,,,,,,,,,,,,,,,,,,,,,,,,0,,0
41904,03/01/2013 05:56,14,100,,,99,11841,0,4,1,2.08,0.3777,4.64,10,101.24,0,17066,1,135,2,0,1,1,,3103.06,0,,,,,,,,,,,,,,,,,,,,,,,,,0,,0
434567,05/02/2013 12:34,15,55,,,129,87321,3,4,1,4.42,0.1386,4.79,18,79.86,1,11507,3,60,1,0,1,1,,,0,,,,,,,,,,,,,0,0,,,,,1,0,10,,,,0,,0
427041,15/01/2013 05:58,14,100,,,102,93068,4,1,0,1.61,,5.29,29,322.06,0,23922,3,73,2,0,1,1,,7934.44,0,,,,,,,,,,,,,,,,,,,,,,,,,0,,0
76959,02/04/2013 21:12,5,219,,,219,66669,2,4.5,1,2.48,0.0987,4.59,14,84,0,19194,3,13,2,0,1,0,,353.25,0,,,,-1,0,15,-1,0,15,,,,,,,,,,,,,-1,0,15,0,,0
493201,10/01/2013 19:26,5,219,,,123,26128,4,4.5,0,3.91,0.0111,5.38,20,154,1,4452,1,6,3,0,1,0,,2166.83,0,,,,,,,,,,,,,,,,,,,,,,,,,0,,0
266984,07/06/2013 11:30,5,219,,,219,74251,3,4.5,1,1.95,,0,33,209,0,15039,1,17,2,0,1,0,,958.48,0,,,,0,0,,,,,,,,0,0,,,,,,,,,,,0,,0
502007,22/11/2012 13:02,5,219,,,205,9128,4,4.5,0,3.43,0.0177,5.4,31,187,1,28317,5,41,2,0,1,0,,7363.58,0,,,,0,0,,0,0,,0,0,,0,0,,,,,,,,,,,0,,0
540755,17/03/2013 13:02,5,219,,,219,131352,3,4,0,5.09,0.0537,5.13,10,159,0,9402,1,8,2,2,1,0,,2591.98,0,,,,0,0,,0,0,,,,,0,0,,,,,,,,,,,0,,0
440682,16/05/2013 10:15,5,219,,,219,32655,4,4,1,1.95,,5.19,33,159,0,22556,1,34,2,0,1,0,,150.01,0,,,,,,,0,0,,,,,0,0,,,,,,,,0,0,,0,,0
456390,23/03/2013 15:45,7,100,,,219,104576,2,4.5,0,3.64,0.1159,5.17,19,149.53,0,9265,1,131,2,1,1,1,,2261.84,0,,,,,,,,,,,,,,,,,,,,,,,,,0,,0
484395,10/01/2013 04:53,5,216,,,219,47381,3,5,1,0,0.0327,4.99,6,113,0,21959,4,9,1,0,1,1,,,0,,,,0,0,,0,0,,,,,0,0,,,,,,,,0,0,,0,,0
235378,04/03/2013 17:09,5,219,,,230,43254,4,3.5,0,3.3,0.0471,5.48,13,239,1,20213,6,47,2,0,1,0,,1684.75,0,,,,0,0,,,,,,,,0,0,,,,,,,,,,,0,,0
214708,01/01/2013 16:28,18,129,,,99,49512,4,3.5,1,4.47,0.0776,5.64,3,162.38,0,7961,3,18,2,0,1,1,,,1,0,0,,,,,,,,,,,0,0,,0,0,,0,0,,,,,0,,0
175439,13/04/2013 08:04,14,100,,,100,115534,4,4,1,2.08,0.3872,4.99,6,113.46,0,14239,3,76,2,2,1,1,,194.61,1,,,,,,,,,,,,,,,,,,,,,,,,,0,,0
222817,12/02/2013 12:18,14,100,,,100,53192,2,3,1,1.1,0.0257,4.55,33,79.82,0,454,1,4,1,1,1,1,,65.15,0,,,,,,,,,,,,,,,,,,,,,,-1,0,22,0,,0
318488,30/04/2013 10:43,5,219,,,219,5463,3,4,1,1.61,0.1568,4.84,3,109,0,28090,1,7,2,0,1,0,-18.1565,287.03,0,,,,1,0,11,,,,,,,,,,,,,,,,-1,0,8,0,,0
75127,30/12/2012 12:25,14,100,,,219,45176,4,4.5,1,2.89,0.3082,5.34,7,167.5,0,12443,2,258,1,0,1,1,,2153.83,1,,,,,,,,,,,,,,,,,,,,,,,,,1,,0
378941,23/05/2013 16:00,5,219,,,219,25827,4,4,1,4.38,0.0231,5.18,31,139,0,4747,2,3,1,1,2,0,,188.63,1,,,,-1,0,10,-1,0,15,,,,-1,0,14,,,,,,,-1,0,14,0,,0
368234,28/03/2013 20:42,5,219,,,205,99340,3,3,1,4.47,0.6921,5.17,27,211,1,17796,2,15,1,0,1,1,,5556.7,0,,,,0,0,,0,0,,-1,0,9,0,0,,,,,,,,,,,0,,0
246135,13/02/2013 10:22,5,219,,,219,54359,2,3,0,4.26,0.1742,4.35,27,55,0,13870,1,1,2,0,1,1,,83.98,0,,,,,,,,,,,,,0,0,45,,,,,,,0,0,,0,,0
386626,22/05/2013 10:43,34,117,,,219,56870,2,3.5,0,3.66,0.0106,5.06,4,166.86,1,22620,1,94,2,0,1,1,,,1,,,,,,,,,,,,,,,,,,,,,,,,,0,,0
373867,27/01/2013 10:39,5,219,,,219,101588,4,3.5,0,2.89,0.092,5.47,2,110,0,23129,4,14,2,0,1,0,,122.1,1,,,,0,0,,,,,,,,0,0,34,,,,,,,0,0,,0,,0
361685,19/03/2013 16:03,14,100,,,100,8560,4,4,1,3.47,0.2461,5.12,22,145.11,0,1996,2,52,2,0,1,1,,,0,,,,0,0,,,,,,,,0,0,,,,,,,,,,,0,,0
150573,29/05/2013 04:14,5,219,,,219,126094,5,5,1,0,0.0033,6.18,37,475,0,8026,1,1,2,0,1,1,,711.11,0,,,,,,,0,0,,,,,0,0,,,,,,,,0,0,,0,,0
183800,21/04/2013 07:37,5,137,,,215,105549,4,4,1,6.08,0.2115,5.33,21,185,0,22879,1,0,2,0,2,0,,,0,,,,,,,-1,0,18,,,,-1,0,20,0,0,6,0,0,,-1,0,11,0,,0
37066,31/05/2013 20:47,24,216,,,92,69649,5,4.5,0,4.47,0.1185,5.87,7,224.13,1,6991,2,97,1,0,1,1,,,0,,,,,,,,,,,,,,,,,,,,,,,,,0,,0
246055,02/11/2012 10:47,5,221,,,221,88292,2,5,0,2.48,0.251,4.93,7,52,0,21756,1,3,2,0,1,0,,,1,,,,,,,,,,,,,,,,,,,,,,,,,0,,0
555377,01/03/2013 18:09,5,219,,,219,59081,4,4,1,4.79,0.267,5.24,6,119,0,12452,1,50,2,0,1,1,,208.32,0,,,,0,0,9,0,0,9,,,,0,0,9,,,,,,,0,0,9,0,,0
197487,14/01/2013 15:06,14,100,,,100,37339,3,4,1,4.36,0.2016,4.78,10,60.99,0,6948,1,5,2,0,1,1,,42.87,0,,,,0,0,,,,,,,,0,0,183,,,,,,,0,0,,0,,0
65381,30/03/2013 19:31,5,219,,,219,44737,3,4.5,1,4.52,0.4444,5.48,13,275,0,4072,2,5,3,3,2,1,,,0,,,,,,,0,0,3,,,,,1,,,,,,,,0,0,3,0,,0
528873,09/04/2013 14:49,5,219,,,219,19413,4,4.5,1,2.48,,5.32,22,149,0,8590,1,4,2,0,1,1,,81.54,0,,,,,,,0,0,,,,,0,0,,,,,,,,0,0,,0,,0
294991,10/12/2012 21:17,5,219,3.08,215.95,219,122705,3,5,1,0.69,0.0003,4.7,32,125,0,20583,1,4,2,0,1,1,,180.53,0,,,,,,,,,,,,,,,,,,,,,,0,0,,0,,0
588442,20/03/2013 20:06,5,219,,,219,82001,4,5,1,2.64,,6.21,6,436,1,6314,3,26,1,0,1,0,,2489.88,1,,,,,,,,,,,,,,,,,,,,,,,,,0,,0
237830,15/05/2013 13:13,14,100,,,100,29680,4,4.5,0,2.89,0.0547,5.13,29,155.56,1,4955,1,3,1,0,1,1,,1215.73,0,,,,0,0,,,,,,,,0,0,,,,,,,,,,,0,,0
91355,22/02/2013 20:22,5,219,,,219,105764,3,4,0,0.69,0.0138,5.47,21,164,1,18495,2,86,2,1,1,0,,468.06,0,,,,,,,,,,,,,,,,,,,,,,,,,0,,0
311657,10/03/2013 06:35,5,219,,,219,105251,4,4.5,1,1.61,0.439,5.43,1,145,0,27446,2,19,2,2,1,1,,230.83,0,,,,,,,1,0,2,,,,,,,,,,,,,-1,0,25,0,,0
239060,13/01/2013 16:07,5,219,,,219,17453,4,4,1,2.64,0.067,5.1,1,101,0,11339,1,278,2,0,1,1,,2112.13,0,,,,,,,,,,,,,,,,,,,,,,,,,0,,0
137432,24/04/2013 12:32,18,129,,,129,132766,5,4.5,1,3.93,0.0462,5.39,15,338.37,1,11507,2,2,2,0,1,1,,321.69,0,,,,,,,,,,,,,1,0,5,1,0,5,1,0,4,,,,0,,0
100304,11/05/2013 13:26,5,219,,,219,73073,0,4,0,2.64,0.3486,5.12,16,65,0,17910,3,164,2,0,1,0,,,0,,,,,,,,,,,,,,,,,,,,,,,,,0,,0
64576,16/05/2013 07:58,5,219,,,219,82660,3,4,1,1.1,0.0063,4.36,24,80,0,11868,1,0,2,0,1,1,,5.36,1,,,,0,0,,0,0,,,,,,,,,,,,,,0,0,,0,,0
519929,27/02/2013 13:50,5,219,,,219,139292,2,4,0,3.14,0.0801,4.57,19,64,0,4335,1,4,2,0,1,0,,102.97,0,,,,0,0,,,,,,,,0,0,,,,,,,,0,0,,0,,0
441181,01/04/2013 10:22,5,219,,,219,131018,3,4.5,1,2.08,0.144,5.29,8,210,0,20700,2,2,1,1,1,0,,366.12,0,,,,-1,0,17,,,,,,,,,,,,,,,,1,0,11,0,,0
538840,20/02/2013 17:00,5,219,,,99,119237,0,0,0,1.39,,4.36,9,478,0,16032,3,39,2,1,1,0,,,0,,,,,,,,,,,,,,,,,,,0,0,,,,,0,,0
446911,22/05/2013 19:47,5,219,,,41,129910,5,4.5,1,5.67,0.0483,5.93,12,293,0,23769,1,173,2,0,1,0,,5435.37,1,,,,,,,,,,,,,,,,,,,,,,,,,0,,0
465481,26/02/2013 13:56,5,219,,,219,96375,3,4.5,1,2.83,,4.57,21,139,0,18864,1,2,1,0,1,1,-33.3809,845.53,0,,,,,1,,,,,,,,-1,0,19,,,,,,,,,,0,,0
3694,04/11/2012 13:56,24,216,,,98,5356,3,0,0,3.3,,5.14,1,17.39,1,8612,4,47,1,0,1,1,,,0,,,,,,,,,,0,0,,0,0,,,,,,,,,,,0,,0
60446,20/01/2013 22:37,11,103,,,220,113931,5,4.5,1,4.48,0.6183,5.86,15,315.53,1,10190,3,33,2,0,1,1,,,0,,,,,,,0,0,,,,,0,0,,,,,,,,,,,0,,0
188906,05/02/2013 09:34,14,100,,,219,90084,3,4,1,1.39,0.0095,5.05,15,175.77,0,27043,2,17,2,0,1,1,,259.81,1,,,,,,,,,,,,,,,,,,,,,,0,0,,0,,0
221834,26/04/2013 14:23,5,219,,,219,133085,4,4.5,1,1.39,,4.94,35,103,1,8111,1,45,3,0,2,0,,416.01,1,,,,1,0,25,,,,,,,,,,,,,,,,1,0,25,0,,0
43784,17/02/2013 10:46,14,100,,,100,79311,3,3.5,0,3.69,0.1143,4.72,26,74.52,0,20438,1,1,2,2,1,0,,65.12,0,,,,,,,,,,,,,-1,0,4,,,,,,,-1,0,4,0,,0
301253,19/04/2013 16:50,5,219,,,219,123483,3,4,1,2.3,0.2604,4.72,2,126,0,22380,1,3,1,0,1,0,,87.4,0,,,,0,0,7,,,,,,,0,0,7,,,,,,,0,0,6,0,,0
414093,17/12/2012 17:11,5,219,,,219,73520,3,4.5,1,1.39,0.0082,5.07,31,100,0,15353,1,7,4,0,1,0,,354.52,0,,,,,,,0,0,,,,,,,,,,,,,,0,0,,0,,0
206367,12/06/2013 16:48,5,219,4.43,223.1,219,38419,5,4,1,4.19,0.2573,0,19,182,0,8192,2,17,2,0,1,1,,416.42,0,,,,0,0,,0,0,,,,,0,0,,,,,,,,0,0,2,0,,0
29185,18/05/2013 06:33,5,219,,,219,26090,3,5,1,0.69,0.0308,5.1,1,99,0,2928,2,7,2,1,1,1,,637.92,1,,,,,,,-1,0,4,,,,,,,,,,,,,-1,0,4,1,260.08,1
320277,11/11/2012 08:46,5,219,,,219,111703,2,3.5,1,2.2,,4.15,18,47,1,9491,2,5,2,0,1,1,,86.94,0,,,,,1,,-1,0,5,,,,1,0,28,,,,,,,-1,0,5,0,,0
153889,17/02/2013 04:51,12,73,,,26,130267,4,3.5,0,2.3,,4.98,26,118.94,0,25525,21,177,1,0,1,0,,,1,,,,,,,,,,,,,,,,,,,,,,,,,0,,0
550862,18/02/2013 20:15,5,219,,,219,4501,3,4.5,1,1.61,0.1741,4.72,4,94,0,23604,3,6,2,0,1,0,,222.61,1,,,,0,0,,,,,,,,,,,,,,,,,0,0,,0,,0
377632,07/05/2013 14:17,5,219,,,219,103207,3,4,0,1.39,0.052,5.06,12,72,0,11885,2,5,2,0,1,0,,75.6,0,,,,,,,,,,,,,1,0,23,,,,,,,1,0,23,0,,0
171513,09/01/2013 10:18,5,219,,,219,95169,4,0,1,1.61,,5.89,30,396,0,15903,7,94,1,0,1,0,,2719.65,1,,,,,,,,,,,,,,,,,,,,,,,,,0,,0
301650,10/01/2013 01:29,24,216,,,216,64385,3,0,0,4.2,0.2827,4.45,7,48.24,0,25055,2,23,1,0,1,1,,,0,,,,,,,,,,,,,,,,,,,,,,,,,0,,0
305621,06/03/2013 16:06,5,219,,,219,43761,2,4,1,2.77,0.0403,4.3,7,59,0,22162,1,24,2,0,1,1,,22.54,1,,,,0,0,,,,,,,,,,,,,,,,,,,,0,,0
240628,07/01/2013 22:08,24,216,,,15,96950,5,4,0,3.04,0.0908,6.2,8,628.49,0,9591,2,7,3,1,1,0,,,1,,,,0,0,,,,,,,,0,0,,,,,,,,,,,0,,0
350225,07/03/2013 22:40,5,219,,,219,72731,5,4,1,4.17,,5.44,17,179,1,16654,1,1,2,0,1,1,,,0,,,,0,0,,0,1,,,,,,,,,,,,,,-1,0,11,0,,0
110785,02/05/2013 10:37,5,219,,,219,130231,4,4.5,1,3.56,0.0222,5.2,25,149,0,4923,1,1,2,0,1,1,,322.29,0,,,,0,0,,0,0,,,,,0,1,,,,,,,,0,0,,0,,0
59253,26/02/2013 12:21,5,219,,,219,79246,3,3.5,1,1.39,,4.62,34,105,0,5606,1,19,2,0,1,0,,985.96,0,,,,0,0,,,,,,,,-1,0,4,,,,,,,,,,0,,0
598723,01/04/2013 18:19,14,100,,,60,93595,5,4.5,0,5.76,0.5796,5.36,7,224.23,1,20446,4,43,1,0,1,0,,5105.38,0,,,,,,,,,,,,,,,,,,,1,0,13,,,,0,,0
215442,03/11/2012 16:51,5,205,4.29,157.61,205,38973,2,3,0,4.42,0.7265,4.53,31,44,0,17796,2,4,1,0,1,0,,,0,,,,,,,,,,,1,,,,,,,,,,,,,,0,,0
85269,24/06/2013 22:05,18,129,,,71,59384,3,4,0,1.79,0.0116,0,19,261.09,0,11485,17,146,2,0,1,0,,3161.81,1,,,,,,,,,,,,,,,,,,,,,,,,,0,,0
157371,18/12/2012 07:35,5,219,,,219,48928,4,4.5,1,2.2,0.0014,5.27,32,129,0,2518,2,11,2,2,1,1,,392.38,0,,,,-1,0,7,-1,0,7,,,,,,,,,,,,,-1,0,7,0,,0
475389,06/03/2013 12:37,5,219,,,219,76193,3,4,1,2.56,0.0709,5.17,32,75,0,8841,3,14,2,0,1,0,,81.92,0,,,,,,,,,,,,,,,,,,,,,,,,,0,,0
401543,11/03/2013 17:01,5,219,3,152.62,219,10932,4,4,0,2.3,0.1345,5.4,6,119,0,8841,3,38,2,0,1,1,,83.9,0,,,,,,,,,,,,,,,,,,,,,,,,,0,,0
186992,14/05/2013 06:23,5,219,,,219,11763,3,4.5,1,2.64,,4.81,25,117,0,1033,3,38,2,0,1,1,-15.4085,267.44,0,,,,0,0,,,,,,,,0,0,,,,,,,,,,,0,,0
171058,11/02/2013 12:50,5,219,,,219,114932,3,4,1,4.32,0.256,5.21,1,114,1,8192,3,5,2,0,1,1,,1224.39,0,,,,0,0,,0,0,,,,,-1,1,19,,,,,,,-1,0,19,0,,0
309020,16/03/2013 10:36,5,219,,,219,57303,2,3,1,3.26,0.0749,4.59,33,99,0,9265,1,20,1,4,4,1,,77.26,0,,,,,,,0,0,5,,,,1,0,5,,,,,,,0,0,,0,,0
138255,03/01/2013 23:02,5,219,,,216,47589,4,4,0,3.78,0.5742,5.32,4,105,1,24681,5,96,2,0,1,0,,6676.35,0,,,,,,,,,,,,,,,,,,,,,,,,,1,,0
217350,08/04/2013 05:51,14,100,,,219,64953,4,4,1,3.3,0.0277,5.99,32,282.31,0,10032,5,27,2,0,1,0,,1879.34,0,,,,0,0,,1,0,13,,,,0,1,,,,,,,,0,0,,0,,0
559663,14/04/2013 15:01,5,219,,,219,76935,3,4,1,1.61,,4.85,27,79,0,8512,1,12,2,0,1,1,,31.76,1,,,,0,0,,,,,,,,0,0,,,,,,,,,,,0,,0
258005,17/03/2013 08:46,14,92,,,216,26823,5,5,1,3.37,0.0435,6.21,1,44143.61,0,28172,2,2,2,0,1,0,,,0,,,,0,0,13,0,0,13,0,0,,1,0,14,,,,,,,1,0,17,0,,0
429422,20/12/2012 10:01,5,219,,,219,54656,3,4.5,1,1.61,,5.09,32,139,0,13055,1,0,4,0,2,1,,813.15,0,,,,,,,,,,,,,0,0,,,,,,,,0,0,,0,,0
187255,14/04/2013 22:27,5,219,,,219,122804,2,3,1,2.08,0.0324,4.43,10,69,0,4748,3,5,1,0,1,1,,1716.89,1,,,,0,0,15,0,0,,,,,0,0,,,,,,,,0,0,,0,,0
317936,21/12/2012 12:48,5,219,,,59,74885,2,3.5,0,3.74,0.0317,4.74,18,3616,1,15632,3,1,1,2,1,1,,1921.41,0,,,,,1,,,,,,,,-1,0,22,,,,,,,,,,0,,0
21910,22/01/2013 07:11,5,219,,,219,86134,3,4.5,1,2.64,0.0942,4.73,10,107,0,15934,1,25,2,0,1,1,,148.96,0,,,,0,0,,0,0,,,,,0,0,,,,,,,,0,0,,0,,0
112398,23/11/2012 17:59,14,100,,,53,59733,4,5,0,4.43,0.1316,5.79,2,219.56,0,6005,8,8,1,0,1,0,,8149.52,0,,,,,,,,,,,,,0,0,,,,,,,,,,,0,,0
82714,18/11/2012 18:33,5,219,,,219,35679,4,4.5,1,5.11,0.1396,5.74,22,149,0,26928,1,6,2,2,1,1,,35.05,0,,,,-1,0,26,,,,,,,-1,0,25,,,,,,,-1,0,26,0,,0
321980,14/04/2013 23:21,24,216,,,39,72945,3,3,0,4.09,,4.7,10,88.61,0,3465,1,22,3,0,1,0,,,0,,,,0,0,,0,0,,0,0,,,0,,,,,,,,,,,0,,0
605024,18/03/2013 19:51,11,103,,,219,87796,3,3.5,0,4.65,,5.35,27,159.54,1,4447,4,149,2,0,1,0,,,0,,,,,,,,,,,,,,,,,,,,,,,,,0,,0
275528,29/06/2013 20:38,5,219,,,219,96945,3,4.5,1,2.64,0.0808,0,12,159,0,8162,1,10,1,0,1,0,,701.99,0,,,,,,,,,,,,,,,,,,,,,,,,,0,,0
150924,30/05/2013 19:36,14,100,,,219,36093,0,3.5,0,3.61,0.5315,4.96,18,138.88,0,11904,7,51,2,0,1,0,,455.65,0,,,,,,,,,,,,,,,,,,,,,,,,,0,,0
230819,01/02/2013 22:14,5,219,,,219,30320,3,4.5,1,2.89,0.0406,4.85,7,99,0,1143,1,1,2,0,1,1,-20.3196,,0,,,,0,0,10,0,0,,,,,,,,,,,,,,0,0,10,0,,0
402956,29/11/2012 09:17,5,219,,,219,118918,3,4.5,1,1.39,,4.97,28,119,0,9899,3,30,4,2,3,1,,406.16,1,,,,0,0,,0,0,,,,,0,0,,,,,,,,0,0,,0,,0
410952,16/04/2013 00:07,14,100,,,100,110844,3,5,1,0.69,0.0481,4.92,3,116.59,0,12372,3,32,2,0,1,1,-8.5654,59.52,1,,,,,,,,,,,,,,,,,,,,,,,,,0,,0
302560,04/12/2012 12:39,14,100,,,219,5481,2,2.5,1,2.48,0.0229,4.32,1,59.43,0,22945,1,93,2,0,1,1,,,1,,,,,,,,,,,,,,,,,,,,,,,,,0,,0
556668,23/01/2013 13:49,24,216,,,219,109189,2,4,1,3.4,0.1583,5.15,18,105.11,0,28357,5,10,1,0,1,0,,,0,,,,0,0,,0,0,,,,,,,,,,,,,,0,0,,0,,0
562450,25/06/2013 10:34,5,219,,,219,105517,2,3.5,1,3.09,0.055,0,33,130,0,20874,1,19,2,1,1,0,,93.74,0,,,,0,0,,0,0,,,,,-1,0,7,,,,,,,-1,0,7,0,,0
126056,13/06/2013 07:56,5,219,,,219,79740,4,4,0,5.9,0.1151,0,14,259,1,4562,2,37,1,2,1,1,,177.42,0,,,,,,,,,,,,,,,,,,,,,,,,,0,,0
520308,09/03/2013 11:51,5,59,,,59,42705,3,3,0,0,0.0329,3.99,9,46,0,26850,1,2,1,0,1,0,,,0,,,,,,,,,,,,,,,,,,,,,,,,,0,,0
105646,13/06/2013 21:03,5,219,,,219,105015,2,3.5,1,1.39,0.0043,0,13,84,0,12638,2,10,3,2,1,0,,225.56,0,,,,,,,,,,,,,,,,,,,,,,0,0,,0,,0
383387,09/04/2013 14:40,14,100,4.2,269.53,221,37434,3,4,0,2.3,0.146,5.32,12,187.92,0,24414,1,92,2,0,1,0,,5601.47,1,,,,,,,,,,,,,,,,,,,,,,,,,0,,0
523771,02/04/2013 13:45,5,219,,,219,132490,2,3,1,2.3,,4.51,30,80,0,2964,1,10,2,0,1,1,,128.51,0,,,,0,0,,0,0,,,,,,,,,,,,,,0,0,,0,,0
487542,08/11/2012 11:10,15,55,,,219,111838,4,4.5,1,3.64,0.6041,5.74,3,378.84,0,27770,4,296,2,0,1,1,,,1,,,,,,,,,,,,,,,,,,,,,,,,,0,,0
431689,25/06/2013 13:39,14,100,,,4,138653,3,0,0,0.69,,0,22,91.3,0,7524,1,104,2,0,1,0,,3151.72,1,,,,,,,,,,,,,,,,,,,,,,,,,0,,0
22314,30/01/2013 08:39,24,216,,,14,114463,4,4,1,4.23,0.059,5.5,32,190.2,0,9387,2,23,2,0,1,1,,,0,,,,1,0,3,1,0,17,1,0,3,,,,,,,,,,,,,0,,0
306003,13/12/2012 20:12,32,220,,,220,93272,3,3,0,2.94,,4.86,14,114.76,0,21267,1,43,1,0,1,1,,3.7,0,,,,0,0,,,,,0,0,,0,0,,,,,,,,,,,0,,0
551993,20/05/2013 10:07,32,220,,,220,3300,5,4,1,3.61,0.3882,5.39,26,136.34,0,19645,1,4,2,0,2,1,,725.92,0,,,,0,0,,1,0,7,0,0,,,,,,,,,,,,,,0,,0
505970,28/06/2013 06:32,5,219,,,219,98730,3,4,1,0.69,0.3171,0,3,74,0,7474,4,27,2,0,1,1,,69.29,1,,,,,,,,,,,,,,,,,,,,,,,,,0,,0
583153,23/12/2012 19:17,5,219,,,219,21198,4,4.5,1,3.69,0.0324,5.38,21,265,0,23904,2,61,1,1,2,1,,453.72,0,,,,,,,0,0,,,,,0,0,,,,,,,,,,,0,,0
465925,22/06/2013 13:19,5,219,,,219,68466,0,4.5,1,2.89,0.1008,0,24,134,0,15913,1,21,2,0,1,1,,1486.03,0,,,,,,,,,,,,,,,,,,,,,,,,,0,,0
468983,06/06/2013 18:55,5,219,,,219,96051,3,4,1,1.1,0.0023,0,37,119,0,20995,2,1,2,0,1,1,-65.3637,166.43,0,,,,0,0,5,0,0,5,,,,0,0,,,,,,,,0,0,5,0,,0
442932,19/06/2013 18:34,14,100,,,100,126937,4,4,1,3.5,0.1466,0,31,136.28,1,19215,7,31,2,2,1,0,,230.07,1,,,,0,0,26,,,,,,,,,,,,,,,,,,,0,,0
213644,19/02/2013 17:39,5,219,,,219,20806,2,2.5,0,2.2,0.2925,4.91,6,73,0,17960,1,30,1,0,1,1,,1386.39,1,,,,,,,,,,,,,,,,,,,,,,,,,0,,0
388635,30/11/2012 19:43,5,219,4,197.82,31,138037,4,4,0,6.36,0.1264,5.82,35,151,0,23495,2,101,2,0,1,0,,6146.32,0,,,,,,,,,,,,,,,,,,,,,,,,,1,350.68,1
452840,15/12/2012 07:54,5,219,,,219,64997,3,4.5,1,2.4,0.0692,4.64,37,80,0,3806,4,2,2,0,1,0,,3.72,0,,,,0,0,,,,,,,,,,,,,,,,,0,0,,0,,0
107045,31/12/2012 09:28,22,92,,,205,58079,5,5,0,4.37,,5.87,1,474.41,1,5441,4,6,2,0,1,0,,,0,,,,,,,,,,,,,,,,,,,,,,,,,0,,0
299973,13/03/2013 20:38,14,100,,,100,67498,0,2.5,1,0,,4.99,35,82.72,0,4038,2,13,3,0,1,0,,1646.25,1,,,,,,,,,,,,,,,,,,,,,,,,,0,,0
324526,20/03/2013 07:00,14,100,,,219,129643,4,4.5,1,4.33,0.2468,5.63,21,180.31,0,570,1,31,2,0,1,1,,122.64,1,,,,0,0,,,1,,,,,0,0,,,,,,,,0,0,,0,,0
548116,01/05/2013 22:41,14,100,,,219,83364,3,4,1,1.61,0.0093,4.68,34,71.41,0,26067,3,76,2,1,1,0,-12.2269,471.77,0,,,,,,,,,,,,,,,,,,,,,,,,,0,,0
81653,17/12/2012 19:58,5,219,,,219,10634,2,3.5,1,2.48,0.1677,4.4,7,49,0,9202,1,5,2,0,1,1,,97.33,1,,,,0,0,,,,,,,,0,0,,,,,,,,1,0,7,0,,0
329835,14/05/2013 23:47,24,216,,,221,50517,2,5,0,4.36,0.0947,4.51,25,76.29,0,10247,2,127,2,0,1,0,,,0,,,,,,,,,,,,,,,,,,,,,,,,,0,,0
308725,03/05/2013 18:13,18,129,,,31,27934,0,0,0,6.41,,5.72,8,203.31,0,23495,2,81,6,4,3,0,,491.88,0,,,,,,,,,,,,,0,0,,,,,,,,,,,0,,0
368271,06/11/2012 17:33,5,219,3,78.05,219,133962,2,4,1,2.2,,4.43,29,100,0,22256,2,10,2,0,1,1,,169.24,0,,,,0,0,,,,,,,,,,,,,,,,,0,0,,0,,0
588740,19/06/2013 14:09,5,219,,,219,40455,3,4.5,0,3.61,0.1457,0,13,153,0,23676,1,0,1,0,1,0,,828.46,0,,,,0,0,,0,0,,,,,0,0,,,,,,,,0,0,,1,174.3,1
522006,19/02/2013 14:25,5,219,,,219,97247,2,3.5,1,2.83,0.0469,4.66,28,80,0,25964,1,3,2,0,1,1,-14.4846,56.89,0,,,,0,0,10,0,0,,,,,1,0,6,,,,,,,0,0,11,0,,0
227555,13/06/2013 18:19,5,219,,,219,92137,4,4,1,5.76,0.1067,0,32,351,1,4562,3,141,1,0,1,1,,75.99,0,,,,,,,,,,,,,,,,,,,,,,,,,0,,0
265540,11/03/2013 02:13,5,59,,,219,131892,4,4,1,4.25,0.2474,4.98,34,49,0,8192,2,20,2,1,1,0,,1487.21,0,,,,0,0,,0,0,,,,,-1,0,25,,,,,,,-1,0,25,0,,0
368003,30/01/2013 15:51,15,55,3.97,196.82,219,30192,3,4.5,1,1.79,0.0002,4.62,35,102.7,0,18774,2,135,1,1,2,1,-26.8869,,0,,,,,,,,,,,,,,,,,,,,,,,,,0,,0
17015,21/06/2013 12:48,5,219,,,219,106262,4,4.5,0,5.94,0.2104,0,16,295,0,5677,2,28,2,0,1,1,,,1,1,0,27,0,0,,0,0,44,,,,1,0,27,,,,,,,1,0,27,0,,0
199286,09/03/2013 07:35,5,219,,,219,129063,3,4.5,1,3.3,0.0446,4.92,7,119,0,18495,2,0,1,1,2,1,,2148.43,0,,,,0,0,,0,0,,,,,,,,,,,,,,,,,1,,0
41184,13/02/2013 23:16,24,216,,,55,65538,4,3.5,0,5.49,0.4193,5.24,21,129.33,0,19392,2,20,1,0,1,0,,,0,,,,,,,,,,,,,-1,0,5,,,,,,,,,,0,,0
517130,22/06/2013 09:57,5,219,,,219,43594,3,3.5,1,0.69,0.0091,0,8,119,1,13539,1,0,2,0,1,1,,6.16,1,,,,0,-1,,0,-1,,,,,-1,-1,9,,,,,,,0,-1,,0,,0
604456,02/05/2013 20:28,7,100,,,41,46111,5,4.5,1,6.15,0.2516,5.93,7,262.25,1,23769,3,78,2,0,1,1,,5198.01,0,,,,,,,,,,,,,,,,,,,,,,,,,0,,0
464777,02/03/2013 14:05,5,219,,,132,36558,5,4,1,5.57,0.1123,5.59,10,198,1,3954,2,79,2,0,1,0,,4662.53,1,,,,,,,,,,,,,,,,,,,,,,,,,0,,0
52511,21/11/2012 09:09,5,219,,,18,137621,3,2.5,0,2.48,0.0125,4.63,16,60,0,3435,5,3,2,0,1,0,,,0,,,,,,,,,,,,,-1,0,28,,,,,,,,,,0,,0
357007,28/11/2012 12:15,14,100,,,100,42928,3,4,0,2.56,0.043,4.98,12,108.86,1,13927,1,3,2,0,1,1,,5.06,0,,,,,,,,,,,,,0,0,,,,,,,,0,0,,0,,0
258383,21/04/2013 20:21,15,32,,,99,108697,3,4,0,2.3,0.0512,5.02,12,162.99,0,17105,8,111,1,1,2,0,,328.35,1,,,,,,,,,,,,,,,,,,,,,,,,,0,,0
158077,28/01/2013 15:36,5,219,,,219,56658,2,3,1,3.5,,4.54,21,47,0,2964,3,12,1,0,1,1,,243.8,1,,,,0,0,,0,0,,,,,,,,,,,,,,0,0,,0,,0
470486,20/02/2013 10:33,5,127,,,219,72590,3,4.5,1,2.4,0.0381,5.07,18,202,0,21232,3,7,2,1,1,0,,,1,,,,0,0,,0,0,,,,,,,,,,,,,,0,0,,0,,0
550694,13/02/2013 21:01,5,219,,,219,29301,4,4,0,4.14,0.0378,5.38,20,129,0,13216,1,2,2,0,1,1,,250.72,0,,,,0,0,,,,,,,,0,0,,,,,,,,0,0,,0,,0
182631,03/05/2013 20:42,5,219,,,219,46370,2,0,0,1.1,0.0609,5.09,7,127,0,17330,1,24,2,1,1,0,-175.5192,425.24,1,,,,,,,,,,,,,,,,,,,,,,,,,1,141.43,1
150054,08/03/2013 09:40,17,98,,,98,126178,4,5,0,2.4,0.0117,4.91,1,157.15,0,6106,2,41,2,2,1,1,,,0,,,,,,,,,,,,,,,,,,,,,,,,,0,,0
451493,11/06/2013 12:02,14,100,,,100,24242,4,4.5,0,4.01,0.4562,0,3,156.05,0,10959,1,31,1,0,1,1,,59.95,0,,,,,,,,,,,,,0,0,,,,,,,,,,,0,,0
355501,10/04/2013 11:57,14,100,,,100,39016,2,4,0,3.64,0.0847,4.88,3,153.82,0,20438,7,26,2,0,1,0,,812.53,1,,,,,,,,,,,,,,,,,,,,,,,,,0,,0
541867,10/04/2013 12:14,5,219,,,219,40184,3,4,1,3.5,0.2086,5.08,30,120,0,17038,2,37,3,0,1,1,,283.71,1,,,,0,0,,0,0,,,,,,,,,,,,,,0,0,,0,,0
458014,12/03/2013 10:31,16,31,,,99,115766,4,4,1,4.55,0.0087,5.48,8,258.05,0,13292,4,34,1,1,2,0,,491.01,0,0,0,,,,,,,,,,,0,0,,,,,0,0,,,,,0,,0
280332,01/04/2013 21:38,32,220,,,219,46279,2,4,1,3,0.0023,5.18,27,160.52,0,4562,2,67,1,0,1,1,,,0,,,,,,,,,,,,,,,,,,,,,,,,,0,,0
426844,25/06/2013 11:55,5,219,,,219,129818,3,4,1,1.79,0.1406,0,9,70,0,15712,1,0,1,0,1,0,,135.11,0,,,,,,,,,,,,,,,,,,,,,,,,,0,,0
465725,04/04/2013 22:39,5,219,,,219,122112,5,5,1,4.29,0.2668,5.96,2,225,0,8192,2,31,1,0,1,0,,1719.31,0,,,,0,0,,0,0,4,,,,0,0,,,,,,,,0,0,,0,,0
253844,28/03/2013 10:50,5,219,,,219,26819,3,4.5,1,3.53,0.1128,5.26,12,169,0,13202,2,6,1,0,1,0,,1167.5,0,,,,0,0,4,,,,,,,0,0,4,,,,,,,0,0,4,0,,0
119573,22/01/2013 22:01,16,31,,,178,98581,5,5,0,2.71,0.0772,6.11,18,287.69,0,13804,7,165,1,0,1,0,,1746.96,0,,,,,,,,,,,,,,,,,,,,,,,,,0,,0
452245,30/04/2013 09:10,5,219,,,219,58170,2,3.5,1,2.71,0.0611,4.13,8,60,0,16888,1,1,2,0,1,0,,357.1,1,,,,0,0,,0,0,,,,,0,0,16,,,,,,,0,0,16,0,,0
453471,29/06/2013 15:30,5,219,,,219,77522,3,4.5,1,1.1,0.0578,0,10,169,0,14153,1,12,2,2,1,1,,,1,,,,0,0,,,,,,,,0,0,,,,,,,,,,,0,,0
495701,09/12/2012 20:01,29,132,,,223,133966,4,4.5,0,5.52,0.1134,4.79,21,53.01,1,9847,4,2,1,0,1,0,,,0,,,,,,,,,,,,,,,,,,,0,0,10,,,,0,,0
603322,20/05/2013 18:14,14,100,,,100,118609,3,3.5,0,1.39,0.0099,5.07,24,127.92,0,22132,3,39,2,0,1,1,,,0,,,,-1,0,10,,,,,,,,,,,,,,,,,,,0,,0
199863,06/05/2013 21:03,18,36,,,41,68697,3,4,0,6.23,0.2636,4.18,32,84.99,0,23769,5,13,2,0,1,0,,,1,,,,,,,,,,,,,0,0,21,1,0,36,,0,,,,,0,,0
307129,26/05/2013 12:01,15,55,,,55,37441,4,5,1,2.64,,4.76,13,117.97,0,22223,1,2,2,0,1,0,,,0,,,,,,,,,,,,,,,,,,,,,,,,,0,,0
596374,28/05/2013 19:45,5,219,,,219,57934,3,4,1,4.26,,5.31,21,149,0,12642,1,25,2,0,1,1,-39.7667,344.9,0,,,,,,,1,0,20,,,,,,,,,,,,,,1,,0,,0
172658,28/11/2012 07:08,5,219,,,219,15655,4,4,1,2.71,0.0114,5.23,20,129,0,2518,3,9,2,0,1,1,,447.6,0,,,,,,,,,,,,,,,,,,,,,,,,,0,,0
471728,29/06/2013 17:54,5,219,,,219,110577,3,4.5,1,1.39,,0,20,91,0,23624,3,7,2,3,1,1,-80.4195,39.47,0,,,,0,0,,,,,,,,0,0,,,,,,,,0,0,,0,,0
462450,24/02/2013 11:40,5,219,,,230,61354,3,4,0,1.1,0.0708,5.81,3,144,1,20213,7,99,2,0,1,0,,,1,,,,,,,,,,,,,,,,,,,,,,,,,0,,0
202376,12/12/2012 20:40,5,80,,,219,25075,3,3.5,0,3.83,0.0212,5.39,33,176,0,5143,4,93,2,0,1,1,,,1,,,,,,,0,0,,,1,,0,0,,,,,,,,0,0,,0,,0
22847,22/02/2013 13:40,5,219,,,219,78370,3,3.5,1,2.64,,4.51,11,119,0,11983,2,27,2,0,1,1,,456.64,0,,,,,,,,,,,,,,,,,,,,,,0,0,,0,,0
196366,17/06/2013 12:30,5,219,,,219,117297,2,3,1,3.37,0.0294,0,17,42,0,8993,3,29,2,0,1,0,,537.43,0,,,,,,,,,,,,,,,,,,,,,,,,,0,,0
340752,19/12/2012 15:46,5,219,,,219,113624,0,4.5,0,4.09,,4.63,7,182,0,21293,1,17,2,3,1,1,,26,0,,,,1,0,14,,,,,,,,,,,,,,,,1,0,13,0,,0
544342,24/02/2013 17:11,14,100,,,215,128118,4,4,1,5.06,0.2136,5.02,12,160.55,0,1016,3,75,3,0,1,1,,3978.92,1,,,,,,,,,,,,,,,,,,,,,,,,,0,,0
556984,23/05/2013 13:06,5,219,,,219,56417,4,4.5,1,2.71,,5.83,35,546,0,15608,4,73,2,1,1,0,,193.42,0,,,,0,0,,0,0,,,,,0,0,,,,,,,,,,,0,,0
355490,10/03/2013 19:47,15,55,,,154,38321,5,4.5,1,4.43,0.0763,5.1,13,80.6,0,5192,1,6,2,0,1,1,,,0,,,,,,,,,,,,,0,0,,0,0,,0,0,,,,,0,,0
194467,19/02/2013 18:38,24,216,,,219,91975,4,4,1,5,0.1609,5.5,33,197.93,0,17012,3,130,2,0,1,1,,,1,,,,,,,,,,,,,,,,,,,,,,,,,0,,0
160843,22/05/2013 15:37,5,219,,,219,124555,3,4.5,1,1.79,0.0197,5.31,14,203,0,8740,2,117,3,0,1,0,,2545.34,0,,,,,,,,,,,,,,,,,,,,,,,,,0,,0
390920,21/02/2013 13:19,5,219,3.22,140.72,219,23504,2,3,1,1.1,0.046,3.98,29,45,0,16701,1,13,1,0,1,0,,,1,,,,,,,,,,,,,,,,,,,,,,,,,0,,0
150090,06/12/2012 08:43,5,59,,,59,126499,3,0,0,3.53,0.1963,4.4,26,67,0,21319,1,8,2,0,1,1,,270.4,1,,,,,,,,,,,,,,,,,,,,,,,,,0,,0
308259,13/03/2013 03:27,5,219,,,219,67547,0,3,0,1.39,,5.02,15,54,0,27149,1,3,2,0,1,1,,2695.48,0,,,,1,0,10,,,,,,,,,,,,,,,,1,0,10,0,,0
196092,07/02/2013 21:48,5,219,,,219,29917,4,4.5,0,2.2,0.2611,5.15,12,139,0,15353,1,2,2,1,1,1,,181.12,0,,,,,,,,,,,,,,,,,,,,,,,,,0,,0
479132,09/01/2013 00:09,5,59,,,41,46111,5,4.5,1,6.15,0.2516,5.89,8,214,1,23769,4,32,2,1,1,0,,7100.64,0,,,,,,,,,,,,,,,,0,0,,0,0,,,,,0,,0
429501,27/03/2013 21:45,14,100,,,100,44213,4,4,1,4.28,0.1684,5.48,6,113.19,1,6948,1,4,2,0,1,0,,55.42,0,,,,0,0,12,,,,,,,1,0,12,,,,,,,0,0,11,0,,0
589836,11/02/2013 10:23,5,219,,,219,10250,3,3.5,1,1.39,,4.62,21,105,0,26313,1,118,2,0,1,0,,1928.49,1,,,,,,,,,,,,,,,,,,,,,,,,,0,,0
76144,28/12/2012 08:58,5,219,,,219,62965,2,4,1,1.61,,4.59,13,74,0,7475,1,4,1,1,1,0,,241.51,1,,,,,,,,,,,,,,,,,,,,,,,,,0,,0
229170,03/12/2012 16:18,5,219,,,219,115046,2,3,1,0,0.2353,4.28,7,50,0,12510,1,2,2,0,1,0,,963.11,0,,,,0,0,,,,,,,,,,,,,,,,,,,,0,,0
324587,15/06/2013 18:27,15,55,,,129,9489,5,4.5,1,5.27,0.0698,0,16,117.79,1,19968,3,30,1,1,2,0,,565.86,1,1,0,7,,,,,,,,,,0,0,,0,0,,0,0,,,,,0,,0
280671,31/05/2013 18:50,5,219,,,219,40364,2,0,1,1.39,,4.24,12,90,0,3346,1,7,1,2,1,1,,130.64,0,,,,,,,,,,,,,,,,,,,,,,0,0,,0,,0
97368,31/01/2013 18:49,5,219,,,219,111322,4,3.5,1,2.64,0.0567,5.42,7,219,0,19626,1,6,2,2,1,0,,1015.53,1,,,,0,0,,0,0,,,,,0,0,,,,,,,,0,0,,0,,0
360239,26/02/2013 09:28,16,31,,,50,75996,4,3.5,0,4.5,0.3776,5.68,9,188.09,1,14972,8,11,2,0,1,0,,5764.98,0,,,,,,,,,,,,,0,0,,,,,,,,,,,0,,0
92192,06/05/2013 00:25,15,63,,,55,55601,5,4.5,1,5.24,0.0109,6.21,34,590.52,0,10979,2,9,1,0,1,0,,,0,,,,,,,,,,,,,-1,0,4,,,,0,0,5,1,0,18,0,,0
163361,19/11/2012 19:30,5,219,,,219,135390,2,4,1,2.64,0.3197,4.79,8,85,1,8023,1,18,2,0,1,1,,2.2,0,,,,0,0,,0,0,,,,,,,,,,,,,,,,,1,97.5,1
100762,22/01/2013 05:14,5,219,3.5,142.98,219,802,3,5,1,1.1,0.0028,4.98,16,189,0,7971,1,2,1,1,2,1,,184.55,0,,,,,,,0,0,,,,,1,0,5,,,,,,,0,0,,0,,0
197750,27/04/2013 17:55,5,219,,,219,126238,3,4.5,1,0,,4.83,13,98,1,22730,1,6,2,0,1,1,,156.24,0,,,,0,0,,0,0,,,,,,,,,,,,,,0,0,5,0,,0
158891,12/01/2013 14:49,14,100,,,100,41115,3,3,0,1.79,0.2082,4.78,3,87.33,1,25115,8,6,2,0,1,0,,166.69,0,,,,,,,,,,,,,1,0,25,,,,,,,1,0,25,0,,0
341725,06/03/2013 10:16,24,219,,,99,84369,0,3.5,1,0.69,0.0218,4.66,26,110.02,0,19769,1,37,2,0,1,1,,7402.78,0,,,,,,,,,,,,,,,,,,,,,,,,,0,,0
502967,16/04/2013 12:36,5,33,,,31,3914,3,4,0,6.45,0.2253,5.54,7,224,0,23495,2,74,2,0,1,1,,,1,,,,,,,,,,,,,,,,,,,,,,,,,0,,0
498750,28/03/2013 16:50,5,219,,,219,14536,3,4,0,5.55,0.0643,5.39,12,175,0,4562,3,60,2,0,1,0,,2150.97,0,,,,0,0,,,,,,,,,,,,,,,,,,,,0,,0
518219,13/05/2013 21:21,24,216,,,99,10196,2,2.5,1,0,,4.31,26,57.55,0,12803,3,28,1,0,1,0,,,0,,,,,,,,,,,,,,,,,,,,,,,,,0,,0
31488,14/05/2013 18:18,5,219,,,219,9021,3,4.5,1,1.1,,4.88,7,164,0,11516,2,1,1,1,1,0,,6.41,1,,,,,,,,,,,,,,,,,,,,,,,,,0,,0
105929,28/11/2012 11:28,5,219,,,18,50797,4,4.5,1,2.94,0.0415,6.12,14,384,1,6695,7,66,2,2,1,0,,2057.56,0,,,,0,0,,,,,,,,,,,,,,,,,,,,0,,0
347069,27/05/2013 16:32,14,100,,,219,100892,4,4.5,1,4.5,,5.45,35,357.8,0,12410,4,111,2,0,1,0,,2357.89,1,,,,,,,,,,,,,,,,,,,,,,,,,0,,0
117935,06/01/2013 18:23,5,219,,,219,102588,4,4,1,3.26,,4.52,22,59,0,28320,3,11,1,0,1,1,,525.26,0,,,,1,0,11,,,,,,,1,0,27,,,,,,,0,0,,1,270.18,1
559742,18/01/2013 13:43,5,219,,,219,136331,3,4.5,1,0.69,,4.71,38,99,0,24737,1,5,1,0,1,0,,117.21,0,,,,,,,0,0,,,,,,,,,,,,,,0,0,,0,,0
354709,11/11/2012 17:21,16,31,,,205,70213,4,4,1,1.61,0.0075,5,35,100.38,1,28317,5,82,2,0,1,0,,5692.32,1,,,,,,,,,,,,,,,,,,,,,,,,,0,,0
517187,31/03/2013 20:09,5,219,,,31,119922,0,3.5,0,6.41,0.1478,4.46,4,84,0,26361,2,48,2,1,1,1,,5870.95,0,,,,,,,,,,,,,0,0,,,,,,,,,,,0,,0
494436,07/02/2013 14:40,5,219,,,219,124538,2,3.5,1,0.69,0.3795,4.57,4,60,0,2522,21,60,1,0,1,0,,672.7,0,,,,0,0,,,,,,,,0,0,,,,,,,,,,,1,1392.09,1
90250,05/11/2012 07:33,5,219,,,219,23212,4,4.5,1,5.83,0.1173,6.12,19,399,0,10024,1,3,2,0,1,1,,68.54,0,,,,1,0,25,1,0,25,1,0,15,1,0,15,,,,,,,1,0,15,0,,0
357345,02/03/2013 19:40,5,219,,,219,62382,4,4.5,1,1.1,0.0007,4.87,26,79,0,13216,2,27,4,0,1,1,,155.21,1,,,,,,,0,0,,,,,0,0,,,,,,,,0,0,,0,,0
377,26/11/2012 09:37,14,100,,,100,28585,4,4.5,1,1.1,0.0135,5.19,16,135.88,1,6792,2,46,2,0,1,1,,415.66,1,,,,,,,,,,,,,0,0,,,,,,,,-1,0,5,0,,0
255551,23/01/2013 09:34,14,100,,,219,51563,2,3,1,2.64,0.0251,4.86,31,108.09,0,4075,1,93,2,1,1,1,,2563.63,0,,,,,,,,,,,,,,,,,,,,,,,,,0,,0
421619,02/04/2013 07:16,14,100,,,100,118206,5,4.5,1,3.71,0.0278,5.88,28,291.68,0,21871,1,2,1,1,1,1,,0.23,0,,,,0,0,,,1,,,,,1,0,11,,,,,,,0,0,,0,,0
450488,28/12/2012 16:58,5,219,,,219,138452,4,4.5,1,4.74,0.0258,5.77,36,199,0,9402,1,1,2,0,1,1,,32.43,1,,,,0,0,,0,0,,,,,1,0,40,,,,,,,0,0,,0,,0
343638,08/11/2012 15:25,5,219,,,219,126665,4,4.5,0,3.93,0.0106,5.91,31,207,1,4562,4,112,3,1,2,1,,938.98,0,,,,,,,,,,,,,,,,,,,,,,,,,0,,0
101412,23/06/2013 18:30,5,219,,,219,139335,0,4,0,0,0.0016,0,36,150,0,10948,2,47,2,0,1,1,,2621.03,1,,,,,,,,,,,,,,,,,,,,,,,,,1,,0
7215,29/12/2012 22:08,5,219,,,219,126688,2,4,1,1.79,0.0426,4.63,15,59,0,25436,1,20,2,0,1,1,,123.48,0,,,,,,,,,,,,,0,0,,,,,,,,0,0,,0,,0
100443,22/11/2012 12:12,18,129,,,213,85252,4,4,1,1.61,0.0128,5.31,30,114.68,0,11696,4,215,2,0,1,0,,948.26,1,,,,,,,,,,,,,,,,,,,,,,,,,0,,0
563813,06/05/2013 08:54,15,55,,,27,55395,3,3.5,1,3.47,0.6712,5.39,10,293.71,0,10389,4,119,2,0,1,0,,,0,,,,,,,,,,,,,,,,,,,,,,,,,0,,0
73997,08/02/2013 09:07,5,219,,,219,51236,3,4,1,4.16,0.4322,5.38,21,149,0,12410,2,7,1,0,1,1,,112.79,1,,,,0,0,,0,0,,,,,0,0,,,,,,,,0,0,,0,,0
297539,27/11/2012 10:42,14,100,,,100,52703,3,4,1,4.01,0.0941,5.24,30,135.73,0,21871,1,2,2,0,1,1,,13.25,0,,,,0,0,,,,,,,,0,0,,,,,,,,0,0,,0,,0
528910,08/11/2012 06:38,5,219,,,219,80525,3,4,1,2.77,0.0902,5.11,22,94,0,21061,1,31,2,0,1,0,,973.71,0,,,,,,,,,,,,,,,,,,,,,,,,,0,,0
45360,04/04/2013 06:27,5,219,,,219,42786,3,4.5,1,2.2,0.001,4.81,26,74,0,13216,1,2,2,1,1,1,,223.83,1,,,,,,,0,0,,,,,0,0,97,,,,,,,0,0,,0,,0
162997,21/05/2013 18:26,14,100,,,100,94927,2,3,0,2.56,0.2041,5.05,8,136.36,0,7161,1,2,4,0,1,1,-38.3195,195.13,0,,,,,,,,,,,,,1,0,33,,,,,,,1,0,34,0,,0
207661,20/03/2013 15:23,5,219,,,219,135801,0,3.5,1,2.3,,4.38,16,77,0,19164,2,2,2,0,1,1,,437.88,1,,,,,,,1,0,10,,,,,,,,,,,,,,,,0,,0
174548,04/02/2013 16:00,16,31,,,55,2078,4,4.5,0,4.37,0.1841,4.75,7,117.55,0,22215,2,7,2,0,1,0,,951.67,1,,,,,,,,,,,,,-1,0,15,,,,0,0,,,,,0,,0
393628,14/04/2013 15:15,5,219,,,219,82411,3,5,1,2.56,0.0504,5.11,3,169,0,17707,1,3,2,0,1,0,,285.87,0,,,,,,,,,,,,,,,,,,,,,,,,,0,,0
250945,10/06/2013 16:25,14,100,,,100,56908,5,5,1,4.16,,0,26,500.29,0,5412,1,0,1,0,1,0,,1.25,0,,,,,,,,,,,,,0,0,,,,,,,,,,,0,,0
593353,13/04/2013 17:16,24,216,,,220,98714,5,4.5,1,4.7,0.1251,6,28,268.2,0,22853,1,36,2,0,1,0,-5.05,,0,,,,0,0,,,,,,,,0,0,,,,,,,,,,,0,,0
262142,22/02/2013 13:50,5,219,,,219,54697,3,4,0,2.4,0.0563,4.95,27,160,0,15934,2,1,2,0,1,1,,,1,,,,,,,,,,,,,,,,,,,,,,,,,0,,0
331139,24/05/2013 17:00,5,219,,,219,1994,3,3.5,1,0,0.011,4.87,32,123,0,19045,6,23,3,0,1,0,,13.3,0,,,,,,,,,,,,,,,,,,,,,,,,,0,,0
125450,31/03/2013 23:19,18,129,,,99,120179,3,4,1,5.38,0.1706,5.38,15,174.31,1,8082,3,13,1,0,1,1,,463.28,1,,,,,,,,,,,,,,,,,,,,,,,,,0,,0
597017,28/05/2013 13:46,5,219,,,219,28522,2,3.5,1,1.39,0.0404,5.03,25,98,0,10679,3,157,9,1,3,1,,2269.26,1,,,,,,,,,,,,,,,,,,,,,,,,,0,,0
322872,24/06/2013 11:11,5,219,,,158,34095,5,4.5,1,3.95,0.5272,0,1,129,1,22237,1,5,3,0,1,1,,8387.9,0,,,,,,,0,0,,0,0,,0,0,,,,,,,,,,,0,,0
315869,29/03/2013 22:03,5,219,,,219,120851,4,4,1,5.89,0.4102,5.73,24,290,1,5872,4,28,2,0,1,1,,2480.6,0,,,,0,0,,0,0,,0,0,,0,0,,,,,,,,0,0,,0,,0
270754,22/04/2013 17:55,5,219,,,219,23380,4,4.5,1,0,0.0004,6.21,2,395,0,22766,5,70,2,1,1,0,,,1,,,,,,,,,,,,,,,,,,,,,,,1,,0,,0
381549,07/05/2013 09:38,5,219,,,219,121362,3,4,0,3.37,0.0042,4.78,18,104,1,18547,5,23,4,2,1,0,,546.07,0,,,,,,,,,,,,,,,,,,,,,,,,,0,,0
372563,06/11/2012 09:51,5,219,,,55,100686,3,3,0,5.68,0.0546,5.26,26,186,0,10979,3,125,3,1,1,0,,4839.21,0,,,,,,,,,,,,,,,,,,,,,,,,,0,,0
143237,28/01/2013 07:43,5,219,,,219,94080,4,4,1,2.71,0.0198,5.57,28,204,0,3095,2,54,1,1,1,1,,128.33,0,,,,0,0,,0,0,,,,,0,0,,,,,,,,0,0,,0,,0
445725,20/06/2013 08:44,5,219,,,219,109612,3,4.5,1,4.34,0.0191,0,34,279,0,7714,3,46,4,0,3,0,,30.03,0,,,,,1,,,,,,,,0,0,,,,,,,,,,,0,,0
454590,23/01/2013 11:22,5,219,,,219,71991,4,4.5,1,4.32,0.7828,5.56,12,259,0,7864,2,10,2,1,1,1,,136.35,1,,,,,,,,,,,,,,,,,,,,,,,,,0,,0
177452,12/03/2013 12:59,5,219,,,219,2445,2,2.5,1,2.64,0.0201,4.19,13,42,0,9179,2,24,2,0,1,1,,109.15,0,,,,,-1,,,-1,,,,,,-1,,,,,,,,,-1,,0,,0
442529,16/12/2012 10:01,5,219,,,219,134790,3,4.5,1,1.61,0.9319,4.76,2,71,0,4845,2,33,2,2,1,1,,284.79,0,,,,,,,,,,,,,1,0,6,,,,,,,0,0,,0,,0
19693,02/11/2012 14:03,5,219,,,219,40325,3,5,1,2.64,0.0938,4.84,8,99,0,2041,1,1,1,1,1,1,,,0,,,,0,0,9,0,0,9,,,,,,,,,,,,,0,0,,0,,0
109802,02/04/2013 13:30,5,219,,,219,111081,3,4,1,2.89,,4.92,31,104,0,21936,1,2,2,1,1,1,,,0,,,,0,0,,0,0,,,,,,,,,,,,,,0,0,,0,,0
105646,13/06/2013 21:03,5,219,,,219,53441,0,3.5,1,1.1,0.0048,0,36,90,0,12638,2,10,3,2,1,0,,238.52,0,,,,,,,,,,,,,,,,,,,,,,1,0,10,0,,0
96759,13/05/2013 13:37,18,129,,,31,58297,3,4.5,0,3.3,0.3224,4.75,9,88.23,0,23562,1,1,2,1,1,0,,188.31,0,,,,,,,,,,,,,1,0,13,,,,,,,,,,0,,0
43654,28/11/2012 17:52,5,219,,,219,124070,2,3.5,1,1.1,0.0103,4.18,4,68,0,21232,2,24,2,2,1,1,,175.8,0,,,,0,0,,0,0,,,,,1,0,6,,,,,,,0,0,,1,152.68,1
326548,01/03/2013 19:45,24,216,,,92,84269,4,4,0,4.48,0.8161,5.16,10,132.04,0,13512,2,84,2,0,1,1,,,1,,,,,,,,,,,,,,,,,,,,,,,,,0,,0
263832,05/02/2013 08:51,5,219,3,99.24,219,74397,3,4,1,1.39,0.028,4.62,12,75,0,20583,2,10,2,0,1,1,,6.99,0,,,,0,0,,0,0,,,,,0,0,,,,,,,,0,0,,0,,0
414887,12/12/2012 21:06,5,219,,,219,51401,3,4,1,2.2,,4.43,6,69,0,28339,1,3,1,3,1,1,,192.94,0,,,,0,0,,0,0,,,,,,,,,,,,,,0,0,,0,,0
385746,04/04/2013 17:45,5,219,,,219,41712,4,4.5,1,5.79,0.1518,5.98,13,304,1,4562,3,16,2,0,1,1,,456.43,0,,,,,,,,,,,,,,,,,,,,,,,,,0,,0
411475,11/06/2013 18:06,15,55,,,215,117666,4,0,0,2.3,,0,18,131.43,0,21180,4,122,2,0,1,1,,,1,,,,,,,,,,,,,,,,,,,,,,,,,0,,0
224719,24/06/2013 03:18,5,219,,,219,103916,2,3.5,1,2.56,,0,31,55,0,10603,1,31,2,0,1,1,,,1,,,,,,,,,,,,,,,,,,,,,,,,,0,,0
539236,30/05/2013 20:54,15,55,,,68,53735,3,4,0,2.77,0.3316,0,1,118.81,0,10869,8,241,2,0,1,0,,,1,,,,,,,,,,,,,,,,,,,,,,,,,0,,0
32237,21/01/2013 19:24,5,219,,,55,75666,5,4.5,1,5.38,0.0168,6.11,33,295,1,10979,7,64,2,0,1,0,,5484.65,0,,,,,,,,,,,,,0,0,,,,,0,0,,,,,0,,0
103659,10/01/2013 12:18,32,220,,,98,36763,5,5,1,5.14,0.0666,5.79,31,199.24,0,24731,2,7,2,0,1,1,,4583.61,0,,,,0,0,,,,,,,,0,0,,,,,,,,,,,0,,0
396426,02/04/2013 10:46,5,219,,,219,43264,4,4.5,1,3.5,0.0274,5.19,36,220,1,9351,1,1,2,0,1,0,,133.57,0,,,,1,0,22,,,,,,,,,,,,,,,,1,0,22,0,,0
264010,18/01/2013 10:58,5,219,,,219,92136,2,3.5,0,2.64,0.09,4.33,4,59,0,1656,2,0,2,0,1,1,,181.1,0,,,,0,0,,,,,,,,0,0,,,,,,,,0,0,,0,,0
519634,14/02/2013 11:01,5,219,,,219,7776,2,4.5,1,2.48,0.1159,4.47,7,90,0,1656,1,58,2,0,1,1,,485.26,1,,,,-1,0,5,-1,0,5,,,,-1,0,11,,,,,,,-1,0,11,0,,0
403446,28/01/2013 15:42,14,100,,,215,42291,4,4,1,5.09,0.1607,5.24,8,90.43,1,16034,1,31,2,0,1,1,,,0,,,,,,,,,,,,,,,,,,,,,,,,,0,,0
298841,19/03/2013 17:42,5,219,,,219,69207,3,3.5,1,1.1,,4.24,19,67,0,3361,6,7,2,2,1,0,,406.07,0,,,,,1,,,1,,,,,,,,,,,,,,0,0,,0,,0
371115,04/06/2013 20:30,5,219,,,219,131346,3,4.5,1,4.42,0.09,0,30,139,0,21808,1,1,1,0,1,0,,185.89,0,,,,0,0,,-1,0,7,,,,0,0,,,,,,,,-1,0,7,0,,0
540789,07/04/2013 21:26,5,219,,,219,67989,2,4,1,2.08,,4.98,4,179,0,17770,2,4,2,4,1,1,,,1,,,,,,,,,,,,,,,,,,,,,,,,,0,,0
315321,30/03/2013 08:22,5,219,,,99,9185,3,4,0,5.04,,5.09,32,154,0,7531,6,152,2,0,1,0,,5137.04,1,,,,,,,,,,,,,,,,,,,,,,,,,0,,0
334771,09/05/2013 11:24,1,13,,,219,24685,5,4.5,1,5.77,0.1163,6.01,10,297.41,0,4562,1,50,2,0,1,1,,,1,0,0,,0,0,,,,,,,,,1,,,,,,,,0,0,10,0,,0
486418,18/03/2013 16:38,14,100,,,149,77146,3,3.5,0,1.79,0.0206,5.8,7,226.96,1,24803,6,139,1,0,1,0,,2055.86,0,,,,,,,,,,,,,,,,,,,,,,,,,0,,0
510732,18/02/2013 07:05,5,219,,,219,134875,2,3.5,1,2.56,,5.12,16,129,0,9220,1,1,1,0,1,0,,136.13,0,,,,0,0,,0,0,,,,,0,0,,,,,,,,0,0,,0,,0
233952,24/06/2013 22:06,5,219,,,219,43830,3,3.5,0,5.22,0.559,0,32,128,1,25426,4,45,1,1,1,1,,1222.7,1,,,,1,0,30,,,,,,,1,0,30,,,,,,,,,,0,,0
124171,29/05/2013 12:42,5,219,,,219,90858,2,3,1,0.69,0.0094,4.53,4,70,0,4550,2,17,2,0,1,1,-37.9274,392.98,1,,,,0,0,,,,,,,,,,,,,,,,,0,0,,0,,0
469787,04/05/2013 18:47,5,219,,,219,121156,3,4.5,1,1.95,0.0307,4.96,14,99,0,4748,1,0,2,0,1,1,,85.53,0,,,,0,0,,0,0,,,,,0,0,,,,,,,,0,0,,0,,0
293147,01/03/2013 07:12,5,219,3,125.52,219,78068,3,4,1,0.69,0.0153,4.79,38,99,0,13104,1,1,2,1,1,1,,16.32,0,,,,,,,,,,,,,,,,,,,,,,0,0,,0,,0
436694,04/06/2013 17:56,5,219,,,219,9650,0,0,0,0.69,,0,19,265,0,2731,2,59,1,2,1,1,-31.1388,216.75,0,,,,,,,,,,,,,,,,,,,,,,,,,0,,0
92797,14/05/2013 17:20,5,219,,,219,37346,4,4,0,5.77,0.127,5.81,24,179,0,4562,1,13,2,0,1,0,,8.01,0,0,0,43,1,0,2,0,0,,,,,0,1,,,,,,,,0,0,,0,,0
182541,06/12/2012 09:15,32,220,,,219,129968,4,5,1,5.93,0.1415,6.21,22,651.15,0,5143,6,118,4,0,1,0,,9642.92,1,,,,,,,,,,,,,,,,,,,,,,,,,0,,0
230541,25/03/2013 17:19,5,219,,,100,94850,3,4,0,4.11,0.1443,4.9,20,187,0,6948,2,159,2,0,1,1,,298.62,0,,,,,,,,,,,,,,,,,,,,,,,,,0,,0
10509,23/06/2013 20:34,5,219,,,219,17580,4,4,1,2.4,0.0068,0,31,475,0,23904,4,29,4,0,1,0,,589.77,1,,,,0,0,,0,0,,0,0,,0,0,,,,,,,,0,0,,0,,0
63479,27/06/2013 18:47,14,100,,,109,96297,3,0,0,4.47,,0,26,159.4,0,12420,7,21,4,0,1,0,,6222.54,1,,,,,,,,,,,,,,,,,,,,,,,,,0,,0
74449,21/04/2013 11:48,5,23,,,26,65851,3,4,1,3.4,0.1856,5.42,14,156,1,23990,9,53,2,0,1,0,,,1,,,,,,,,,,,,,,,,,,,,,,,,,0,,0
57339,22/01/2013 08:20,5,219,,,219,92996,0,2.5,0,3.09,0.2652,4.49,20,165,0,26743,3,62,2,0,1,0,,,1,,,,,,,,,,,,,,,,,,,,,,,,,0,,0
40623,13/01/2013 20:41,5,219,,,219,13760,4,4.5,1,4.26,0.5021,5.51,7,155,0,570,1,2,2,0,1,0,,1346.79,1,,,,0,0,,0,0,8,,,,0,0,,,,,,,,0,0,,0,,0
423526,30/03/2013 21:23,5,219,,,219,26367,4,5,1,0.69,,4.95,30,136,0,22730,3,5,2,0,1,1,,212.96,1,,,,,,,,,,,,,,,,,,,,,,,,,0,,0
421878,30/12/2012 08:05,5,219,,,219,6039,3,4.5,1,2.56,0.1817,5.07,22,96,0,24714,6,1,2,2,1,0,,1.08,1,,,,,,,0,0,,,,,,,,,,,,,,0,0,,0,,0
347823,05/03/2013 19:40,5,219,,,219,27624,2,3,0,3.37,0.0936,4.54,4,59,0,9265,2,10,3,0,1,1,,267.41,1,,,,,,,,,,,,,-1,0,11,,,,,,,-1,0,11,0,,0
243420,15/02/2013 12:09,18,129,,,109,45300,3,3.5,0,3.04,0.0775,4.7,14,42.76,1,24315,3,50,2,0,1,1,,1247.96,1,,,,,,,,,,,,,,,,,,,,,,,,,0,,0
202752,06/04/2013 18:31,29,132,,,219,99741,3,4.5,1,1.79,0.0013,5.26,31,161.14,0,9402,3,167,4,0,2,1,-13.0967,,0,,,,,,,,,,,,,,,,,,,,,,,,,0,,0
585616,24/12/2012 09:13,5,219,,,216,3703,5,5,1,3.91,0.0251,5.65,6,177,1,28172,3,11,2,0,1,1,,6250.59,0,,,,1,0,9,0,0,,0,0,,0,0,,,,,,,,,,,0,,0
64728,19/03/2013 11:40,31,219,2.5,68.85,219,67453,3,4.5,1,2.64,0.0769,5.05,20,212,1,28315,1,26,1,0,1,0,,2.58,0,,,,0,0,,,,,,,,0,0,,,,,,,,0,0,,0,,0
295293,12/12/2012 12:50,32,220,,,98,85028,4,4,0,3.3,,5.25,29,167.81,0,2948,5,151,2,0,1,0,,4498.83,1,,,,,,,,,,,,,,,,,,,,,,,,,0,,0
388812,15/05/2013 13:05,5,219,,,219,68131,2,3,1,2.64,0.1245,4.52,13,73,0,25637,3,1,2,0,1,1,,,1,,,,0,0,,,,,,,,,,,,,,,,,0,0,,0,,0
367747,27/03/2013 17:55,5,219,,,219,44493,4,4,0,4.37,0.497,5.12,9,169,0,9412,1,2,2,2,1,1,,165.9,0,,,,0,0,,1,0,6,,,,-1,0,20,,,,,,,-1,0,20,0,,0
149434,13/05/2013 16:57,5,219,,,219,58953,2,3,1,2.77,0.0368,4.77,29,69,0,22903,1,14,2,2,1,0,,,1,,,,-1,0,6,-1,0,6,,,,0,0,,,,,,,,,,,0,,0
166309,17/06/2013 11:47,16,31,,,219,60785,3,3.5,0,5.03,0.4665,0,33,104.26,1,25426,6,7,2,0,2,0,,5039.91,1,,,,0,0,,,,,,,,0,0,,,,,,,,0,0,,0,,0
371461,27/01/2013 18:20,5,219,,,219,57428,5,4,0,3.3,0.0883,5.99,14,369,0,15764,4,3,1,1,1,0,,3.86,0,,,,0,0,2,0,0,,,,,-1,0,9,,,,,,,-1,0,9,0,,0
22139,01/06/2013 17:24,19,158,,,158,131137,3,0,0,1.79,,4.79,21,22.83,0,20661,1,3,2,0,1,0,,,0,,,,,,,,,,,,,,,,,,,,,,,,,0,,0
10448,25/03/2013 08:58,5,219,,,219,132761,3,4.5,1,2.3,0.0206,4.98,9,84,0,18410,1,12,2,0,2,1,,70.46,0,,,,0,0,,0,0,,,,,,,,,,,,,,,,,0,,0
592271,18/02/2013 08:39,5,219,,,219,120317,3,4,1,5.26,0.6693,5.8,20,262,0,21160,4,14,1,0,1,0,,0.91,0,,,,0,0,,0,0,,0,0,,0,0,,,,,,,,0,0,,0,,0
66684,25/05/2013 19:34,5,219,,,219,68420,3,3.5,0,3.04,,4.95,20,29,1,10343,2,184,1,0,1,0,,2124.74,1,,,,,,,,,,,,,,,,,,,,,,,,,0,,0
244069,16/02/2013 18:23,5,219,,,219,9830,2,4,1,3.26,0.0727,4.38,3,71,0,8993,1,62,2,2,1,1,,183.08,0,,,,,,,,,,,,,,,,,,,,,,,,,0,,0
27247,10/04/2013 22:40,16,31,,,59,28149,4,4.5,1,1.95,,6.1,9,216.97,1,9644,10,125,2,2,1,0,,5528.73,0,,,,,,,,,,,,,,,,,,,,,,,,,0,,0
394085,18/06/2013 12:20,5,219,,,100,39522,3,3.5,1,1.1,,0,9,93,1,27978,2,21,2,1,1,0,-53.3872,1740.54,0,,,,1,0,6,,,,,,,1,0,7,,,,,,,1,0,6,0,,0
47127,27/03/2013 07:11,5,219,,,219,119181,3,3,1,2.71,0.0351,4.63,4,72,1,4828,1,3,2,0,1,1,,564.36,1,,,,1,0,11,1,0,11,,,,1,0,19,,,,,,,1,0,11,0,,0
303363,07/05/2013 07:38,5,219,3.44,179.74,32,53848,5,5,1,1.1,,5.16,12,629,0,26371,1,13,4,0,2,0,,3873.16,0,,,,,,,,,,,,,,,,,,,,,,,,,0,,0
464300,27/06/2013 10:52,24,216,,,100,116747,3,3.5,1,1.95,0.005,0,10,75.43,0,982,3,62,2,0,1,0,,,1,,,,,,,,,,,,,,,,,,,,,,,,,0,,0
539628,13/03/2013 10:59,5,219,,,219,101785,4,4,1,2.71,0.1094,5.47,20,253,0,15186,1,26,2,0,1,0,-23.8516,705.82,0,,,,0,0,,0,0,,,,,0,0,,,,,,,,0,0,,0,,0
532582,08/03/2013 20:16,24,216,,,98,106998,3,4,0,1.95,0.0287,3.62,6,28.56,1,341,1,5,1,0,1,0,,,1,,,,0,0,9,1,0,8,,,,,1,,,,,,,,,,,0,,0
463003,11/04/2013 00:09,5,219,,,219,59528,4,4.5,1,0.69,,5.27,12,149,0,2291,3,1,2,0,1,1,,1768.79,1,,,,1,0,13,1,0,13,,,,,,,,,,,,,0,0,,0,,0
245636,21/11/2012 06:37,5,138,,,55,72292,4,3.5,1,2.64,0.0211,5.11,12,83,0,10010,1,38,1,0,1,1,,,0,,,,,,,,,,,,,0,0,,,,,0,0,,,,,0,,0
428328,26/02/2013 16:53,14,100,,,205,93035,4,3.5,0,3.97,0.5749,5.5,14,135.46,1,27696,8,81,2,0,1,0,,6484,1,,,,0,0,,0,0,,0,0,,0,0,,,,,,,,,,,1,,0
281556,28/05/2013 16:51,5,219,,,219,78042,3,,0,2.83,,5.4,22,105,0,5158,4,84,2,2,1,0,,103.15,1,,,,,,,,,,,,,,,,,,,,,,,,,0,,0
482664,04/02/2013 08:52,5,219,,,219,81855,2,3.5,1,0.69,0.0444,4.69,9,85,0,3358,5,9,2,0,1,0,,1006.84,0,,,,0,0,,0,0,,,,,0,0,,,,,,,,0,0,,0,,0
428982,12/12/2012 18:05,19,86,,,86,96489,4,0,0,1.95,0.0153,5.32,10,145.34,0,27516,1,23,2,0,1,1,,,1,,,,,,,,,,-1,0,9,,,,,,,,,,,,,0,,0
120823,22/04/2013 21:44,15,55,,,31,139372,0,4.5,0,6.49,0.2273,5.32,12,238.57,1,23495,8,63,1,0,1,0,,,0,,,,,,,,,,,,,0,0,,0,0,,0,0,,,,,0,,0
368280,04/01/2013 11:15,5,219,,,219,124503,2,3.5,1,0.69,,4.81,31,155,0,23581,2,6,2,1,1,1,,2468.46,0,,,,,,,,,,,,,,,,,,,,,,,,,0,,0
345793,03/03/2013 13:42,5,219,,,219,74767,3,4.5,1,1.79,0.0438,5.21,35,150,0,27620,2,4,2,0,1,1,,108.42,1,,,,0,0,,0,0,,,,,,,,,,,,,,0,0,,0,,0
578346,31/03/2013 07:10,5,219,,,219,120379,2,4.5,1,1.79,0.0932,3.81,1,38,1,13073,5,12,2,0,1,0,,526.67,0,,,,1,0,3,,,,,,,-1,0,3,,,,,,,-1,0,3,0,,0
39929,24/04/2013 18:55,5,219,,,219,118442,4,4,1,2.83,0.0199,5.14,2,131,0,24131,1,38,3,1,1,1,,224.73,0,,,,,,,0,0,,,,,0,0,,,,,,,,0,0,,0,,0
6819,26/12/2012 14:21,16,31,,,99,77199,2,3.5,0,5.76,0.0142,5.41,32,134.88,0,13292,3,34,2,0,1,0,,543.98,0,1,0,7,,,,,,,,,,-1,0,9,0,0,,,,,,,,0,,0
90722,12/11/2012 20:05,14,100,,,100,107982,4,4.5,0,4.67,0.4,5.73,10,179.04,0,6386,1,5,2,0,1,1,,103.93,0,,,,0,0,,,,,,,,0,0,28,,,,,,,0,0,,0,,0
553708,24/05/2013 12:38,19,4,,,158,102826,3,0,0,1.1,0.0284,4.23,3,48.52,0,1353,2,11,2,1,1,0,,,1,,,,,,,,,,,,,,,,,,,,,,,,,1,,0
183170,12/05/2013 12:35,5,219,,,219,56132,2,3,1,0,0.0006,4.32,1,65,0,11468,2,5,2,0,1,1,,109.74,1,,,,,,,,,,,,,,,,,,,,,,-1,0,23,0,,0
311619,12/02/2013 05:43,24,100,,,100,715,3,4.5,0,3.87,,5.02,31,94,1,10959,2,15,1,0,1,0,,60.54,1,,,,1,0,6,,,,,,,,,,,,,,,,0,0,,0,,0
219386,26/01/2013 20:14,32,220,,,164,83287,4,4,1,0,0.0012,4.98,31,72.97,0,3217,4,198,2,0,1,0,,,0,,,,,,,,,,,,,,,,,,,,,,,,,0,,0
376673,11/06/2013 07:02,14,100,,,100,23244,3,0,0,4.64,,0,33,182.55,1,9536,5,76,2,0,1,0,,64.04,0,,,,,,,,,,,,,,,,,,,,,,,,,0,,0
214924,16/02/2013 18:38,5,219,,,219,654,3,3.5,1,2.83,0.0027,5.14,36,110,0,10737,2,3,1,1,1,0,,931.01,0,,,,0,0,,0,0,,,,,,,,,,,,,,0,0,,0,,0
409706,26/12/2012 14:08,5,219,,,219,69352,3,4.5,1,2.4,0.0365,4.83,37,95,0,13539,1,152,2,0,1,0,,510.17,0,,,,,,,,,,,,,,,,,,,,,,,,,0,,0
304958,20/06/2013 11:34,5,219,,,219,137685,2,2.5,0,3.33,,0,15,70,1,2531,7,7,1,0,1,0,,112.11,0,,,,,,,,,,,,,1,0,12,,,,,,,1,0,12,0,,0
393093,14/05/2013 10:45,5,219,,,216,39250,3,0,0,3.56,,4.91,27,105,0,8609,2,166,2,0,1,0,,3958.9,0,,,,,,,,,,,,,,,,,,,,,,,,,0,,0
119156,04/12/2012 11:53,5,219,,,219,87914,3,2.5,1,2.4,0.1639,4.73,31,65,0,26820,1,7,2,0,1,0,,285.2,0,,,,0,0,,0,0,,,,,,,,,,,,,,0,0,,0,,0
568138,09/01/2013 09:33,5,219,,,219,23955,2,3,0,0,0.013,4.51,16,60,0,12167,1,7,1,0,1,0,,958.09,0,,,,,1,,,1,,,,,,,,,,,,,,-1,0,16,0,,0
202899,14/11/2012 14:25,5,219,,,219,90845,4,4,1,4.16,0.2573,4.93,4,35,0,8192,2,0,2,0,1,0,,227.71,0,,,,0,0,56,0,0,56,,,,0,0,56,,,,,,,0,0,56,0,,0
396238,13/01/2013 08:32,14,219,,,219,116345,4,4.5,0,4.47,0.084,5.84,1,284.32,0,2316,2,19,2,0,1,1,,149.09,0,,,,,,,,,,,,,,,,,,,,,,,,,0,,0
435759,10/06/2013 14:18,7,219,,,39,65855,4,4,0,4.43,0.1482,0,2,198.16,1,15122,2,13,1,1,1,0,,9555.58,0,,,,0,0,,1,0,160,0,0,,0,0,,,,,,,,,,,0,,0
537116,09/01/2013 07:10,5,219,,,219,129228,5,4.5,1,3.61,0.2539,6.21,3,435,0,13013,4,5,1,0,1,0,,1089.87,0,,,,0,0,18,0,0,18,0,0,,0,0,12,,,,,,,0,0,18,0,,0
77652,23/05/2013 15:37,5,219,,,219,27632,3,4,0,5.15,0.4338,5.09,24,104,1,17012,3,56,2,0,1,1,,97.25,1,,,,0,0,25,0,0,25,,,,0,0,33,,,,,,,0,0,,0,,0
96497,03/04/2013 16:50,24,216,,,81,110618,3,0,0,0,,4.18,31,20.48,0,24167,1,11,2,0,1,0,,,0,,,,,,,,,,0,0,,0,0,,,,,,,,,,,0,,0
328006,02/04/2013 20:46,32,220,2.46,178.17,219,42008,3,4,0,2.3,0.1024,4.51,2,72.1,1,19618,1,89,2,0,1,0,,8755.95,0,,,,,,,,,,,,,,,,,,,,,,,,,0,,0
200106,07/11/2012 19:58,5,123,,,123,87102,3,4,0,4.01,0.481,4.78,15,91,0,25329,1,10,2,0,1,1,,,0,,,,,,,,,,,,,,,,,,,,,,,,,0,,0
458201,25/05/2013 14:41,5,219,,,219,36531,3,3,1,3.43,0.0389,4.64,36,105,0,25335,1,1,2,0,1,0,,149.56,0,,,,0,0,,0,0,,,,,,,,,,,,,,0,0,,0,,0
462421,19/01/2013 12:07,5,219,,,219,17980,4,4.5,0,0,,6.02,22,602,0,6054,8,42,2,0,1,0,,1108.09,0,,,,,,,,,,,,,,,,,,,,,,,,,0,,0
373671,01/04/2013 07:10,14,100,,,219,13139,2,3.5,1,2.3,,4.57,20,79.66,0,2964,1,79,4,0,2,0,,,0,,,,,,,,,,,,,,,,,,,,,,,,,0,,0
541932,25/05/2013 00:58,4,50,,,4,136046,3,4.5,0,4.72,0.1403,4.97,28,141.36,0,18791,3,6,1,0,1,1,,5843.41,0,,,,,,,,,,,,,0,0,,,1,,,1,,,,,0,,0
389909,07/03/2013 18:34,5,219,,,219,127639,3,4.5,1,0.69,,4.71,19,99,0,7135,2,8,2,2,1,1,-12.3858,147.51,0,,,,0,0,,,,,,,,,,,,,,,,,,,,0,,0
482152,07/02/2013 12:28,5,219,,,219,86922,4,5,0,3.61,0.0196,5.79,2,195,0,22620,5,88,2,0,1,0,,880.47,0,,,,,,,,,,,,,,,,,,,,,,,,,0,,0
402271,07/06/2013 07:59,14,100,3.8,337.28,129,139248,4,4.5,1,4.64,0.0265,0,19,186.33,0,19968,8,97,1,0,1,0,,4033.26,0,,,,,,,,,,,,,,,,,,,,,,,,,0,,0
114079,29/12/2012 19:03,5,219,,,219,136898,2,3,1,1.39,0.0827,4.14,4,66,0,18277,1,2,2,1,1,0,,156.48,0,,,,0,0,,0,0,,,,,1,0,6,,,,,,,0,0,,0,,0
596251,29/03/2013 18:02,15,55,,,215,27843,3,4,0,3.04,,5.43,27,94.22,1,24976,14,164,2,0,1,0,,,1,,,,,,,,,,,,,,,,,,,,,,,,,0,,0
553248,06/12/2012 10:38,5,219,,,219,22392,0,3,0,0,,4.74,36,176,0,3890,1,18,2,0,1,0,,1862.22,0,,,,,,,,,,,,,,,,,,,,,,,,,0,,0
484632,11/12/2012 11:08,5,219,,,33,7104,4,3,0,0.69,,4.96,25,318,0,26977,4,8,2,0,1,0,,8156.97,0,,,,,,,,,,,,,0,0,,,,,,,,,,,0,,0
536325,13/05/2013 08:03,5,219,,,219,48409,3,4,1,2.83,0.0173,4.48,27,69,0,7516,2,12,2,0,1,1,,67.18,0,,,,0,0,,0,0,,,,,,,,,,,,,,0,0,,0,,0
93554,10/05/2013 11:54,5,219,,,219,453,2,2.5,0,4.22,0.1446,4.73,38,80,0,13870,2,24,2,2,1,0,,42.2,0,,,,,,,,,,,,,,,,,,,,,,,,,0,,0
268899,14/11/2012 17:09,5,219,,,219,85728,2,3,1,1.79,,4.51,25,71,0,6230,3,8,2,0,1,1,,1915.96,1,,,,1,0,11,1,0,10,,,,0,0,10,,,,,,,0,0,5,0,,0
82902,04/06/2013 14:59,5,219,,,219,108782,2,4,1,1.79,,0,24,61,0,15906,1,2,2,0,1,1,,80.22,1,,,,0,0,,-1,0,2,,,,1,0,6,,,,,,,0,0,,0,,0
111548,17/04/2013 15:55,14,100,,,154,122170,4,4.5,0,5.54,0.6061,5.23,8,129.55,0,22102,4,147,1,0,1,0,,4356.81,0,,,,,,,,,,,,,,,,,,,,,,,,,0,,0
414323,26/02/2013 18:54,5,219,,,230,45638,4,4,1,1.61,0.0634,5.84,26,232,0,20213,3,58,2,0,1,1,,1611.43,1,,,,0,0,,,,,,,,0,0,,,,,,,,,,,0,,0
11120,25/06/2013 21:38,29,132,,,129,57779,4,4.5,0,2.2,0.0108,0,13,134.75,0,18433,2,10,6,0,3,1,,,0,,,,1,0,5,,,,,,,0,0,,0,0,,0,0,,,,,0,,0
242909,22/06/2013 11:30,5,219,,,100,80067,2,2,0,4.32,0.07,0,7,95,1,17311,2,13,2,0,1,1,,294.37,1,,,,0,0,2,,,,,,,-1,0,42,,,,,,,-1,0,42,1,,0
344091,21/12/2012 21:20,5,219,,,219,16630,5,4.5,1,3.09,0.0507,6.21,8,543,1,12582,3,49,3,1,1,1,,2363.24,0,,,,,,,0,0,,,,,0,0,,,,,,,,0,0,,0,,0
163633,23/05/2013 00:01,32,220,,,129,35901,3,4.5,0,4.23,0.0155,4.84,6,64.35,1,19968,4,92,2,0,1,1,,,0,,,,,,,,,,,,,,,,,,,,,,,,,0,,0
306629,03/06/2013 19:30,18,56,,,31,24856,4,4,0,2.4,,0,13,247.12,0,16258,1,28,2,0,1,0,,,0,,,,,,,,,,,,,,,,,,,,,,,,,0,,0
588088,22/02/2013 10:17,5,219,,,219,100110,3,4.5,1,2.56,0.0313,5.04,14,119,0,23435,1,29,2,0,1,1,,,1,,,,,,,-1,0,14,,,,0,0,,,,,,,,-1,0,14,0,,0
605136,03/03/2013 11:44,5,219,,,219,47199,4,4.5,0,3.61,0.4028,5.67,18,399,0,25734,1,132,2,0,1,1,,177.03,0,,,,,,,,,,,,,,,,,,,,,,,,,0,,0
242016,03/01/2013 18:07,24,216,,,211,59821,4,3.5,1,2.71,0.146,5.91,1,175.19,0,25831,4,220,2,1,1,0,,,1,,,,,,,,,,,,,,,,,,,,,,,,,0,,0
137406,06/02/2013 00:22,9,59,,,59,96617,4,4,0,4.23,0.2124,4.49,22,91.86,1,18535,4,2,1,1,2,1,,733.34,1,,,,,,,,,,,,,1,0,5,,,,,,,,,,0,,0
176314,24/01/2013 12:33,5,219,,,219,96606,3,4,1,2.71,0.169,4.75,6,86,0,17383,1,31,2,0,1,0,,870.05,0,,,,,,,,,,,,,,,,,,,,,,,,,0,,0
196808,07/01/2013 13:02,15,55,3.38,129.15,100,117559,4,4.5,1,2.2,0.0668,5.55,3,283.64,0,19146,3,7,1,1,2,0,,,1,,,,0,0,14,,,,,,,0,0,16,,,,,,,0,0,14,1,,0
489127,07/11/2012 18:21,5,219,,,219,46290,2,4,1,1.95,0.1909,4.69,13,85,1,1378,1,21,2,0,1,0,,754.92,1,,,,,,,,,,,,,,,,,,,,,,,,,0,,0
48817,26/04/2013 07:35,5,72,,,129,9551,4,4,1,1.61,0.0542,4.79,4,122,0,2343,2,87,3,3,2,0,,,0,,,,,,,,,,,,,,,,,,,,,,,,,0,,0
305707,04/02/2013 18:04,5,219,,,219,1698,3,4,1,1.39,0.0759,4.98,12,143,0,21576,1,66,2,0,1,1,,625.03,0,,,,0,0,,,,,,,,,,,,,,,,,,,,0,,0
282479,18/05/2013 21:28,5,219,,,219,56665,3,3,1,1.1,0.0077,4.57,32,76,0,23090,2,7,2,2,1,1,,445.35,0,,,,0,0,,0,0,,,,,1,0,17,,,,,,,0,0,,0,,0
103615,21/11/2012 14:45,5,219,,,219,93308,2,4.5,1,0,0.0089,5.08,9,120,0,8301,2,2,2,0,1,1,,868.29,0,,,,,,,,-1,,,,,,,,,,,,,,,,,0,,0
438135,15/06/2013 03:19,5,219,,,219,55381,3,3.5,0,3.89,0.1858,0,7,50,1,5924,2,1,2,0,1,0,,70.92,1,,,,,,,0,0,,,,,,,,,,,,,,0,0,,0,,0
528291,13/03/2013 16:55,5,219,,,219,40705,3,3,1,2.71,0.1494,4.31,6,82,0,1801,2,6,4,0,2,0,,368.42,0,,,,,,,0,0,,,,,,,,,,,,,,0,0,,0,,0
533410,02/04/2013 11:28,32,220,,,132,24756,4,4,1,0.69,,4.84,32,134.8,0,16331,6,75,2,0,1,0,,10349.52,0,,,,,,,,,,,,,,,,,,,,,,,,,0,,0
498541,27/02/2013 23:30,5,216,,,81,96957,4,4,0,4.38,0.2008,4.76,12,70,1,25614,5,44,1,0,1,0,,,0,,,,0,0,,0,0,,0,0,,0,0,,,,,,,,,,,0,,0
605970,18/12/2012 14:54,19,158,,,158,64440,4,4.5,0,2.77,0.0158,4.62,14,109.39,0,18757,2,3,2,0,1,1,,,0,,,,,,,1,0,2,,,,,,,,,,,,,,,,0,,0
329310,16/02/2013 19:29,15,55,,,219,31999,2,0,1,0.69,,4.23,20,55.87,0,26306,1,81,1,0,1,0,,,0,,,,,,,0,0,,,,,,,,,,,,,,,,,0,,0
335040,28/12/2012 21:26,15,55,,,55,88384,3,4,1,3.18,0.0429,4.64,3,88.87,0,23052,1,1,2,1,1,1,,,1,,,,,,,,,,,,,0,0,,0,0,,0,0,,,,,0,,0
319616,01/04/2013 10:05,5,219,,,219,63120,3,3.5,1,2.3,,4.69,13,87,0,445,2,76,2,0,1,0,,,1,,,,,,,,,,,,,,,,,,,,,,,,,0,,0
1530,15/12/2012 06:55,5,72,,,68,57736,2,0,0,3.04,,4.65,7,52,0,21058,7,70,2,0,1,0,,,1,,,,,,,,,,,,,,,,,,,,,,,,,1,,0
233998,25/06/2013 21:55,18,129,,,181,61037,2,,0,4.16,,0,10,85.03,0,19530,3,72,2,0,1,1,,504.8,0,,,,,,,,,,,,,,,,,,,,,,,,,0,,0
580380,24/12/2012 17:42,26,39,4.5,153.36,158,103930,3,3.5,0,2.94,0.0751,4.08,31,41.78,1,10070,3,89,2,1,1,1,,,1,,,,,,,,,,,,,,,,,,,,,,,,,0,,0
121693,31/05/2013 19:52,5,219,,,219,80579,4,4.5,1,4.28,0.1008,5.22,36,149,0,9899,3,37,2,0,1,0,,305.53,0,,,,,,,,,,,,,0,0,,,,,,,,,,,0,,0
561513,03/01/2013 08:59,10,41,,,129,82563,3,3.5,0,4.87,0.058,5.01,6,244,0,8923,4,43,1,0,1,1,,,0,,,,,,,,,,,,,,,,,,,,,,,,,0,,0
410934,28/05/2013 18:53,5,219,,,31,111381,3,4,0,2.83,0.2334,4.94,2,96,0,8391,1,25,1,0,1,1,,6119.08,1,,,,,,,,,,,,,,,,,,,,,,,,,0,,0
306028,23/06/2013 21:13,5,219,,,219,127612,2,4,1,0.69,,0,13,70,0,21035,1,1,2,0,1,0,,2.72,1,,,,0,0,,0,0,,,,,,,,,,,,,,0,0,,0,,0
140110,27/03/2013 08:55,5,219,,,219,97857,2,3,1,3.81,0.0791,4.24,15,70,0,5924,3,136,2,2,1,1,,593.43,1,,,,,,,,,,,,,,,,,,,,,,,,,0,,0
200864,09/06/2013 12:55,5,219,,,219,59497,2,3.5,0,3.87,0.2673,0,8,160,0,12410,3,4,2,0,1,1,,806.6,1,,,,0,0,,,,,,,,-1,0,21,,,,,,,-1,0,21,0,,0
366053,07/04/2013 07:46,5,219,,,219,64629,4,4,0,3.58,0.0422,5.55,13,289,0,3362,6,97,2,2,1,0,,670.67,0,,,,,,,,,,,,,,,,,,,,,,,,,0,,0
60289,22/04/2013 07:54,5,219,,,219,59781,5,4.5,1,4.32,0.2581,5.82,22,119,1,8192,1,36,2,0,1,0,,,0,,,,0,0,,0,0,,,,,0,0,,,,,,,,0,0,,0,,0
570897,24/01/2013 06:36,5,219,4.06,430.87,219,66349,4,4.5,1,4.85,0.322,5.7,12,279,0,23090,5,71,2,0,1,0,,459.25,0,,,,0,0,,,,,,,,,1,,,,,,,,,,,0,,0
121081,04/03/2013 12:05,5,219,,,219,124342,4,4,1,4.19,0.2997,5.32,10,173,1,8192,3,5,2,0,1,1,,765.34,1,,,,0,0,,0,0,6,,,,0,0,5,,,,,,,0,0,8,0,,0
58764,11/06/2013 20:58,26,39,,,92,69649,5,4.5,0,4.47,0.1185,0,7,200.11,1,6991,7,18,2,0,1,0,,,0,,,,,,,1,0,29,0,0,,0,0,,,,,,,,,,,0,,0
597510,20/01/2013 08:23,18,129,,,158,138132,4,4.5,1,4.04,0.3802,5.12,6,130.51,0,3581,12,274,2,1,1,0,,,1,,,,,,,,,,,,,,,,,,,,,,,,,1,,0
446940,13/02/2013 17:12,15,55,,,55,88359,4,4.5,1,0.69,0.0647,4.89,1,110.35,1,5661,1,5,1,0,1,0,,,1,,,,,,,,,,,,,0,0,,,,,1,0,17,,,,0,,0
321433,15/01/2013 18:06,5,219,,,219,134396,2,4,1,0,,4.72,14,56,0,11836,1,34,2,0,1,0,,70.18,1,,,,,,,,,,,,,,,,,,,,,,,,,0,,0
294782,19/06/2013 06:33,5,219,,,219,54130,2,3,1,1.1,0.0045,0,21,70,0,24131,1,0,1,0,1,0,,17.87,1,,,,1,0,7,1,0,7,,,,-1,0,7,,,,,,,-1,0,7,0,,0
485391,11/06/2013 06:18,14,100,,,219,41278,4,4,0,5.81,0.6633,0,15,165.87,0,24700,4,16,2,0,1,1,,,0,0,0,,0,0,,,,,,,,0,0,,,,,,,,0,0,,0,,0
351763,04/03/2013 05:45,5,219,,,219,125083,4,4.5,1,3.61,,5.07,15,160,0,10343,5,11,1,0,1,0,,1409.67,0,,,,,,,,,,,,,,,,,,,,,,,,,0,,0
247054,23/06/2013 18:06,5,219,,,219,117986,4,4.5,1,4.04,0.5425,0,3,349,0,27182,2,12,2,0,1,1,,241.52,0,,,,0,0,,,,,,,,,,,,,,,,,0,0,,1,,0
397206,25/12/2012 10:45,5,219,,,219,41278,4,4,0,5.81,0.1954,5.75,30,139,0,4562,1,8,2,0,1,0,,191.41,0,,,,0,0,,,,,0,1,,0,0,,,,,,,,0,0,,0,,0
404101,17/06/2013 10:02,5,219,,,219,109045,2,3.5,1,1.1,0.0082,0,32,59,0,13104,1,9,2,0,1,0,,102.41,1,,,,,,,0,0,,,,,0,0,17,,,,,,,0,0,,0,,0
234958,28/05/2013 09:46,5,219,,,219,115763,3,4,1,4.69,0.4081,5.68,36,245,0,18933,2,59,2,0,1,1,,4807.23,0,,,,,,,,,,,,,,,,,,,,,,,,,0,,0
270988,02/12/2012 13:10,5,219,,,219,33326,3,5,1,1.39,0.0063,4.51,28,80,0,2256,1,1,2,0,2,0,,253.78,0,,,,0,0,,,,,,,,,,,,,,,,,,,,0,,0
292458,28/02/2013 08:25,5,219,,,219,26576,3,4.5,1,2.71,0.1889,4.9,1,120,0,18131,3,6,2,0,1,0,,333.49,0,,,,,,,,,,,,,,,,,,,,,,0,0,,0,,0
54796,14/06/2013 12:21,5,219,,,219,130578,2,4,1,3.14,0.005,0,27,196,0,23904,2,28,2,0,1,1,,101.51,1,,,,0,0,,0,0,,,,,0,0,,,,,,,,0,0,,0,,0
556000,22/01/2013 14:36,5,219,,,219,65469,3,4.5,1,0,,4.96,25,112,0,5337,4,0,1,0,1,0,,693.51,0,,,,0,0,,,,,,,,0,0,,,,,,,,,,,0,,0
259670,06/02/2013 15:13,5,219,,,219,135280,2,3.5,1,2.4,0.0524,4.22,6,51,0,10374,2,2,2,0,1,1,,1533.42,1,,,,0,0,20,0,0,,,,,,,,,,,,,,0,0,20,0,,0
521865,07/03/2013 04:23,5,219,,,219,6357,2,3.5,1,2.2,0.0735,4.29,10,72,0,2065,1,0,1,0,1,1,,217.98,0,,,,0,0,,,,,,,,,,,,,,,,,,,,0,,0
557545,26/05/2013 18:02,5,219,,,219,52870,2,2.5,1,0,,4.15,27,83,0,7952,2,5,3,0,1,1,,363.49,0,,,,0,0,,0,0,,,,,,,,,,,,,,0,0,,0,,0
172959,16/06/2013 22:24,5,219,,,219,21474,3,4,1,2.4,0.0328,0,18,89,0,23649,2,22,2,0,1,0,,2317.54,0,,,,0,0,10,,,,,,,0,0,,,,,,,,0,0,,1,,0
357922,06/02/2013 14:06,24,216,,,45,37090,4,4.5,0,4.45,0.2088,5.36,6,122.93,1,8367,4,34,5,0,1,0,,,1,,,,,,,,,,,,,,,,,,,,,,,,,0,,0
454450,23/06/2013 03:48,5,15,,,27,31407,4,4.5,0,0,0.0917,0,1,273,1,18945,7,256,2,0,1,0,,,1,,,,,,,,,,,,,,,,,,,,,,,,,0,,0
292829,01/04/2013 18:05,32,220,,,31,102302,3,4.5,0,6.45,0.65,5.17,1,138.63,1,2799,2,49,2,0,1,0,,10210.71,0,,,,,,,,,,,,,0,0,,1,0,11,,,,,,,0,,0
74067,21/02/2013 07:25,5,219,,,157,24432,3,3.5,0,3.43,0.1071,4.66,1,71,0,4510,4,115,1,0,1,0,,8070.72,1,,,,,,,,,,,,,,,,,,,,,,,,,0,,0
508098,30/12/2012 01:28,14,100,,,100,90665,4,4.5,1,4.49,0.386,5.59,34,450.35,0,15438,1,1,2,0,1,0,,,1,,,,,-1,,,,,,,,,,,,,,,,,,-1,,0,,0
191289,08/05/2013 20:03,5,219,,,219,92297,3,4,1,1.39,0.0028,5.18,34,149,0,3073,2,50,2,0,1,1,,1232.36,0,,,,0,0,,,1,,,,,,,,,,,,,,0,0,,0,,0
475411,07/05/2013 07:04,5,216,,,219,124150,3,4.5,1,2.08,,5.16,22,99,0,25370,2,26,2,0,1,0,,,0,,,,0,0,,0,0,,,,,1,0,20,,,,,,,0,0,,0,,0
551096,28/06/2013 16:02,9,59,,,205,132383,4,4,0,3,0.0372,0,7,6.96,0,28317,1,3,1,0,1,0,,8792.89,0,,,,0,0,17,0,0,,,,,0,0,,,,,,,,,,,0,,0
19554,17/04/2013 11:00,14,100,,,219,108667,3,4.5,1,0,,5.04,30,148.06,0,366,2,185,4,0,2,1,,467.8,1,,,,,,,,,,,,,,,,,,,,,,,,,1,,0
181946,04/03/2013 12:27,5,219,,,219,45242,2,3.5,1,4.06,0.1239,4.21,7,60,0,20551,1,32,4,0,1,1,,197.74,1,,,,0,0,,,,,,,,,,,,,,,,,,,,0,,0
361465,09/06/2013 01:03,5,219,,,98,43433,3,3.5,0,4.48,0.1389,0,14,35,1,21208,2,1,2,0,2,0,,9000.53,0,,,,0,0,,1,0,55,-1,0,11,0,0,,,,,,,,,,,0,,0
596745,28/02/2013 11:00,22,92,,,216,28960,4,0,0,3.66,,5.43,29,98.7,0,28340,2,2,2,0,1,1,,,0,,,,,,,1,0,23,,,,,,,,,,,,,,,,0,,0
384607,13/04/2013 09:48,5,219,,,219,10888,3,4,1,2.08,0.0621,5.23,21,94,0,26392,3,30,3,0,1,0,,553.79,0,,,,0,0,,,,,,,,,,,,,,,,,,,,0,,0
494025,18/03/2013 16:52,5,219,,,219,99270,2,4,1,2.56,0.0042,4.45,22,95,0,13870,1,3,3,0,1,1,,1664.46,1,,,,0,0,,,,,,,,-1,0,5,,,,,,,,,,0,,0
257236,01/03/2013 00:14,24,219,,,219,25756,3,4.5,1,3.04,0.0756,5,2,107.43,0,13483,1,0,2,0,2,1,,,0,,,,,,,,1,,,,,0,0,,,,,,,,-1,0,9,0,,0
174821,09/05/2013 17:48,5,219,,,219,86639,4,4.5,0,5.96,0.5773,5.8,31,299,0,24700,1,21,2,0,1,1,,979.81,1,0,0,15,-1,0,14,-1,0,14,-1,0,15,-1,0,14,,,,,,,-1,0,14,0,,0
116192,08/11/2012 19:28,5,219,,,219,16873,2,3.5,1,1.1,,4.21,15,55,0,18577,1,0,1,0,1,1,,1.18,0,,,,0,0,,0,0,,,,,,,,,,,,,,0,0,,0,,0
492410,23/01/2013 11:48,32,220,,,219,136202,3,4.5,1,3.53,0.0494,4.82,36,99.22,0,16315,7,91,2,1,1,0,,9339.81,1,,,,,,,,,,,,,,,,,,,,,,,,,0,,0
422230,22/02/2013 09:23,5,219,,,219,51155,3,3.5,1,2.77,0.1108,5.09,6,129,0,25514,7,177,2,0,1,0,,1825.54,1,,,,,,,,,,,,,,,,,,,,,,,,,0,,0
582285,18/04/2013 08:41,5,219,,,219,64381,4,5,0,3.64,0.0532,5.46,19,144,1,20551,2,15,2,2,1,1,,85.19,1,,,,,,,,,,,,,,,,,,,,,,,,,0,,0
320664,09/05/2013 20:58,5,219,,,219,115762,2,3.5,1,2.89,,4.51,18,96,0,21707,3,22,2,0,1,1,-24.7517,572.86,0,,,,,,,,,,,,,,,,,,,,,,,,,0,,0
234435,02/02/2013 20:36,5,219,,,219,94692,3,3.5,0,2.77,0.1758,5.11,7,139,0,25160,2,6,2,0,1,1,,185.66,0,,,,0,0,,,,,,,,,,,,,,,,,,,,0,,0
107217,10/02/2013 16:13,24,216,,,39,73619,3,3.5,1,2.71,0.0153,4.78,31,67.93,0,15122,1,11,2,0,1,1,,,0,,,,0,0,,0,0,,0,0,,0,0,,,,,,,,,,,0,,0
339078,12/05/2013 16:38,5,219,,,219,120805,2,3,1,1.1,,4.42,27,65,0,19371,1,5,2,0,1,1,,274.33,0,,,,,,,0,0,,,,,,,,,,,,,,0,0,,0,,0
375492,14/05/2013 12:56,5,219,,,219,83518,0,1.5,1,1.39,,3.88,18,50,0,12571,4,9,2,1,1,1,,,0,,,,,,,,,,,,,,,,,,,,,,1,0,13,0,,0
322402,27/03/2013 00:05,24,216,,,216,63778,3,4,0,4.67,0.389,4.62,22,49.49,1,20555,2,6,2,0,1,0,,,1,,,,,,,,,,,,,,,,,,,,,,,,,0,,0
414625,10/02/2013 22:32,15,55,,,138,56642,2,2,0,4.22,,4.88,16,274.97,0,23276,3,53,2,0,1,1,,,1,,,,,,,,,,,,,,,,,,,,,,,,,0,,0
99503,18/01/2013 18:23,5,219,,,219,29768,2,4,1,2.56,0.0268,4.42,16,54,0,9975,1,1,2,0,1,1,,69.44,0,,,,-1,0,12,-1,0,12,,,,1,0,28,,,,,,,-1,0,12,0,,0
225881,13/04/2013 22:16,25,129,,,60,46799,3,4.5,0,4.62,0.0175,4.16,21,41.97,0,28150,1,2,2,1,1,0,,188.12,0,0,0,,,,,,,,,,,0,0,,,,,0,0,,,,,0,,0
506920,10/11/2012 10:24,24,216,,,219,18006,3,4.5,1,2.64,0.0087,5.89,32,224.69,1,15752,1,124,2,1,1,1,,,1,,,,,,,,,,,,,,,,,,,,,,,,,0,,0
193403,06/06/2013 08:57,5,219,,,219,98541,3,4.5,1,1.61,,0,20,110,0,5315,5,12,1,1,1,0,,300.26,1,,,,0,0,,,,,,,,0,0,,,,,,,,0,0,,0,,0
488727,31/03/2013 16:51,12,99,,,215,33847,4,4,0,3.5,,5.21,26,110.23,0,16970,1,1,2,0,1,0,,,1,,,,,,,,,,,,,0,0,,0,0,,0,0,,,,,0,,0
395454,03/02/2013 17:21,32,220,,,129,138441,4,4.5,0,1.39,0.0503,4.99,1,122.8,1,28171,3,86,2,0,1,0,,10160.23,0,,,,,,,,,,,,,,,,,,,,,,,,,1,,0
344049,22/03/2013 10:49,5,219,,,219,48020,2,3.5,1,0,,4.43,27,100,0,21856,2,28,2,0,1,1,-28.6141,501.84,1,,,,0,0,,-1,0,20,,,,,,,,,,,,,0,0,,0,,0
497139,21/06/2013 19:29,14,100,,,100,79698,3,4.5,0,0.69,0.0036,0,26,133.88,0,2142,1,8,2,0,1,1,,,1,,,,,,,,,,,,,0,0,,,,,,,,0,0,,0,,0
298979,18/02/2013 15:44,14,100,,,219,72106,4,4,1,2.83,0.1322,5.27,8,227.57,0,10446,5,140,2,0,1,0,,2147.83,1,,,,,,,,,,,,,,,,,,,,,,,,,0,,0
23651,05/04/2013 14:08,12,65,4.21,296.81,26,48934,4,0,0,1.61,,4.96,9,40.29,0,14232,4,13,1,1,2,1,,,1,,,,,,,,,,,,,,,,,,,,,,,,,0,,0
76291,27/11/2012 12:42,14,100,3,118.13,100,5827,3,4.5,1,0.69,0.0078,5.02,29,149.81,0,19215,1,4,2,0,1,1,,230.1,0,,,,0,0,,,,,,,,-1,0,5,,,,,,,-1,0,6,0,,0
39695,17/01/2013 18:21,5,219,,,219,122616,3,3,1,0,0.0092,5.05,24,79,0,11022,1,37,1,0,1,1,,59.54,0,,,,,,,,,,,,,,,,,,,,,,,,,0,,0
152129,16/04/2013 12:36,24,219,,,219,80098,4,3.5,0,0.69,0.0011,5.37,21,291.46,0,15752,4,40,2,0,1,0,,,1,,,,,,,,,,,,,,,,,,,,,,,,,0,,0
8648,05/11/2012 21:51,15,55,,,55,11862,3,4,1,4.53,0.151,5.09,1,238.1,0,2194,1,5,2,0,1,1,-37.5356,,0,,,,,,,,,,,,,0,0,,,,,,,,,,,0,,0
183230,09/11/2012 14:25,15,55,,,31,133007,4,4.5,0,1.39,,5.02,13,77.89,0,221,1,3,2,0,2,0,,,0,,,,,,,,,,,,,0,0,,0,0,,0,0,,,,,0,,0
191752,23/02/2013 23:30,14,100,,,100,78182,3,4,0,3.71,,5.22,20,126.28,1,9945,1,20,2,0,1,1,,1743.77,0,,,,0,0,25,,,,,,,0,0,,,,,,,,0,0,,0,,0
326539,15/04/2013 09:17,26,39,,,92,67098,5,4.5,1,3.89,0.0296,5.57,26,140.41,0,6991,2,1,1,0,1,0,,,0,,,,-1,0,33,,,,0,0,,0,0,,,,,,,,0,0,,0,,0
45843,30/12/2012 07:31,5,219,,,219,132906,2,3,0,2.2,0.0125,4.66,20,79,0,10075,1,17,1,0,1,0,,366.79,1,,,,-1,0,12,,,,,,,,1,,,,,,,,-1,0,12,0,,0
80600,28/12/2012 11:20,15,55,,,55,87072,3,0,1,0,,4.55,13,105.03,0,25396,1,22,2,0,1,1,,,0,,,,,,,,,,,,,,,,,,,,,,,,,0,,0
257537,08/06/2013 09:08,5,219,,,219,109650,4,4,1,4.39,0.0323,0,31,179,0,18774,3,84,2,0,1,1,,366.55,1,,,,0,0,,,,,,,,0,0,,,,,,,,,,,0,,0
54962,05/04/2013 17:32,5,219,,,219,9169,3,3.5,1,1.61,,5.11,20,179,0,23055,2,4,1,0,1,0,,701.86,0,,,,,,,,,,,,,0,0,,,,,,,,0,0,,0,,0
533465,11/11/2012 05:01,5,98,,,219,63266,4,4.5,0,5.7,0.3483,6.21,9,331,0,5872,7,126,1,0,1,0,,,1,,,,,,,,,,,,,,,,,,,,,,,,,0,,0
12758,27/12/2012 19:40,5,219,,,219,11502,3,3.5,1,0.69,,4.74,9,90,0,25852,1,0,1,0,1,1,,91.77,1,,,,0,0,,,,,,,,,,,,,,,,,,,,0,,0
32206,21/04/2013 13:00,5,219,,,219,118674,4,2.5,0,3.37,0.3091,4.98,7,119,1,6507,1,61,2,0,1,1,,879.43,1,,,,0,0,,,,,,,,1,0,20,,,,,,,1,0,21,1,,0
291538,17/04/2013 13:31,5,219,,,219,101104,4,4.5,1,0.69,,5.08,19,139,0,27717,1,5,2,0,1,0,,789.56,0,,,,0,0,9,0,0,,,,,0,0,10,,,,,,,0,0,10,0,,0
49191,25/02/2013 07:29,5,219,,,219,109958,4,4.5,1,4.5,0.0725,5.64,33,209,0,13216,3,32,2,0,1,1,,396.23,0,,,,0,0,,0,0,,,,,,,,,,,,,,0,0,,0,,0
219866,16/02/2013 09:38,31,219,,,9,57335,2,0,0,5.23,,3.61,21,34,0,26837,1,102,2,1,1,0,,3377.63,0,,,,,,,,,,,,,,,,,,,,,,,,,0,,0
588439,18/02/2013 22:33,5,219,,,219,81804,4,4.5,1,4.26,0.1904,5.29,12,179,0,7714,1,134,2,0,1,0,,2300.5,0,,,,,,,,,,,,,,,,,,,,,,,,,0,,0
410150,22/05/2013 13:05,5,219,2.58,112.56,219,92030,4,4.5,0,0.69,0.004,5.65,19,249,0,8740,2,12,1,0,1,0,,1613.75,0,,,,0,0,,0,0,,,,,0,0,,,,,,,,,,,0,,0
223554,06/05/2013 22:13,15,55,,,223,79613,4,4.5,1,5.39,0.0754,5.19,14,141.41,0,9733,4,25,2,0,1,1,,,0,,,,,,,,,,,,,0,0,,,,,0,0,,,,,0,,0
292598,02/12/2012 17:03,5,219,,,219,55669,4,3.5,0,4.5,,5.38,12,259,0,27023,1,3,1,0,1,0,,601.95,0,,,,0,0,,,1,,,,,0,0,,,,,,,,-1,0,4,0,,0
443723,17/06/2013 18:45,5,219,,,219,67685,0,4,1,3.56,0.298,0,15,167,0,9640,6,12,2,2,1,0,,462.35,1,,,,,1,,,,,,,,,,,,,,,,,,,,0,,0
574363,07/04/2013 00:37,32,220,,,219,126264,4,3.5,0,5.71,0.1629,5.66,24,236.71,1,4562,3,121,2,0,1,0,,11631.6,0,,,,,,,,,,,,,,,,,,,,,,,,,0,,0
423691,18/12/2012 03:11,5,219,,,219,117121,2,3.5,1,0,0.0796,4.26,13,84,0,20578,2,46,4,0,1,1,,,0,,,,0,0,,,,,,,,1,0,17,,,,,,,0,0,,0,,0
403380,17/05/2013 09:33,5,219,,,219,121764,2,3,0,2.71,0.0638,4.35,12,70,0,25964,3,32,1,0,1,0,,2324.94,0,,,,,,,,,,,,,-1,0,15,,,,,,,-1,0,15,0,,0
403185,28/03/2013 20:08,5,219,,,219,71157,3,4.5,1,1.79,0.4654,5.04,6,117,0,7583,5,31,2,0,1,0,,1037.39,1,,,,,,,,,,,,,,,,,,,,,,0,0,,0,,0
308811,05/11/2012 17:11,5,219,,,219,69937,4,0,1,5.66,0.0682,6,3,301,1,4562,2,4,2,0,1,1,,206.75,1,,,,0,0,,,,,,,,,,,,,,,,,,,,1,,0
173998,16/01/2013 20:16,15,55,,,55,49868,2,0,1,0.69,,4.34,16,72.03,0,10975,1,0,2,0,1,0,,,0,,,,,,,,,,,,,1,0,16,,,,,,,,,,0,,0
6947,24/06/2013 01:18,5,221,,,31,138702,4,4,0,3.89,0.036,0,4,214,0,23112,2,2,2,1,1,0,,,0,,,,,,,,,,,,,-1,0,15,-1,0,15,-1,0,15,,,,1,469.75,1
394327,26/02/2013 18:05,5,219,,,219,121991,3,4,1,2.3,0.0656,5.03,20,120,0,1638,1,52,3,0,1,1,,58.09,1,,,,1,0,8,,,,,,,1,0,8,,,,,,,1,0,8,0,,0
52391,10/01/2013 21:33,5,219,,,219,96206,3,4.5,1,5.12,,5.48,25,160,1,4271,1,11,1,0,1,0,,,0,,,,1,0,4,1,0,4,,,,1,0,49,,,,,,,1,0,4,0,,0
110708,20/06/2013 10:14,5,219,,,219,94261,3,3.5,1,2.89,,0,9,129,0,19569,2,4,1,0,1,0,,1859.1,0,,,,0,0,,0,0,,,,,0,0,,,,,,,,0,0,,0,,0
99748,11/01/2013 20:32,14,100,,,219,88778,4,4.5,1,2.2,0.025,5.97,14,271.12,0,9026,5,6,2,0,1,0,,2478.45,0,,,,0,0,,0,0,,,,,,,,,,,,,,0,0,,0,,0
478922,13/02/2013 11:31,24,216,3.56,210.98,216,96999,4,4,1,1.61,0.3075,4.96,2,64.25,1,6284,1,51,2,0,1,1,,,0,,,,,,,,,,-1,0,12,,,,,,,,,,,,,0,,0
422478,18/05/2013 23:39,5,219,,,219,18107,4,4.5,1,4.08,0.0298,5.53,25,269,0,13216,2,7,2,0,1,1,,305.09,0,,,,0,0,,0,0,,,,,0,0,,,,,,,,0,0,,0,,0
388692,04/05/2013 09:26,14,100,,,219,90391,0,4.5,0,0.69,,5.39,19,183.53,0,25709,1,17,2,0,1,0,,2065.21,0,,,,,,,,,,,,,,,,,,,,,,,,,0,,0
567936,04/04/2013 19:05,12,99,,,99,76922,3,4.5,0,2.08,0.0235,4.86,26,112.53,0,10214,7,9,2,1,1,0,,,1,,,,,,,,,,,,,0,0,,,,,,,,,,,0,,0
600094,21/04/2013 17:26,5,219,,,219,57584,4,4,1,3.04,0.0015,5.67,26,249,0,4562,2,6,3,0,2,1,,,1,,,,,,,0,0,,,,,0,0,,,,,,,,0,0,,0,,0
342554,14/06/2013 19:50,34,117,,,205,124826,3,0,1,4.53,,0,22,85.68,1,17796,1,1,1,0,1,1,,,1,,,,0,0,,,,,0,0,,0,0,,,,,,,,,,,0,,0
484521,30/01/2013 20:22,15,55,,,55,81936,4,4,1,5.32,0.3861,5.55,33,140.62,0,25801,1,24,3,0,2,1,,,1,,,,,,,,,,,,,0,0,,,,,0,0,14,,,,0,,0
586009,14/02/2013 13:58,5,219,,,219,28318,3,4.5,1,1.39,0.0177,5.11,35,119,0,17582,1,1,2,0,1,1,,982.29,0,,,,0,0,,,1,,,,,0,0,,,,,,,,0,0,,0,,0
191243,19/06/2013 07:32,5,219,,,219,105136,3,4.5,1,1.61,,0,4,94,0,16849,1,3,1,1,1,1,,,1,,,,,,,,,,,,,,,,,,,,,,,,,0,,0
1970,14/12/2012 07:06,15,55,,,55,66347,5,4.5,0,4.96,,6.1,6,367.14,1,26836,2,51,2,0,1,0,-41.2712,,0,,,,,,,,,,,,,0,0,17,,,,0,0,,,,,0,,0
448935,08/06/2013 12:58,18,129,,,219,64074,2,4,1,3.09,0.0053,0,7,140.1,1,4562,7,100,1,1,2,0,,,0,,,,,,,,,,,,,,,,,,,,,,,,,0,,0
505100,20/05/2013 18:39,14,100,,,219,108112,3,4.5,1,2.3,0.017,4.91,29,110.34,0,21913,1,33,3,0,1,1,,332.42,0,,,,,,,,,,,,,,,,,,,,,,,,,0,,0
346949,29/11/2012 10:59,5,219,,,2,2779,5,5,0,4.23,0.1883,5.63,14,178,1,19960,1,6,2,0,1,0,,,0,,,,0,0,,1,0,42,,,,,,,,,,,,,,,,0,,0
518314,30/12/2012 03:19,5,219,,,219,95346,3,4,1,1.1,0.0516,4.61,15,79,0,14230,2,3,1,0,1,0,,4.58,0,,,,,,,0,0,,,,,0,0,11,,,,,,,0,0,,0,,0
484054,29/11/2012 08:48,5,219,,,219,93650,3,4.5,1,2.3,0.0058,4.56,16,84,1,15764,1,1,2,0,1,1,,,0,,,,0,0,,,,,,,,,1,,,,,,,,-1,0,14,0,,0
384108,21/11/2012 12:03,5,219,,,219,129602,3,4.5,0,1.1,0.0695,6.18,15,380,0,9258,1,30,2,0,1,1,,,0,,,,0,0,,,,,,,,,,,,,,,,,,,,0,,0
563020,25/03/2013 06:19,14,100,,,100,80226,2,4,0,1.61,0.0587,4.6,18,77.35,0,519,1,66,1,1,1,1,,165.74,0,,,,,,,,,,,,,,,,,,,,,,,,,0,,0
167215,07/01/2013 16:37,14,219,,,100,99129,3,4.5,1,1.79,0.0254,5.01,28,126.79,0,7306,1,66,2,1,1,1,,2157.33,1,,,,,,,,,,,,,-1,0,7,,,,,,,-1,0,7,0,,0
363382,13/01/2013 18:32,5,219,,,219,123249,3,4.5,1,2.83,0.1217,4.98,22,124,0,17079,1,6,2,0,1,1,,325.43,1,,,,,,,0,0,,,,,1,0,4,,,,,,,0,0,,0,,0
516441,15/06/2013 15:18,18,129,,,129,24643,3,4,0,4.58,0.0559,0,24,106.77,0,18433,1,14,3,0,2,1,,110.96,0,,,,,,,,,,,,,1,0,12,0,0,,0,0,,,,,0,,0
52815,18/02/2013 17:33,5,117,,,219,44062,3,3.5,1,1.61,,4.32,20,52,0,25877,3,18,6,0,3,1,,,1,,,,0,0,7,0,0,6,,,,1,1,26,,,,,,,0,0,7,0,,0
563400,15/02/2013 14:01,5,219,,,219,74298,4,5,1,4.79,0.2821,5.55,13,159,0,12452,1,4,1,0,1,0,,574.94,0,,,,0,0,,0,1,,,,,0,0,,,,,,,,0,0,18,0,,0
322504,10/12/2012 03:32,5,216,,,216,84594,3,5,0,1.61,0.0071,5.16,7,136,0,20839,2,7,1,0,1,0,,,0,,,,,1,,1,0,5,1,0,19,0,0,15,,,,,,,,1,,0,,0
485897,21/05/2013 19:16,32,220,,,109,122787,4,4,0,3.71,0.0871,4.92,19,72.54,1,22833,5,75,2,1,1,0,,9397.88,1,,,,,,,,,,,,,,,,,,,,,,,,,0,,0
313460,17/04/2013 12:05,5,219,,,219,70624,3,4,1,4.09,0.0351,5.05,34,93,1,13870,2,27,3,3,1,0,,232.37,0,,,,0,0,,,,,,,,0,0,13,,,,,,,,,,1,214.38,1
169913,06/11/2012 16:42,5,219,,,219,99971,2,2.5,0,1.95,0.0213,4.07,20,44,0,20591,4,2,3,0,2,1,,2190.69,0,,,,,,,0,0,,,,,1,0,20,,,,,,,1,0,10,0,,0
509357,24/05/2013 09:55,5,219,,,219,128009,3,3.5,0,1.61,0.1148,4.43,13,62,1,15056,5,3,2,0,1,0,-6.0433,864.22,0,,,,1,0,28,,,,,,,1,0,20,,,,,,,,,,0,,0
181063,27/05/2013 20:07,15,55,,,55,47888,4,3.5,1,1.1,0.0103,4.84,8,93.61,0,22608,1,19,2,1,1,1,,,0,,,,,,,,,,,,,0,0,16,,,,-1,0,9,,,,0,,0
505895,13/02/2013 19:07,5,219,,,219,129228,5,4.5,1,3.61,0.013,6.21,25,345,0,5143,3,1,2,1,1,1,,140.31,0,,,,0,0,,0,0,,0,0,,0,0,89,,,,,,,0,0,,0,,0
16253,04/04/2013 08:34,5,219,,,219,106834,2,3.5,1,2.4,0.0646,4.34,13,100,0,21232,1,0,1,0,1,1,,151.63,1,,,,1,0,6,0,0,,,,,,,,,,,,,,1,0,6,0,,0
520344,19/02/2013 19:12,32,220,,,55,126610,5,4.5,1,4.43,0.1142,5.06,18,216.45,1,7934,3,128,1,0,1,1,,10573.61,0,,,,,,,,,,,,,,,,,,,,,,,,,0,,0
313053,01/11/2012 05:10,14,100,,,100,50988,3,4,1,3.58,,5.55,15,145.51,0,18789,1,2,2,2,1,1,,,0,,,,1,0,2,,,,,,,0,0,,,,,,,,0,0,,0,,0
518390,04/03/2013 11:20,5,219,,,219,21087,0,2.5,0,0,,4.68,34,72,0,1440,2,93,2,0,1,0,,132.68,0,,,,,,,,,,,,,,,,,,,,,,,,,0,,0
352079,16/02/2013 12:19,5,127,,,219,22764,2,3.5,1,2.3,0.0342,4.86,35,109,0,4075,1,2,2,0,1,0,,,0,,,,0,0,,0,0,8,,,,1,0,9,,,,,,,0,0,8,0,,0
195433,24/04/2013 11:56,5,219,,,219,74532,0,3,0,2.71,0.1459,4.28,32,71,0,562,1,2,1,0,1,1,,277.41,0,,,,1,0,17,1,0,17,,,,,,,,,,,,,,,,0,,0
328928,15/05/2013 14:41,15,55,,,219,112479,4,4,1,4.08,0.047,5.63,29,350.4,0,15307,2,126,2,0,1,0,,,0,,,,,,,,,,,,,,,,,,,,,,,,,0,,0
166576,20/03/2013 19:26,14,100,,,219,132193,4,4,1,0,0.001,4.94,31,134.5,0,6820,1,122,2,2,1,1,,456.89,1,,,,,,,,,,,,,,,,,,,,,,,,,0,,0
559489,04/06/2013 11:21,5,219,,,219,96112,3,4,1,4.17,0.1589,0,14,134,0,9899,1,2,2,0,1,1,,223.93,1,,,,0,0,,0,0,,,,,0,0,,,,,,,,0,0,,0,,0
297509,20/11/2012 12:59,14,219,,,100,76854,2,2.5,1,1.79,0.0641,4.71,14,102.33,0,12993,1,50,2,1,1,0,-56.132,1496.59,1,,,,,,,,,,,,,,,,,,,,,,,,,0,,0
468856,14/02/2013 18:37,24,216,,,109,86257,4,4.5,0,4.42,0.1131,5.16,19,88.45,0,11543,1,29,1,0,1,1,,,0,,,,,,,,,,,,,0,0,,,,,,,,,,,0,,0
540959,14/03/2013 15:46,5,219,,,219,39263,2,3.5,1,2.71,0.0511,4.72,16,130,0,19618,1,16,2,0,1,1,,1950.91,0,,,,0,0,,0,0,,,,,,,,,,,,,,0,0,,0,,0
466003,11/01/2013 23:23,5,33,,,15,22917,4,3.5,0,3.22,0.2024,5.01,3,119,0,5708,2,3,1,1,1,0,,,0,,,,1,0,131,,,,,,,0,0,9,,,,,,,,,,0,,0
233312,07/01/2013 15:54,5,219,,,219,73289,2,3.5,1,2.3,0.0804,4.44,20,59,0,14155,1,10,1,0,1,1,,446.39,0,,,,,,,,,,,,,,,,,,,,,,0,0,,0,,0
512181,17/11/2012 14:47,24,216,,,205,19055,4,4,1,1.1,0.008,5.02,12,118.67,0,28317,1,5,1,0,1,1,,,0,,,,0,0,,0,0,,0,0,,0,0,,,,,,,,,,,0,,0
304025,12/02/2013 08:16,14,100,,,100,17036,0,5,0,1.95,,4.9,27,108.75,0,4794,1,4,2,0,1,1,,4.05,1,,,,,,,,,,,,,,1,,,,,,,,,1,,0,,0
224,07/03/2013 08:45,5,219,,,219,29336,2,3.5,1,1.79,,4.46,16,67,0,8662,5,28,2,0,1,0,,125.56,0,,,,,,,,,,,,,,,,,,,,,,,,,0,,0
29919,13/03/2013 18:20,5,55,,,205,78814,5,4.5,1,4.37,0.227,5.93,27,400,0,18357,1,6,2,0,1,0,,,0,,,,0,0,,0,0,,0,0,,0,0,,,,,,,,,,,0,,0
7054,20/03/2013 04:43,5,32,,,31,72792,4,4,0,5.18,0.6408,5.23,12,112,1,23445,2,3,2,0,1,1,,,0,,,,,,,,,,,,,0,0,,1,0,3,-1,0,9,1,0,9,0,,0
7497,17/05/2013 15:06,5,100,,,100,47650,3,4,1,1.1,0.1338,4.91,9,109,0,8084,2,0,2,0,1,1,-34.797,13.26,0,,,,0,0,,,,,,,,,,,,,,,,,0,0,,0,,0
437013,11/04/2013 17:57,18,129,,,219,15390,5,4.5,1,5.18,0.5835,5.84,4,311.84,1,25556,3,24,2,0,1,0,,5600.17,0,,,,1,0,17,0,0,,,,,0,0,,,,,,,,0,0,,0,,0
569634,27/03/2013 16:07,11,103,4.2,177.64,103,113926,3,3.5,0,2.56,0.0757,4.33,14,74.46,0,11197,1,66,1,1,1,1,,,0,,,,,,,,,,-1,0,22,-1,0,11,,,,,,,,,,0,,0
74350,29/12/2012 11:12,5,219,,,219,73899,2,2.5,1,2.2,0.0114,4.69,28,56,0,3694,1,0,2,0,1,1,,114.57,0,,,,0,0,,0,0,,,,,,,,,,,,,,0,0,,0,,0
143816,27/11/2012 10:46,5,219,,,219,67619,4,4.5,1,4.14,0.2927,5.6,18,172,1,570,4,4,2,0,1,1,,1955.49,0,,,,0,0,12,0,0,8,,,,,,,,,,,,,0,0,8,0,,0
564360,09/05/2013 21:42,16,31,,,16,21622,5,4,0,1.61,0.0398,5.77,28,152.6,0,26087,4,7,2,0,1,1,,1246.99,0,,,,,,,,,,,,,,,,,,,,,,,,,0,,0
73636,17/12/2012 09:03,5,219,,,132,133458,4,4.5,0,5.92,0.0734,5.57,32,303,0,1815,1,153,2,0,1,0,,3625.39,0,,,,,,,,,,,,,,,,,,,,,,,,,0,,0
96815,23/04/2013 08:39,5,219,,,219,69449,3,4,1,1.1,0.1152,4.35,16,73,0,16701,2,1,1,0,1,0,,93.86,0,,,,,,,,,,,,,,,,,,,,,,0,0,,0,,0
499052,12/04/2013 20:02,32,220,,,220,41166,4,3,1,1.39,0.0424,5.14,6,134.5,0,5289,1,142,1,0,1,0,,1687.73,0,,,,,,,,,,,,,,,,,,,,,,,,,0,,0
252372,24/11/2012 08:42,5,219,,,219,92436,2,3.5,0,2.64,0.0199,4.85,16,67,1,13687,1,0,2,0,1,1,,67.61,0,,,,,1,,-1,0,19,,,,-1,0,7,,,,,,,-1,0,17,0,,0
34406,21/03/2013 12:35,5,219,,,219,137450,3,4.5,0,3.64,0.0142,5.08,28,127,0,8347,2,29,2,1,1,1,,220.42,0,,,,0,0,,0,0,,,,,0,0,,,,,,,,0,0,,0,,0
25671,12/03/2013 06:57,5,219,,,219,55865,3,4.5,1,2.89,0.0303,5.16,26,187,1,7384,1,2,4,0,1,1,,8.94,0,,,,0,0,,,,,,,,0,0,,,,,,,,0,0,,0,,0
45179,29/05/2013 16:37,5,219,,,219,139666,3,3.5,1,2.56,0.0095,4.78,28,125,0,14155,1,17,1,1,2,1,,451.57,0,,,,,,,,,,,,,,,,,,,,,,0,0,,0,,0
148884,14/04/2013 09:58,32,220,,,219,129658,4,4.5,0,3,0.0144,5.42,17,184.93,1,25479,5,8,2,1,1,0,,9195.06,0,,,,,,,,,,,,,,,,,,,,,,,,,0,,0
319398,03/06/2013 10:10,14,100,,,100,13120,3,4,1,4.42,0.0874,0,34,219.89,0,6792,3,32,2,0,1,1,,508.79,0,,,,0,0,,,,,,,,-1,0,36,,,,,,,-1,0,36,0,,0
308610,25/03/2013 19:06,5,219,,,219,17641,3,4.5,1,2.77,,4.76,16,75,0,6072,2,14,2,0,1,0,-13.0119,91.13,0,,,,,,,,,,,,,,,,,,,,,,,,,0,,0
191912,08/11/2012 10:51,5,219,,,219,117144,3,4,1,5.28,0.0651,5.73,2,292,0,5143,3,21,2,0,1,1,,883.97,1,,,,0,0,,0,0,,,1,,0,0,,,,,,,,0,0,,0,,0
263204,24/06/2013 09:16,5,219,,,219,36767,3,3.5,1,1.61,,0,33,116,0,13317,3,2,3,0,2,0,,151.14,0,,,,,,,,,,,,,,,,,,,,,,,,,0,,0
591646,12/02/2013 20:35,32,220,,,219,135590,2,3.5,0,5.1,0.0621,4.78,25,77.27,1,9402,1,30,2,0,1,1,,,0,,,,1,0,63,,,,,,,1,0,11,,,,,,,1,0,11,0,,0
348951,17/05/2013 14:20,5,219,,,219,93084,4,4,1,3.09,0.1229,4.63,36,109,0,15684,2,1,2,0,1,1,,175.44,0,,,,0,0,,0,0,,,,,0,0,,,,,,,,0,0,,0,,0
280260,29/12/2012 15:17,18,129,,,31,117756,4,4.5,1,6.46,0.3331,5.69,33,224.69,0,23840,3,204,1,2,1,0,,526.2,0,,,,,,,,,,,,,,,,,,,,,,,,,0,,0
106486,03/01/2013 16:40,5,219,,,219,91974,2,1.5,1,1.1,0.0018,4.07,13,73,0,15764,2,1,2,0,1,1,,459.5,1,,,,-1,0,40,,,,,,,,,,,,,,,,,,,0,,0
306412,18/03/2013 14:59,5,219,,,219,110977,5,4.5,1,4.11,0.0396,6,29,309,0,13216,1,26,2,0,1,1,,,0,,,,0,0,,0,0,,,,,0,0,,,,,,,,0,0,,0,,0
438157,28/03/2013 07:28,5,219,,,219,128044,3,4,1,2.08,0.2154,5.34,2,164,0,18237,3,11,1,0,1,0,,3.25,0,,,,0,0,,,,,,,,0,0,,,,,,,,0,0,,0,,0
572316,10/06/2013 15:47,15,132,,,4,8925,3,3.5,0,2.64,0.0622,0,6,138.59,0,21014,1,26,4,0,2,1,,,0,,,,,,,,,,,,,-1,0,39,,,,1,0,12,,,,0,,0
334209,22/02/2013 13:22,5,219,,,219,39499,3,3.5,0,1.39,0.0019,4.66,2,103,1,23666,1,4,1,1,1,0,,2089.74,0,,,,0,0,,,,,,,,0,0,,,,,,,,0,0,,0,,0
463576,07/06/2013 11:20,5,219,,,219,92161,3,4,1,5.09,0.5792,0,12,258,0,20887,5,54,2,0,1,0,,1186.4,0,,,,0,0,,0,0,,,,,0,0,,,,,,,,0,0,,0,,0
487927,27/12/2012 19:54,5,219,,,219,55348,4,4.5,1,3.64,0.0345,5.14,13,89,0,1143,1,1,4,0,1,1,,177.13,0,,,,,,,0,0,,,,,,,,,,,,,,0,0,,0,,0
356705,05/11/2012 16:51,5,219,,,219,102996,4,4.5,0,3.37,0.0341,5.35,12,132,0,4335,1,6,2,0,1,0,,102.65,0,,,,0,0,,0,0,,,,,,,,,,,,,,,,,0,,0
99219,02/02/2013 14:30,5,219,,,219,81678,2,3,0,0.69,0.0256,4.35,29,59,0,3069,1,0,3,1,1,1,,36.22,0,,,,0,0,,0,0,,,,,,,,,,,,,,0,0,,0,,0
472544,09/06/2013 17:21,16,31,,,215,59533,3,4,0,3.99,0.4639,0,12,91.2,0,5459,2,81,2,0,1,1,,985.35,0,,,,,,,,,,,,,,,,,,,,,,,,,0,,0
267141,18/01/2013 11:31,5,219,,,219,44923,5,4.5,0,5.78,0.1161,6.15,10,263,1,4562,6,1,2,0,1,0,,1364.23,0,,,,,1,,,,,,,,0,0,20,,,,,,,0,0,20,0,,0
606200,04/03/2013 20:45,32,220,,,81,130203,4,4,0,2.48,0.0083,4.87,33,52,0,25614,2,1,1,0,1,0,,4108.83,0,,,,0,0,,1,0,42,,,,0,0,,,,,,,,,,,0,,0
427968,21/12/2012 08:40,5,219,,,219,27700,4,4.5,1,1.39,0.0131,5.47,22,110,0,10775,1,6,2,0,1,1,,56.73,0,,,,0,0,,0,0,,,,,,,,,,,,,,0,0,8,0,,0
310362,10/06/2013 18:02,31,219,,,219,7432,5,4.5,1,4.25,0.2837,0,31,375,0,570,2,19,2,1,1,1,,,0,,,,,,,,,,,,,0,0,,,,,,,,0,0,,0,,0
450439,03/12/2012 19:01,5,219,,,219,31962,3,4.5,1,1.39,0.0047,5.08,6,139,0,13870,2,20,2,0,1,0,,1943.63,0,,,,0,0,,,1,,,,,,,,,,,,,,0,0,,0,,0
198040,20/05/2013 02:31,5,219,,,219,61343,3,4.5,1,1.1,0.0057,4.7,8,86,0,2870,1,3,2,0,1,1,,219.71,1,,,,0,0,4,0,0,,,,,,,,,,,,,,0,0,,0,,0
80571,24/04/2013 09:16,5,219,,,219,7032,0,2.5,0,2.3,,5.67,31,38,0,2964,1,15,1,0,1,1,,658.78,0,,,,1,0,18,1,0,19,,,,,,,,,,,,,1,0,17,0,,0
12489,04/01/2013 17:14,5,219,,,219,97282,3,4,1,3.53,0.0398,5.4,31,99,0,7434,1,8,2,0,1,1,,,0,,,,0,0,,0,0,,,,,0,0,,,,,,,,0,0,,0,,0
118662,18/04/2013 22:39,12,99,,,119,106356,3,4,0,2.94,0.1185,5.61,15,134.43,1,22378,3,183,2,0,1,1,,,1,,,,,,,,,,,,,,,,,,,,,,,,,0,,0
293319,25/06/2013 16:02,5,219,,,219,105517,2,3.5,1,3.09,0.055,0,7,114,0,20874,5,136,1,0,1,0,,1062.23,0,,,,,,,,,,,,,,,,,,,,,,,,,0,,0
235844,13/06/2013 20:43,5,219,,,219,97557,4,4,1,0.69,0.0536,0,6,180,0,7855,1,37,2,0,1,1,,,1,,,,-1,0,5,,,,,,,,,,,,,,,,,,,0,,0
599462,13/11/2012 14:22,5,219,,,219,36156,3,4.5,0,3.3,0.063,4.81,4,102,1,16858,1,38,4,0,1,1,,555.86,0,,,,,,,,,,,,,,,,,,,,,,,,,0,,0
323455,13/05/2013 18:41,12,99,,,219,21812,3,4.5,1,2.71,0.0018,5.45,2,216.69,1,3073,3,11,1,0,1,1,,,0,,,,0,0,,0,0,,,,,1,0,3,,,,,,,0,0,,0,,0
179158,01/01/2013 14:20,18,129,,,59,33073,3,0,0,0.69,,4.7,2,113.53,0,18827,4,40,2,0,1,0,,,1,,,,,,,,,,,,,,,,,,,,,,,,,0,,0
419004,12/03/2013 12:01,5,219,,,31,4568,0,4,0,6.56,0.6245,5.42,29,132,0,8859,3,127,1,1,1,0,-37.3189,4454.43,0,,,,,,,,,,,,,,,,,,,,,,,,,0,,0
191349,11/05/2013 06:33,5,219,,,219,97339,3,4,1,2.56,0.0924,5.09,25,135,0,20268,1,0,2,2,1,1,,,0,,,,0,0,,,,,,,,1,0,17,,,,,,,0,0,,0,,0
530080,13/03/2013 18:15,5,92,,,9,62037,3,3,0,5.23,0.372,4.89,30,55,0,26837,3,33,2,0,1,0,,,0,,,,,,,,,,,,,,,,,,,,,,,,,0,,0
414813,11/06/2013 11:57,5,219,,,219,59781,5,4.5,1,4.32,0.2581,0,15,124,0,8192,4,5,2,0,1,0,,,1,,,,0,0,,0,0,,,,,0,0,25,,,,,,,0,0,,0,,0
524280,01/05/2013 07:23,5,219,,,219,75904,3,5,1,1.79,0.0451,5.13,14,159,0,23659,3,16,2,2,1,1,,,0,,,,,,,,,,,,,,,,,,,,,,,,,0,,0
125708,14/01/2013 09:03,5,219,,,17,84761,4,5,0,1.39,0.0002,6.21,22,427,0,25345,4,75,2,0,1,1,,1815.62,1,,,,,,,,,,,,,,,,,,,,,,,,,0,,0
101934,28/12/2012 02:21,15,55,,,98,42449,3,5,0,0,0.0103,4.21,14,58.17,1,7993,1,95,2,0,1,0,,,1,,,,,,,,,,,,,,,,,,,,,,,,,0,,0
115304,07/04/2013 17:27,5,219,,,55,6477,5,4.5,0,5.3,0.0451,5.6,9,166,0,10979,2,59,1,0,1,0,,4431.02,0,,,,,,,,,,,,,0,0,,,,,,,,,,,0,,0
250364,20/05/2013 19:26,14,100,,,100,40230,3,4.5,0,3.53,0.0952,5.44,20,252.9,0,20438,1,67,2,0,1,1,,64.79,0,,,,0,0,,,,,,,,0,0,,,,,,,,,,,0,,0
505080,19/03/2013 11:33,5,219,,,99,68749,4,4.5,0,5.01,0.2022,5.75,2,227,0,5474,1,23,2,0,1,1,,5015.62,1,-1,0,14,,,,,,,,,,-1,0,14,0,0,25,1,0,38,,,,0,,0
43764,11/01/2013 19:10,14,100,,,219,76933,3,4.5,1,1.39,0.2533,4.92,12,119.82,0,21394,1,75,2,0,1,0,,,0,,,,,,,,,,,,,,,,,,,,,,,,,0,,0
480771,01/01/2013 15:05,5,219,,,219,94069,2,0,1,2.08,,4.09,15,75,0,10189,2,87,2,0,1,1,,,1,,,,,,,,,,,,,,,,,,,,,,,,,0,,0
398354,28/11/2012 16:15,14,100,,,219,43653,3,4,0,3,0.1226,5.19,7,88.7,1,7516,3,2,1,0,1,1,,,0,,,,0,0,,0,0,,,,,0,0,,,,,,,,0,0,,0,,0
541690,16/12/2012 19:08,19,158,,,158,121037,1,0,0,0.69,,0,14,58.73,0,2072,1,51,2,0,1,0,,,1,,,,,,,,,,-1,0,12,,1,,,,,,,,,,,0,,0
145903,11/06/2013 19:29,5,219,,,219,87595,2,4,1,3.18,0.0354,0,19,150,0,22766,5,10,4,0,1,0,,461.44,0,,,,,,,,,,,,,,,,,,,,,,0,0,,0,,0
175495,19/04/2013 18:01,5,219,,,215,10248,4,4.5,0,5.76,0.0522,5.35,32,108,1,2303,1,195,2,0,1,1,,,0,,,,,,,,,,,,,,,,,,,,,,,,,1,,0
240023,09/11/2012 06:27,5,219,,,219,39436,3,5,1,2.2,0.0342,4.61,8,79,0,24120,1,12,2,2,1,0,,327.4,0,,,,0,0,,,,,,,,,,,,,,,,,0,0,,0,,0
339906,21/05/2013 09:24,14,100,,,219,1015,3,4,1,1.61,0.0937,5.03,2,174.34,0,21346,1,26,2,0,1,0,,320.78,1,,,,,,,,,,,,,,,,,,,,,,,,,0,,0
257775,02/02/2013 17:57,5,219,,,219,38196,5,4.5,1,1.79,,5.38,36,175,1,16794,1,4,2,0,1,0,,,1,,,,1,0,24,,,,,,,0,0,17,,,,,,,,,,0,,0
364687,08/03/2013 01:00,5,219,,,219,108068,4,4,0,1.39,0.015,4.66,35,204,0,14167,2,0,1,1,1,1,,305.2,0,,,,0,0,,,-1,,,,,0,0,,,,,,,,0,0,,0,,0
583163,07/04/2013 19:36,5,219,,,219,11066,3,4,1,1.95,0.0006,5.48,10,229,0,3073,3,64,1,1,2,0,,1553.09,0,,,,0,0,,,,,,,,,,,,,,,,,0,0,,0,,0
581154,05/05/2013 12:52,5,219,,,219,26127,3,4.5,1,1.39,0.0017,4.96,28,104,0,1721,1,76,2,0,1,1,-11.0437,920.49,1,,,,0,0,,,,,,,,0,0,,,,,,,,0,0,,0,,0
317141,12/03/2013 14:38,14,100,,,100,49817,3,4.5,0,3.69,0.27,5.01,28,87.74,1,20216,4,38,2,0,2,1,,184.58,1,,,,,,,,,,,,,0,0,10,,,,,,,,,,0,,0
163215,27/11/2012 13:17,32,220,,,219,31414,4,5,0,4.04,,5.71,35,138.93,0,15092,3,47,2,0,1,0,,8044.1,0,,,,,,,,,,,,,,,,,,,,,,,,,0,,0
268694,10/01/2013 08:36,5,219,,,215,111154,5,4.5,0,6.23,0.2394,5.96,16,314,0,2510,4,134,2,0,1,1,,,0,,,,,,,,,,,,,,,,,,,,,,,,,0,,0
324313,02/04/2013 15:11,5,219,,,134,41067,3,4.5,0,3,0.0906,5.34,14,116,1,27313,5,82,1,0,1,0,,,1,,,,,,,,,,,,,,,,,,,,,,,,,0,,0
311962,24/02/2013 19:44,5,219,,,59,61770,4,4,0,1.39,0.1647,5.65,1,253,0,8316,3,14,2,2,1,0,,1022.9,0,,,,,,,,,,,,,,,,,,,,,,,,,0,,0
563217,03/06/2013 16:20,25,215,,,215,5138,4,4,1,5.12,0.2061,0,26,111.14,0,7363,1,34,2,1,1,0,,,1,,,,,,,,,,,,,,,,,,,,,,,,,0,,0
51673,10/05/2013 13:15,14,100,,,100,20763,2,4,1,1.79,0.0605,4.42,9,63.37,1,14239,1,0,2,0,1,1,,0.79,0,,,,0,0,,,,,,,,,1,,,,,,,,0,0,,0,,0
87369,16/12/2012 20:17,5,219,,,219,44475,3,4,1,0.69,0.0053,4.37,15,59,0,27002,1,5,4,2,1,1,,885.01,0,,,,,,,,,,,,,,,,,,,,,,,,,0,,0
428936,05/01/2013 20:20,5,219,,,219,37818,4,3.5,1,3.95,0.2317,5.16,35,98,1,8192,2,13,2,0,1,1,,221.9,0,,,,0,0,,0,0,,,,,0,0,,,,,,,,0,0,,0,,0
592197,29/04/2013 15:48,5,219,,,219,131362,2,3.5,1,1.39,,4.42,22,78,0,166,1,25,3,2,2,1,,377.46,0,,,,1,0,2,0,0,,,,,,,,,,,,,,-1,0,8,0,,0
303250,22/05/2013 16:21,5,219,,,219,104952,4,4.5,0,3.5,0.3679,5.68,7,139,0,13938,1,2,2,0,1,1,,108.53,1,,,,0,0,,-1,0,2,,,,,,,,,,,,,1,0,26,0,,0
280232,04/06/2013 00:31,5,14,,,219,28347,3,3.5,1,0,,0,8,5030,0,23531,2,0,1,2,1,0,,,0,,,,0,0,,0,0,,,,,0,0,,,,,,,,0,0,,0,,0
134148,13/06/2013 14:36,14,100,,,100,23097,4,4,1,3.09,,0,33,151.59,0,12079,2,1,1,0,1,1,,1685.36,0,,,,0,0,,,,,,,,0,0,,,,,,,,,,,0,,0
528842,15/03/2013 20:45,5,219,,,219,23268,4,3.5,0,5.79,0.619,5.59,4,279,0,24700,2,22,2,1,1,1,,,1,,,,,,,,,,,,,,,,,,,,,,,,,0,,0
380767,27/12/2012 12:47,7,100,,,100,119794,4,4,1,4.23,0.0756,5.58,16,139.67,0,982,1,7,2,1,1,1,,,0,,,,0,0,,,,,,,,0,0,,,,,,,,0,0,,0,,0
402277,18/03/2013 19:39,5,219,,,219,110962,0,3.5,1,2.08,0.3585,4.93,6,85,0,21055,1,7,2,0,1,0,,415.89,1,,,,0,0,,0,0,,,,,,,,,,,,,,0,0,,0,,0
35129,25/06/2013 10:47,12,99,,,99,62951,3,3.5,1,2.56,0.0466,0,9,65.41,0,11628,13,20,2,3,1,0,,,0,,,,,,,,,,,,,,,,,,,,,,,,,0,,0
161061,24/06/2013 23:29,19,158,,,158,10420,4,4,0,4.39,0.0256,0,4,97.04,0,18757,3,150,2,0,1,1,,,1,,,,,,,,,,,,,,,,,,,,,,,,,0,,0
39925,10/05/2013 21:39,32,220,,,219,126657,4,4,1,5.96,0.1755,6.06,31,342.86,1,4562,5,43,2,0,1,0,,9964.53,0,0,0,15,0,0,,0,0,,1,0,7,,1,,,,,,,,0,0,5,0,,0
278888,28/01/2013 16:13,5,219,,,219,48740,3,0,0,0,0.0001,5.28,16,109,0,3715,2,56,2,2,1,0,,241.97,1,,,,,,,,,,,,,,,,,,,,,,,,,0,,0
154510,05/04/2013 13:56,5,219,,,219,42304,3,4,1,2.71,0.0827,5.1,28,129,0,12072,1,0,2,0,1,1,,,0,,,,0,0,,0,0,,,,,,1,,,,,,,,,,,0,,0
487684,17/11/2012 13:57,5,219,,,219,36022,3,3.5,0,3.47,0.1131,4.82,2,84,1,4335,2,4,2,0,1,0,,255.44,0,,,,0,0,,0,0,,,,,,,,,,,,,,0,0,,0,,0
39953,05/04/2013 06:27,5,219,,,99,112915,4,4,1,2.94,0.0984,5.31,16,136,0,3404,1,50,2,0,1,1,,5034.29,0,,,,,,,,,,,,,0,0,19,,,,,,,,,,0,,0
199062,09/02/2013 22:11,18,129,,,219,81385,4,4,1,1.39,0.0407,5.88,33,328.79,0,3591,2,199,2,0,1,0,,5537.49,0,,,,,,,,,,,,,,,,,,,,,,,,,0,,0
551049,25/03/2013 17:04,29,132,,,132,122543,4,4.5,0,1.39,0.1899,4.91,7,145.24,0,17638,1,4,1,0,1,1,,,0,,,,,,,,,,,,,0,0,,0,0,,0,0,,,,,0,,0
3165,22/03/2013 10:20,5,219,,,219,121315,3,4.5,1,1.61,0.2457,4.78,1,76,0,16222,1,2,2,1,1,0,,175.31,0,,,,,,,,,,,,,,,,,,,,,,,,,0,,0
215315,31/01/2013 13:51,5,219,,,219,27540,4,4.5,1,5.16,0.3239,5.92,16,249,0,9402,1,0,2,0,1,1,,75.24,1,,,,1,0,16,1,0,16,,,,0,0,16,,,,,,,0,0,,0,,0
111026,28/05/2013 16:56,5,219,,,219,131860,0,3.5,1,0.69,0.0334,4.94,26,180,0,9908,1,53,2,2,1,1,-15.389,249.44,0,,,,,,,,,,,,,,,,,,,,,,,,,0,,0
344938,24/04/2013 14:16,16,31,,,31,85304,4,5,0,0,,5.22,9,130.14,0,17526,1,5,2,0,1,0,,88.48,1,,,,,,,,,,,,,,,,,,,,,,,,,0,,0
532217,28/04/2013 09:11,5,202,,,219,104528,2,3.5,1,2.48,0.3605,4.21,10,50,0,22857,1,102,4,0,2,1,,,1,,,,,,,,,,,,,,,,,,,,,,,,,0,,0
140862,29/12/2012 23:57,24,216,,,225,140709,5,4.5,0,3.61,0.0134,5.61,18,184.26,0,11308,2,6,2,0,1,1,,,0,,,,-1,0,9,1,0,15,1,0,26,1,0,15,,,,,,,,,,0,,0
255643,10/02/2013 23:18,24,216,,,14,126339,5,4,0,3.81,0.0707,5.31,16,195.91,0,11842,1,1,1,0,1,0,,,0,,,,-1,0,12,-1,0,25,-1,0,12,-1,0,84,,,,,,,,,,0,,0
115663,27/02/2013 17:31,16,31,,,47,59953,3,2,0,4.53,,4.85,5,98.52,0,23363,7,11,1,1,2,0,,1172.19,1,,,,,,,,,,,,,,,,,,,,,,,,,0,,0
212117,31/05/2013 22:31,13,81,,,98,59494,3,4,0,4.09,0.3376,4.33,24,41.03,1,3164,5,57,2,0,1,0,,,0,,,,,,,,,,0,0,,0,0,,,,,,,,,,,0,,0
312377,12/01/2013 19:47,18,129,,,56,33437,4,4,0,4.22,0.2544,4.83,25,84.06,0,16170,3,47,2,0,1,1,,261.73,0,,,,,,,,,,,,,,,,,,,,,,,,,0,,0
9195,17/02/2013 16:30,12,99,,,31,103828,5,4.5,0,0.69,0.0619,5.65,5,240.55,1,26237,2,166,2,2,2,1,,,0,,,,,,,,,,,,,,,,,,,,,,,,,0,,0
474257,08/01/2013 19:18,5,219,,,219,666,4,4,0,3.87,0.4545,5.55,7,159,0,3187,1,53,1,1,2,1,,28.27,0,,,,0,0,,,,,,,,0,0,,,,,,,,,,,0,,0
37754,20/06/2013 15:43,15,55,,,154,140147,4,4.5,1,4.23,0.1313,0,10,66.69,0,9380,1,22,2,0,1,1,,,0,,,,,,,,,,,,,0,0,,0,0,,0,0,,,,,0,,0
172658,28/11/2012 07:08,5,219,,,219,136469,4,4,1,3.09,0.0766,5.65,4,192,0,2518,3,9,2,0,1,1,,452.68,0,,,,0,0,,0,0,,,,,,,,,,,,,,0,0,,0,,0
34453,09/12/2012 04:09,5,219,,,17,79502,4,0,0,1.39,,6.2,7,431,0,10484,4,32,1,0,1,1,,2017.08,1,,,,,,,,,,,,,,,,,,,,,,,,,0,,0
394085,18/06/2013 12:20,5,219,,,100,43948,3,4,1,1.39,,0,8,91,1,27978,2,21,2,1,1,0,-39.9011,1736.22,0,,,,0,0,,,,,,,,0,0,,,,,,,,0,0,,0,,0
3039,20/05/2013 15:06,16,31,,,215,61857,5,4.5,1,4.22,0.0763,5.63,34,285.97,0,18557,2,1,1,0,1,0,,,0,,,,,,,,,,,,,-1,0,36,-1,0,36,,,,,,,0,,0
457926,27/03/2013 16:09,22,92,,,92,131243,3,0,0,1.61,,4.11,14,43.73,0,19390,2,1,2,0,1,1,,,0,,,,,,,,,,,,,,,,,,,,,,,,,0,,0
596390,17/01/2013 08:57,5,219,,,219,120827,3,3.5,0,4.03,0.0969,4.61,28,79,0,3694,5,59,6,0,1,0,,986.57,0,,,,0,0,,,,,,,,,,,,,,,,,,,,0,,0
228462,14/04/2013 21:08,5,219,,,220,101981,5,4.5,1,4.64,0.2521,5.35,1,160,1,17856,1,98,2,0,1,0,,7369.54,0,,,,,,,,,,,,,,,,,,,,,,,,,1,177.58,1
16510,15/04/2013 17:57,5,219,,,219,16242,2,3,1,0,,4.66,8,145,0,6179,1,4,3,0,1,1,-21.9604,301.68,0,,,,,,,,,,,,,,,,,,,,,,,,,0,,0
50173,23/11/2012 00:32,5,219,3.5,240.04,219,12571,3,4,0,2.89,0.0398,4.99,15,142,0,23666,4,3,1,0,1,0,,1.9,0,,,,,,,,,,,,,,,,,,,,,,,,,0,,0
336592,18/02/2013 16:05,5,219,,,219,87416,3,4.5,1,3.5,0.0428,4.76,15,115,1,12041,1,2,1,0,1,0,,141.8,0,,,,0,0,,,,,,,,,,,,,,,,,,-1,,0,,0
292014,04/01/2013 10:22,32,220,,,137,95651,4,4,0,3.85,,5.42,30,208.55,0,8342,6,31,1,1,1,0,,8820.22,1,,,,1,0,30,,,,,,,0,0,,,,,,,,,,,0,,0
386053,03/12/2012 15:45,24,216,,,92,101170,4,4.5,0,4.53,,5.44,4,168.38,0,24115,1,46,6,0,3,1,,,1,,,,0,0,,,,,0,0,52,0,0,53,,,,,,,,,,1,,0
239143,23/04/2013 14:42,5,219,,,219,87618,2,4,1,2.94,,4.9,16,140,0,19956,4,3,2,1,1,1,,6.48,0,,,,0,0,,,,,,,,,,,,,,,,,0,0,,0,,0
122215,20/06/2013 08:24,5,219,,,219,77154,3,4.5,1,1.1,0.0018,0,13,164,0,23904,1,23,2,0,1,1,,421.79,0,,,,0,0,,0,0,,,,,0,0,,,,,,,,0,0,,0,,0
412503,02/04/2013 14:42,5,219,,,219,135728,3,4,1,2.48,,4.91,28,159,0,5405,1,9,2,0,1,1,,286.52,0,,,,,,,,,,,,,,,,,,,,,,,,,0,,0
73132,06/05/2013 18:17,14,100,,,100,63440,4,4.5,0,0,0.0359,5.79,3,366.51,0,2954,4,87,4,0,1,1,,131.97,1,,,,,,,,,,,,,0,0,,,,,,,,,,,0,,0
278390,07/06/2013 06:12,5,219,,,219,84767,3,4,1,2.48,,0,10,113,0,16876,2,49,2,2,1,1,,273.04,0,,,,0,0,,,,,,,,0,0,,,,,,,,,,,0,,0
322873,10/03/2013 16:00,5,219,,,219,58042,3,4.5,1,2.08,,5.31,2,149,0,15530,1,0,2,1,1,0,,1600.67,0,,,,,,,-1,0,2,,,,,,,,,,,,,-1,0,2,0,,0
375226,19/05/2013 16:40,5,219,,,219,99349,4,4.5,1,0.69,,5.23,16,119,0,8540,1,12,1,0,1,1,,23.21,0,,,,0,0,,0,0,,,,,0,0,,,,,,,,0,0,,0,,0
71908,09/04/2013 15:18,32,220,4.1,269.53,15,107782,4,0,1,3.4,,5.22,26,122.72,0,17768,2,170,4,2,2,1,,7494.1,0,,,,,,,,,,,,,,,,,,,,,,,,,0,,0
404018,11/02/2013 22:31,5,219,,,158,24465,4,5,1,1.39,0.4028,4.69,3,93,0,13819,3,16,1,0,1,0,,8075.51,1,,,,,,,,,,0,0,,,,,,,,,,,,,,0,,0
10672,13/03/2013 18:40,5,219,,,219,20777,3,4,1,2.56,0.0314,5.13,28,122,1,7434,3,36,1,0,1,1,,827.01,1,,,,0,0,,0,0,,,,,0,0,,,,,,,,0,0,,0,,0
740,15/03/2013 10:29,5,219,,,219,29897,2,0,0,1.39,,4.25,8,47,0,24847,2,0,2,1,1,1,,346.93,0,,,,,,,,,,,,,-1,0,5,,,,,,,-1,0,5,0,,0
199438,13/02/2013 17:07,5,219,,,219,121391,3,4,0,1.1,0.0515,4.33,34,74,0,12812,1,2,2,0,1,1,,519.59,0,,,,,,,,,,,,,,,,,,,,,,,,,0,,0
199310,26/11/2012 19:55,14,100,,,53,15157,4,4,1,3.78,0.052,5.59,25,165.07,0,23432,4,161,2,0,1,0,,10224.4,0,,,,,,,,,,,,,,,,,,,,,,,,,0,,0
390,04/11/2012 20:11,15,55,,,55,41384,3,3.5,0,0.69,,4.5,22,144.21,0,2907,1,3,1,1,1,0,,,1,,,,,,,,,,,,,-1,0,55,-1,0,36,,1,,,,,0,,0
254059,17/05/2013 18:45,5,219,,,219,72844,2,3,1,2.2,0.165,4.72,8,104,0,3660,1,19,2,0,1,0,,1103.85,0,,,,0,0,,,,,,,,,,,,,,,,,0,0,,0,,0
292802,24/01/2013 11:41,5,219,,,98,43027,3,4,0,2.2,0.0084,3.81,25,14,0,341,1,66,2,0,1,0,,8666.39,0,,,,,,,,,,,,,,,,,,,,,,,,,0,,0
522432,07/12/2012 13:39,32,220,4.04,169.8,55,139876,4,4.5,1,4.32,0.0283,5.84,13,285.26,1,10979,3,181,2,0,1,1,,10116.53,0,,,,,,,,,,,,,,,,,,,,,,,,,0,,0
504259,07/12/2012 16:57,5,219,,,219,115310,3,4,0,4.04,0.0985,5.29,22,119,0,15307,1,9,1,0,1,0,,2295.48,0,,,,0,0,,0,0,,,,,0,0,,,,,,,,0,0,,0,,0
500111,21/06/2013 07:43,5,219,,,219,35735,3,3.5,1,0,0.1765,0,3,80,1,24749,4,55,2,0,1,1,,285.45,1,,,,,,,,,,,,,-1,0,15,,,,,,,,,,0,,0
133720,13/01/2013 14:39,5,219,,,219,34151,4,4.5,1,5.15,0.283,5.59,15,249,0,9402,1,80,4,2,2,0,,361.26,0,,,,0,0,,0,0,10,,,,0,0,,,,,,,,0,0,,0,,0
573774,12/05/2013 14:47,5,219,,,219,77574,3,4,1,4.22,0.1657,5.43,6,169,0,9899,4,8,2,2,1,0,,564.75,1,,,,0,0,,0,0,,,,,0,0,,,,,,,,0,0,,0,,0
443775,10/05/2013 23:32,22,92,,,31,14505,4,0,0,3.53,,5.65,24,155,0,5395,3,46,1,0,1,0,,,0,,,,,,,,,,,,,,,,,,,,,,,,,0,,0
62805,18/03/2013 21:42,15,55,,,55,54564,4,4,0,0,,4.97,6,143.5,0,27439,1,5,2,0,1,1,,,1,,,,,,,,,,,,,,,,,,,,,,,,,0,,0
572087,05/03/2013 06:17,5,92,,,219,68689,3,3.5,1,4.72,0.445,5.37,16,141,1,20319,1,2,1,0,1,1,,,0,,,,0,0,,,,,,,,0,0,,,,,,,,0,0,,0,,0
67258,27/02/2013 16:29,5,219,,,219,88219,3,4,1,1.95,0.1171,5.04,13,98,0,9026,5,200,3,0,1,0,,1058.46,0,,,,,,,,,,,,,,,,,,,,,,,,,0,,0
526968,17/12/2012 22:11,12,99,,,99,48075,3,3,1,1.39,0.0064,4.56,31,85.56,0,3404,1,0,1,0,1,0,,,1,,,,,,,,,,,,,0,0,,,,,0,0,,,,,0,,0
301650,10/01/2013 01:29,24,216,,,216,138433,2,0,0,2.83,0.008,3.99,4,39.02,0,25055,2,23,1,0,1,1,-6.2856,,0,,,,,,,,,,,,,,,,,,,,,,,,,0,,0
334864,18/04/2013 17:37,32,220,,,219,46274,5,4.5,1,4.08,0.1012,5.89,20,318.29,1,8192,4,181,2,0,1,0,,7731.41,1,,,,,,,,,,,,,,,,,,,,,,,,,0,,0
110331,23/05/2013 14:25,32,220,,,55,57207,3,4.5,0,2.56,0.0084,5.15,7,111.15,1,24752,4,35,2,1,1,1,-35.3531,10519.04,0,,,,,,,,,,,,,0,0,,,,,0,0,,,,,0,,0
187109,27/03/2013 11:01,5,219,,,219,47059,4,5,1,2.4,0.0581,5.46,9,219,0,21913,1,14,4,0,2,0,,191.97,0,,,,,,,,,,,,,1,0,7,,,,,,,,,,0,,0
431097,01/03/2013 11:46,32,220,,,132,104399,4,4,0,5.73,,4.7,12,111.2,0,1346,3,283,2,0,1,0,,,1,,,,,,,,,,,,,,,,,,,,,,,,,0,,0
503380,01/01/2013 10:35,5,219,,,219,67452,2,3.5,1,3.22,0.0602,4.29,36,89,0,8993,1,130,2,0,1,1,-8.6596,45.9,0,,,,,,,,,,,,,,,,,,,,,,,,,0,,0
417163,01/01/2013 16:42,14,100,,,219,128834,3,4.5,1,2.08,0.0009,5.11,30,103.68,0,13870,2,82,2,2,1,0,,1384.37,1,,,,-1,0,20,,,,,,,,,,,,,,,,0,0,,0,,0
382974,10/04/2013 16:10,5,219,,,18,73696,4,4,0,2.4,0.1535,6.1,9,395,1,6695,9,258,2,0,1,0,,1911.53,1,,,,,,,,,,,,,,,,,,,,,,,,,0,,0
521991,13/01/2013 17:38,5,219,,,219,97565,4,4.5,1,3.18,,4.96,32,135,0,10083,5,46,2,0,1,0,,616.05,1,,,,,,,,,,,,,0,0,,,,,,,,,,,0,,0
457618,09/06/2013 15:05,5,219,,,219,100471,3,4.5,1,2.89,0.0113,0,26,79,0,9179,2,24,1,1,1,0,,322.1,0,,,,0,0,,,,,,,,0,0,,,,,,,,,,,0,,0
563212,01/04/2013 14:22,5,219,,,219,32731,3,4,0,2.64,,4.67,19,109,0,28244,1,51,2,0,1,0,,43.16,0,,,,,,,,,,,,,,,,,,,,,,,,,0,,0
11677,31/12/2012 11:31,5,219,,,219,45659,2,3.5,0,3.78,0.0037,4.84,37,72,0,9265,3,0,1,0,1,0,,236.08,0,,,,,,,,,,,,,,,,,,,,,,,,,0,,0
478647,10/11/2012 12:04,34,205,,,205,111830,4,4,0,4.04,0.1335,5.15,10,150.94,1,18357,3,7,2,0,1,1,,,0,,,,0,0,,0,0,,0,0,9,0,0,,,,,,,,,,,0,,0
86374,11/05/2013 00:00,5,219,4,457.48,15,77221,4,4.5,0,3.43,0.0272,5.64,15,299,0,8660,2,31,2,2,1,0,,7441.41,0,,,,,,,,,,-1,0,36,-1,1,15,,,,,,,,,,0,,0
458412,10/04/2013 09:29,5,219,,,98,102273,5,4.5,0,1.1,0.0022,5.69,10,216,1,23561,2,41,3,0,2,0,,9713.12,0,,,,0,0,,,,,0,0,,,1,,,,,,,,,,,0,,0
228009,22/02/2013 14:14,32,220,,,220,94445,5,4.5,1,4.55,0.375,5.35,29,205.37,0,16757,1,2,1,0,1,0,,0.28,0,,,,0,0,,0,0,,0,0,,0,0,,,,,,,,,,,0,,0
196951,14/06/2013 14:40,5,219,,,219,106868,3,4,1,1.61,,0,17,209,0,11366,2,14,2,0,1,1,,161.53,1,,,,,,,,,,,,,,,,,,,,,,,,,0,,0
521375,19/11/2012 16:33,5,219,,,219,9249,3,4,1,2.56,0.0023,5.3,2,125,0,15353,2,3,2,0,1,1,,346.81,1,,,,0,0,,0,0,,,,,,,,,,,,,,0,0,,0,,0
73033,01/11/2012 09:31,5,219,3.5,153.4,219,102133,0,4.5,0,0,,5.63,15,274,0,17690,3,253,2,1,1,1,,454.05,0,,,,,,,,,,,,,,,,,,,,,,,,,0,,0
230074,05/06/2013 04:25,5,33,,,99,103920,4,4.5,1,5.33,0.2465,0,2,304,0,7961,2,36,2,0,1,1,,,0,1,0,6,,,,,,,,,,0,0,2,1,0,31,1,0,10,,,,0,,0
81893,21/02/2013 05:52,5,219,,,219,78283,3,4.5,1,2.08,0.2591,5,3,122,0,19812,4,56,1,1,1,1,,2583.14,0,,,,0,0,,0,0,,,,,1,0,11,,,,,,,-1,0,3,0,,0
438068,28/12/2012 09:29,5,219,,,219,41661,3,4.5,1,4.06,0.205,5.27,10,169,0,4599,1,1,2,2,1,1,,399.59,0,,,,0,0,,,,,,,,,,,,,,,,,0,0,,0,,0
565857,18/11/2012 19:38,5,219,,,219,52298,3,3,1,2.48,,4.59,10,63,1,5754,2,1,1,0,1,0,,11.16,1,,,,-1,0,8,-1,0,8,,,,,,,,,,,,,-1,0,8,0,,0
66660,15/04/2013 19:39,5,219,,,219,121272,2,3.5,0,2.77,0.3626,5.09,1,160,0,1012,1,78,2,0,1,0,,1092.19,1,,,,,,,,,,,,,,,,,,,,,,,,,0,,0
243705,21/05/2013 16:27,5,219,,,219,97592,2,3,0,1.1,,4.56,16,50,0,5444,4,216,2,0,1,0,,1209.57,0,,,,,,,,,,,,,,,,,,,,,,,,,0,,0
520163,12/02/2013 17:17,5,219,,,219,13483,3,4,1,4.17,0.041,5.14,21,160,0,23904,1,7,2,0,1,0,,473.13,1,,,,0,0,,0,0,,,,,0,0,,,,,,,,0,0,,0,,0
503669,15/11/2012 11:20,5,219,,,219,74754,4,4.5,0,5.97,0.1367,6.03,30,369,0,4562,2,1,2,0,1,1,,,0,,,,0,0,,0,0,,0,0,,0,0,,,,,,,,0,0,,0,,0
178817,06/12/2012 21:48,14,100,,,219,17739,4,3.5,1,3.85,0.0308,4.72,25,94.82,1,8347,6,20,4,0,2,0,,1071.2,0,,,,0,0,,0,0,,,,,0,0,,,,,,,,0,0,,0,,0
161584,21/06/2013 14:32,5,219,,,219,114777,4,4.5,1,4.81,0.2684,0,29,285,0,15208,7,237,1,0,1,0,,3790,1,,,,,,,,,,,,,,,,,,,,,,,,,0,,0
321127,13/04/2013 05:36,5,219,,,219,111520,3,4.5,1,1.95,0.0344,4.86,9,79,1,44,1,0,1,0,1,1,,2479.43,0,,,,0,0,,1,0,91,,,,0,0,,,,,,,,0,0,,1,88.74,1
284183,14/03/2013 08:16,14,100,3.5,101.47,55,47737,4,1.5,1,2.71,0.0011,4.96,34,105.65,0,10010,1,107,1,0,1,1,,4102.7,0,,,,,,,,,,,,,1,0,6,,,,,,,,,,0,,0
408985,14/01/2013 17:14,16,31,,,31,59065,2,3.5,0,6.48,0.8098,4.9,36,103.02,0,7770,2,32,2,0,1,1,,150.93,0,,,,,,,,,,,,,0,0,,0,0,,,,,,,,0,,0
556856,05/02/2013 12:55,26,39,,,31,47871,4,5,0,0.69,0.0096,4.99,14,98.64,0,16902,3,28,1,1,2,0,,,0,,,,,,,,,,,,,,,,,,,,,,,,,0,,0
180767,08/05/2013 09:10,5,219,,,219,73134,3,4.5,1,3.43,0.3301,5.4,29,129,0,27236,3,30,1,0,1,1,,350.16,0,,,,1,0,7,0,0,,,,,0,0,,,,,,,,0,0,,0,,0
490918,17/05/2013 14:45,18,99,,,219,45966,2,3.5,1,3,0.0019,4.89,16,103.98,0,4562,5,42,2,0,1,0,,,1,,,,0,0,,,,,1,0,17,0,0,,,,,,,,,,,0,,0
316790,26/03/2013 11:50,5,219,,,219,87706,0,5,0,2.4,0.0904,4.79,29,194,0,6806,4,32,2,0,1,1,,1726.29,0,,,,,,,,,,,,,,,,,,,,,,,,,0,,0
204739,12/11/2012 11:33,15,31,,,31,8248,4,5,0,0.69,,4,32,79.39,0,2190,2,36,1,0,1,0,,104.88,0,,,,,,,,,,,,,,,,,,,,,,,,,0,,0
541611,13/03/2013 18:20,24,216,4.5,582.52,219,30417,3,4,0,4.76,0.343,5.28,28,158.92,1,7322,1,51,2,2,1,1,,,0,,,,0,0,,0,0,,,,,0,0,,,,,,,,0,0,,0,,0
539573,15/02/2013 07:09,5,219,,,219,69049,4,4,1,1.79,,5.25,12,182,0,18586,2,27,2,0,1,1,,177.72,0,,,,0,0,,,,,,,,0,0,,,,,,,,0,0,,0,,0
499112,24/04/2013 17:24,5,219,,,219,99965,3,3.5,0,1.95,0.0528,4.97,14,125,0,26065,1,18,2,0,1,0,,179.23,0,,,,,,,0,0,,,,,,,,,,,,,,0,0,,0,,0
265380,14/06/2013 15:29,18,129,,,129,122620,5,4.5,0,5.34,,0,27,117.44,1,9673,2,84,2,0,1,1,,,1,,,,,,,,,,,,,,,,,,,,,,,,,0,,0
137577,13/06/2013 12:29,5,219,,,219,60846,4,4.5,1,4.13,0.2318,0,34,170,0,8192,2,1,2,0,1,1,,1752.99,1,,,,0,0,5,0,0,5,,,,0,0,,,,,,,,0,0,10,0,,0
233231,26/02/2013 12:58,14,100,,,219,110998,2,3.5,0,4.28,0.0171,5.27,2,162.75,1,5143,3,86,2,0,1,1,,343.53,1,,,,,,,,,,1,0,17,0,0,,,,,,,,0,0,,0,,0
83344,19/05/2013 19:25,5,219,,,100,113586,5,4.5,1,4.52,0.1426,5.66,20,230,1,6792,1,27,2,0,1,1,,1980.68,0,,,,0,0,10,,,,,,,0,0,,,,,,,,0,0,,0,,0
79554,22/06/2013 11:55,5,219,,,219,27711,3,3.5,1,4.65,,0,12,149,1,4447,6,119,1,0,1,0,,4676.69,0,,,,,,,,,,,,,,,,,,,,,,,,,0,,0
123791,13/03/2013 18:21,5,219,,,219,84122,5,5,1,5.59,0.113,6.21,21,695,0,5143,2,8,1,0,1,1,,173.07,0,,,,0,0,,0,0,,,,,0,0,15,,,,,,,0,0,,0,,0
474229,20/03/2013 16:07,5,219,,,219,124543,3,3.5,0,4.06,0.0675,4.46,2,55,1,20551,2,16,2,0,1,1,,334.29,0,,,,,1,,-1,0,12,,,,,,,,,,,,,-1,0,12,0,,0
266075,19/05/2013 20:46,34,205,,,31,30478,4,4,1,4.68,0.1116,5.77,15,214.86,1,4924,2,53,3,0,2,1,,,0,,,,,,,,,,,,,0,0,,0,0,,0,0,,,,,1,1001.01,1
273178,07/03/2013 16:00,15,158,,,55,123462,3,0,1,0,,4.4,22,124.62,0,6572,1,17,2,0,1,0,,,1,,,,,,,,,,,,,,,,,,,,,,,,,0,,0
555262,12/04/2013 11:26,5,219,,,219,62095,2,3.5,1,1.79,0.0339,4.67,18,60,0,20995,1,1,2,0,1,1,-24.511,160.2,0,,,,,1,,0,0,,,,,,,,,,,,,,0,0,,0,,0
40265,22/01/2013 07:33,5,219,,,219,22830,3,4.5,1,1.39,,4.72,18,134,0,11436,3,65,2,0,1,1,,993.33,0,,,,,1,,0,0,,,,,0,0,,,,,,,,0,0,,0,,0
155543,02/12/2012 20:13,5,219,,,219,13831,2,3.5,1,2.4,,4.36,22,71,1,22380,9,18,2,1,1,0,,617.18,1,,,,0,0,,,,,,,,1,0,17,,,,,,,0,0,,0,,0
228111,24/12/2012 15:55,34,117,,,219,44796,3,3,0,5,,5.01,16,69.54,0,27770,2,58,2,0,1,0,,,1,,,,0,0,,-1,0,15,,,,0,0,,,,,,,,0,0,,0,,0
603427,09/11/2012 14:22,5,219,,,219,15645,3,3.5,1,1.95,0.0058,4.83,13,100,0,44,1,0,1,0,1,1,,1729.09,1,,,,0,0,,0,0,,,,,0,0,,,,,,,,0,0,,0,,0
500651,09/01/2013 14:53,5,23,,,129,19351,3,5,0,0,0.0016,4.3,34,90,0,3468,2,100,2,0,1,1,,,0,,,,,,,,,,,,,,,,,,,,,,,,,0,,0
402084,26/01/2013 10:25,5,219,,,219,114930,4,4.5,1,2.3,0.0208,5.15,21,369,0,21913,1,0,1,0,1,1,,0.75,0,,,,,,,,,,,,,-1,0,37,,,,,,,,1,,0,,0
183715,16/02/2013 04:24,5,219,,,219,589,3,4.5,1,2.56,0.0716,4.95,1,79,0,17707,1,43,2,3,2,0,,144.98,1,,,,,,,,,,,,,,,,,,,,,,,,,0,,0
137809,26/03/2013 14:23,14,100,,,100,25223,4,4,0,4.96,0.1581,5.18,1,109.24,1,15438,2,31,2,0,1,1,,,0,,,,0,0,,,,,,,,1,0,7,,,,,,,1,0,3,0,,0
443292,27/12/2012 22:41,9,59,,,219,77914,3,4,0,4.33,0.2397,5.06,35,75.52,0,8192,3,24,3,2,2,0,,1284.41,0,,,,0,0,,,,,,,,0,0,,,,,,,,0,0,,0,,0
24465,26/04/2013 08:33,5,219,,,219,118455,3,4,1,3.37,0.1974,5.11,3,199,0,17038,1,5,2,0,1,0,,182.57,1,,,,0,0,,0,0,,,,,,,,,,,,,,0,0,,0,,0
162660,20/11/2012 10:58,14,100,,,219,76034,4,4,0,5.81,0.2043,5.79,27,466.49,1,5143,1,16,1,0,1,1,,348.12,0,,,,0,0,26,1,0,57,,,,0,0,22,,,,,,,0,0,22,0,,0
247815,07/02/2013 14:45,5,219,,,219,82404,4,4.5,1,3.3,0.1787,5.58,3,189,0,26413,1,38,1,1,1,0,,2515.12,1,,,,0,0,,0,0,,,,,0,0,84,,,,,,,0,0,,0,,0
433582,20/11/2012 13:15,15,55,,,219,127782,3,4.5,1,2.56,0.0196,5.31,21,259.6,0,24674,1,60,1,0,1,1,,,0,,,,0,0,,0,0,,,,,0,0,,,,,,,,0,0,,0,,0
457672,13/03/2013 10:07,5,219,,,219,24649,2,3.5,1,1.61,0.0777,4.61,19,65,0,17974,1,3,4,0,2,1,,179.15,0,,,,,,,,,,,,,,,,,,,,,,0,0,,0,,0
455749,28/06/2013 12:04,5,219,,,219,29559,3,3.5,1,2.2,0.0084,0,16,103,1,1020,4,13,2,3,1,1,,,0,,,,0,0,,0,0,,,,,0,0,17,,,,,,,0,0,,0,,0
468137,19/06/2013 19:06,5,219,,,219,135711,3,4,1,2.08,,0,20,219,0,21958,1,0,2,0,1,0,,32.6,0,,,,,,,0,0,,,,,,,,,,,,,,0,0,,0,,0
141993,28/04/2013 09:27,5,219,,,206,131499,4,5,0,2.3,,5.41,7,94,1,13820,4,28,1,0,1,0,,5665.55,1,,,,,,,,,,,,,,,,,,,,,,,,,0,,0
166280,01/03/2013 16:31,5,219,,,219,101993,3,4.5,1,1.1,0.163,4.67,2,80,0,5282,2,21,1,2,1,1,,476.46,0,,,,,,,1,0,2,,,,1,0,24,,,,,,,1,0,2,1,183.53,1
507908,28/03/2013 14:17,18,129,,,129,21717,5,4.5,1,3.97,0.0408,5.28,13,156.37,0,11507,2,5,2,0,1,0,,243.5,0,,,,,,,,,,,,,0,0,,0,0,,0,0,,,,,0,,0
177354,05/04/2013 12:14,15,55,,,55,126197,4,4,1,1.61,0.0351,4.87,31,138.04,0,15784,1,9,1,0,1,0,,,0,,,,,,,,,,,,,0,0,,0,0,,0,0,,,,,0,,0
230129,03/12/2012 23:13,16,31,,,55,83080,3,3.5,0,4.36,0.1798,5.25,3,152.72,0,5983,2,24,2,1,1,1,,715.75,0,,,,,,,,,,,,,0,1,13,,,,0,0,,,,,0,,0
543575,26/03/2013 05:24,5,219,,,219,74143,4,4.5,1,0.69,,5.4,19,159,0,11274,2,78,2,0,1,0,,,1,,,,,,,,,,,,,,,,,,,,,,,,,0,,0
435202,20/12/2012 11:23,5,219,,,219,118919,3,4.5,1,3.3,0.015,4.83,7,118,1,8347,2,21,5,0,1,1,,,1,,,,,,,-1,0,14,,,,0,0,,,,,,,,-1,0,14,0,,0
446271,24/01/2013 19:18,5,219,,,219,60846,4,4.5,1,4.13,0.2318,5.55,10,159,1,8192,3,127,2,0,1,1,,231.46,1,,,,,,,,,,,,,,,,,,,,,,,,,0,,0
445616,14/02/2013 11:21,5,219,,,219,96136,3,4,1,3.64,0.1195,4.81,10,102,0,13687,3,1,2,0,1,1,,214.34,0,,,,0,0,,0,0,,,,,0,0,,,,,,,,0,0,,0,,0
398702,02/04/2013 17:24,15,55,,,220,100293,5,4,1,4.88,0.0776,5.5,30,205.41,0,20905,2,15,1,0,1,0,,,0,,,,-1,0,4,-1,0,4,,,,-1,0,4,,,,,,,,,,0,,0
579984,01/04/2013 15:56,31,219,,,219,36416,2,3.5,1,0,0.0049,4.24,25,38,1,24131,1,66,2,0,1,1,,1712.31,0,,,,0,0,,,,,,,,0,0,,,,,,,,0,0,,0,,0
415158,29/04/2013 15:22,5,100,3.8,117.48,219,73087,3,0,1,0,,5.02,37,103,0,10446,2,18,2,0,1,1,,1112.6,1,,,,0,0,24,0,0,24,,,,,,,,,,,,,,,,0,,0
11451,05/03/2013 13:43,14,100,,,100,99110,3,3.5,1,4.65,0.542,5.55,13,210.34,0,27906,2,3,2,2,1,1,,64.83,0,,,,0,0,,,,,,,,0,0,,,,,,,,0,0,,0,,0
98526,22/05/2013 07:04,14,100,,,219,126264,4,3.5,0,5.71,0.1629,5.68,12,276.84,1,4562,2,58,3,0,1,1,,333.2,1,0,0,16,-1,0,14,0,0,,0,1,,0,0,,,,,,,,0,0,,0,,0
88762,24/03/2013 14:24,18,129,,,219,37733,3,4.5,1,4.34,0.0826,5.48,37,228.63,0,13216,4,129,2,0,1,0,,4082.87,0,,,,,,,,,,,,,,,,,,,,,,,,,0,,0
588128,09/04/2013 01:47,5,41,,,179,126828,0,0,0,1.61,,0,19,62,0,13772,2,6,1,0,1,0,,,1,,,,,,,,,,,,,,,,,,,,,,,,,0,,0
465185,03/04/2013 17:50,5,219,,,219,68689,3,3.5,1,4.72,,5.36,8,96,1,4447,1,20,2,0,1,0,,170.94,0,,,,0,0,11,0,0,,,,,0,0,,,,,,,,0,0,,0,,0
186424,01/04/2013 16:24,14,100,,,100,91107,3,4,1,3.3,,4.93,35,97.36,0,20216,2,4,2,0,1,1,,56.23,0,,,,0,0,,,,,,,,1,0,10,,,,,,,0,0,,0,,0
591778,28/02/2013 12:51,5,219,,,219,126334,0,4.5,1,0.69,0.0196,4.63,15,85,0,11848,3,4,1,0,1,0,,58.93,1,,,,1,0,12,,,,,,,,,,,,,,,,,,,0,,0
164239,07/02/2013 03:17,5,92,,,92,36675,3,4,0,4.43,0.1299,5.23,30,67,0,6991,1,1,1,1,1,1,,,0,,,,1,1,94,,,,1,0,5,0,0,,,,,,,,-1,0,7,0,,0
109607,13/01/2013 22:55,5,219,,,219,16499,3,4,1,4.08,0.1735,5.26,8,124,0,9358,2,5,2,0,1,1,,129.11,0,,,,0,0,,0,0,,,,,0,0,,,,,,,,0,0,,0,,0
312832,22/04/2013 17:30,5,219,,,219,39771,3,4.5,1,1.61,0.0486,4.73,6,135,0,20820,3,44,2,0,1,0,,1550.2,0,,,,,,,,,,,,,,,,,,,,,,,,,0,,0
199649,15/11/2012 13:11,5,219,,,219,32358,4,4.5,1,2.94,0.731,5.72,1,143,1,1154,2,6,4,0,1,0,,394.35,0,,,,0,0,,0,0,,,,,0,0,,,,,,,,0,0,,1,490.92,1
407588,06/05/2013 05:03,5,219,,,219,37958,3,4,0,3.61,0.5515,5.15,16,147,0,17618,1,0,2,1,1,0,-51.1959,6.02,0,,,,,,,,,,,,,,,,,,,,,,-1,0,9,0,,0
356390,05/12/2012 20:14,5,219,,,219,11622,4,4,0,2.71,,5.64,33,231,1,12588,1,3,2,0,1,1,,369.61,1,,,,-1,0,6,-1,0,6,,,,-1,0,6,,,,,,,-1,0,6,0,,0
416152,28/11/2012 20:30,15,181,,,55,21564,3,3.5,0,1.95,,4.57,25,153.72,0,2332,1,132,1,0,1,0,,,0,,,,,,,,,,,,,,,,,,,,,,,,,0,,0
69646,23/03/2013 18:21,14,100,,,219,26568,3,3.5,1,2.64,0.0224,4.94,20,109.46,0,26065,1,21,2,0,1,1,,629.14,1,,,,,,,0,0,,,,,0,0,,,,,,,,0,0,8,0,,0
68748,24/12/2012 23:00,5,219,,,219,76431,2,3,1,2.77,,4.5,26,70,0,12790,1,7,2,0,1,0,,41.64,0,,,,0,0,,0,0,,,,,,,,,,,,,,0,0,,0,,0
139728,28/05/2013 19:35,5,35,,,219,93974,4,4.5,1,5.17,0.3128,5.67,18,159,1,9402,2,209,4,1,2,0,-34.2554,,0,,,,,,,,,,,,,,,,,,,,,,,,,0,,0
174206,18/02/2013 17:22,5,219,,,219,45543,4,4.5,1,0.69,0.0817,5.51,1,125,0,26085,1,19,2,2,1,1,,,0,,,,1,0,19,0,0,,,,,,,,,,,,,,1,0,19,0,,0
268885,06/02/2013 11:15,12,99,,,99,126198,0,4.5,0,5.83,0.4439,5.22,34,183.93,0,10064,6,79,2,0,1,0,,,1,0,0,,,,,,,,,,,0,0,,,,,0,0,,,,,0,,0
89489,16/04/2013 19:24,15,55,,,100,90831,3,4,0,0,0.0075,4.95,21,116.74,0,2591,2,118,2,0,1,0,,,0,,,,,,,,,,,,,,,,,,,,,,,,,0,,0
62141,21/12/2012 10:49,18,129,,,158,1213,3,0,0,3,,4.43,21,67.26,0,5502,5,45,1,0,1,0,,4511.21,0,,,,,,,,,,,,,,,,,,,,,,,,,0,,0
101471,25/06/2013 07:29,5,219,,,219,132608,3,4.5,1,3.43,0.3492,0,16,179,0,15534,1,37,2,0,1,1,,707.58,0,,,,0,0,,,,,,,,0,0,,,,,,,,,,,0,,0
131257,13/05/2013 16:42,5,219,,,219,110328,3,4.5,1,2.77,0.0342,4.86,22,64,0,6443,1,33,2,2,1,1,,581.96,0,,,,,,,,,,,,,0,0,,,,,,,,,,,1,,0
556007,20/03/2013 14:29,18,129,,,220,25317,5,4,1,4.03,0.5412,5.7,33,254.79,0,2721,3,144,1,1,1,0,,,1,,,,,,,,,,,,,,,,,,,,,,,,,0,,0
48998,03/05/2013 10:47,2,56,,,215,38306,4,4,1,4.77,0.0142,5.1,13,121.98,1,2303,3,25,1,0,1,0,,,1,1,0,20,,,,,,,,,,0,0,28,0,0,28,1,0,12,,,,0,,0
329468,26/12/2012 09:10,5,205,,,99,48339,5,4,0,5.69,0.0231,6.21,18,514,0,13292,1,34,1,0,1,0,,,1,0,0,,,,,,,,,,,0,0,,0,0,,0,0,,,,,0,,0
516919,31/01/2013 19:51,24,216,,,92,62404,3,0,0,4.56,,4.61,29,64.05,1,13512,1,1,1,0,1,1,,,0,,,,,,,,,,,,,,,,,,,,,,,,,0,,0
403107,16/12/2012 08:19,10,224,,,224,100005,3,3,0,4.22,0.0851,3.95,3,25.01,0,9105,1,1,2,0,1,0,,,1,,,,,,,,,,0,0,,0,0,,,,,,,,,,,0,,0
119412,09/06/2013 18:33,5,219,,,219,27617,2,2.5,1,1.95,0.0105,0,32,44,0,2518,2,1,2,0,1,0,,213.45,0,,,,0,0,,0,0,,,,,1,0,11,,,,,,,0,0,,0,,0
407683,08/01/2013 11:27,5,219,,,219,72476,4,4.5,1,3.37,0.1804,5.25,13,220,0,7643,2,129,2,0,1,1,,185.42,0,,,,,,,,,,,,,,,,,,,,,,,,,0,,0
187035,29/06/2013 22:42,4,50,,,50,90452,3,4,0,3.87,,0,32,77.52,0,1464,1,1,1,0,1,0,,335.86,0,,,,,,,,,,,,,-1,0,6,,,,,,,,,,0,,0
140271,15/05/2013 20:09,5,219,3.1,122.99,219,65532,3,4.5,1,1.1,0.0603,4.7,11,159,0,22851,3,9,2,1,1,1,,364.11,0,,,,-1,0,9,0,0,,,,,0,0,,,,,,,,0,0,,0,,0
24768,26/03/2013 18:05,32,220,,,219,11414,3,4,1,4.61,0.3422,5.67,9,170.9,1,20319,5,71,2,2,1,0,,5079.9,1,,,,0,0,,,,,,,,1,0,8,,,,,,,,,,0,,0
355756,16/01/2013 12:05,5,219,,,219,24960,2,4,1,3.33,0.028,4.72,26,70,0,7772,1,0,2,0,1,0,,121.93,0,,,,0,0,,0,0,,,,,,,,,,,,,,0,0,,0,,0
157102,07/01/2013 12:05,5,219,,,219,132906,2,3,0,2.2,0.005,4.66,21,79,0,4923,2,1,1,0,1,0,-32.9584,3.08,1,,,,0,0,,0,0,,,,,,1,,,,,,,,-1,0,4,0,,0
455488,11/06/2013 21:37,5,219,,,219,76831,2,2.5,1,1.79,0.0034,0,32,63,0,13233,3,114,2,0,1,1,,610.27,1,,,,,,,,,,,,,,,,,,,,,,,,,0,,0
137122,03/01/2013 08:15,5,219,,,219,122589,3,4,0,3.93,0.3305,5.03,34,73,1,8081,2,22,2,0,1,1,,121.97,1,,,,1,0,4,0,0,,,,,0,0,,,,,,,,0,0,,0,,0
193920,02/02/2013 15:19,9,59,,,59,86884,4,4,1,3.26,0.0451,5.89,13,305.56,0,7723,1,1,2,0,1,0,,,1,,,,,,,,,,,,,,,,,,,,,,,,,0,,0
410018,17/03/2013 11:27,5,219,,,219,123213,5,5,1,2.08,0.0273,6.21,9,725,0,8740,2,123,2,0,1,1,,2522.7,1,,,,,,,,,,,,,,,,,,,,,,,,,0,,0
519745,14/12/2012 19:55,5,219,,,100,56913,3,4,1,2.2,0.0175,4.81,20,122,0,8084,2,12,2,1,1,0,,110.3,0,,,,0,0,,,,,,,,0,0,,,,,,,,0,0,,0,,0
337410,26/05/2013 19:15,12,99,,,219,26248,5,4.5,1,3.66,0.1305,5.54,29,129.33,1,8192,2,52,6,1,6,0,,,1,,,,0,0,,0,0,,,,,,1,,,,,,,,0,0,,0,,0
234062,08/02/2013 04:42,5,102,,,53,88107,4,4.5,0,4.63,,4.97,16,101,0,23644,3,242,2,2,1,0,,,0,,,,,,,,,,,,,,,,,,,,,,,,,0,,0
265322,02/03/2013 09:39,5,219,,,219,88219,3,4,1,1.95,0.0089,5.04,12,118,0,1020,5,17,1,1,2,0,,881.91,1,,,,0,0,,0,0,,,,,,,,,,,,,,0,0,,0,,0
568741,11/06/2013 22:59,5,219,,,219,2906,3,4,1,4.28,0.1589,0,4,161,0,9899,4,25,4,2,2,1,,982.58,1,,,,0,0,,0,0,,,,,,,,,,,,,,0,0,,0,,0
391294,21/06/2013 16:46,15,55,,,55,98993,5,4.5,0,3.47,0.3211,0,2,138.76,0,504,7,24,2,0,1,0,,,1,,,,,,,,,,,,,0,0,,1,0,11,0,0,,,,,0,,0
417855,17/02/2013 18:24,5,219,,,219,44342,3,3,1,2.48,,4.2,6,67,0,14794,1,45,2,0,1,0,,512.81,1,,,,,,,,,,,,,,,,,,,,,,,,,0,,0
222655,16/02/2013 07:13,5,219,,,31,92780,4,4,0,6.02,0.1922,5.74,3,214,1,25721,7,210,2,0,1,0,,5010.49,1,,,,,,,,,,,,,,,,,,,,,,,,,0,,0
415074,27/03/2013 12:40,5,219,,,219,8917,2,4,0,1.95,,4.87,14,94,1,19877,1,6,2,0,1,0,,8.16,1,,,,0,0,,0,0,,,,,0,0,,,,,,,,0,0,19,0,,0
512947,24/05/2013 14:58,5,219,,,219,104553,2,3.5,1,3.81,0.0202,4.19,34,80,0,20551,1,2,2,2,1,0,,107.18,0,,,,,,,0,0,,,,,,,,,,,,,,0,0,5,0,,0
208080,11/01/2013 22:27,5,219,,,219,53217,2,4,1,1.39,0.014,4.56,26,94,0,24804,1,1,1,0,1,1,,95.13,0,,,,0,0,,0,0,,,,,,,,,,,,,,0,0,,0,,0
392146,21/02/2013 16:59,14,100,,,219,42964,2,3.5,1,3.09,0.0863,5.01,7,149.24,0,23129,4,35,2,0,1,1,,588.94,1,,,,0,0,6,,1,,,,,0,0,6,,,,,,,1,0,6,0,,0
477601,10/02/2013 22:02,5,219,,,219,81097,3,4.5,1,2.56,,4.78,9,79,1,9427,1,19,2,0,1,1,,132.28,0,,,,,,,,,,,,,,,,,,,,,,,,,0,,0
135815,26/06/2013 20:01,24,216,,,98,33428,5,4.5,0,4.19,0.0799,0,13,186.88,1,24731,2,9,2,0,1,1,,,0,,,,,,,0,0,,0,0,17,0,0,,,,,,,,,,,0,,0
68980,28/06/2013 04:18,5,219,,,219,4493,2,3.5,1,3.3,,0,32,47,1,16335,2,1,3,0,1,1,,476.31,0,,,,1,0,11,1,0,11,,,,,,,,,,,,,1,0,11,0,,0
520972,20/05/2013 18:00,5,219,,,219,109612,3,4.5,1,4.34,0.1209,5.2,30,249,0,570,3,17,2,0,1,1,,145.1,0,,,,,1,,0,0,,,,,0,0,,,,,,,,0,0,,0,,0
220273,22/03/2013 21:42,5,219,,,219,65391,3,4.5,0,2.56,0.1679,4.41,7,69,0,15846,1,8,2,2,1,1,,196.81,0,,,,1,1,14,,1,,,,,,,,,,,,,,1,0,24,0,,0
338571,18/03/2013 18:28,5,219,,,219,22471,3,4,1,2.08,0.0664,5.61,9,154,0,24949,3,45,2,0,1,1,-30.6795,433.61,0,,,,,,,,,,,,,,,,,,,,,,,,,0,,0
45563,19/12/2012 22:24,15,55,,,55,57207,3,4.5,0,2.56,0.0084,5,6,211.21,1,24752,3,11,2,0,1,0,,,0,,,,,,,,,,,,,,,,,,,,-1,,,,,0,,0
243292,06/11/2012 18:11,5,219,,,219,93574,1,2,1,1.39,0.0025,4.55,33,38,0,9179,2,2,2,0,1,1,,60.03,1,,,,0,0,,0,0,,,,,,,,,,,,,,0,0,,0,,0
144188,09/05/2013 10:54,5,219,,,219,59451,3,4,0,3.14,0.1075,4.89,12,160,0,25682,1,15,2,1,1,1,,316.34,0,,,,,,,,,,,,,0,0,,,,,,,,0,0,,0,,0
485868,18/12/2012 22:33,5,219,,,219,53664,3,4.5,1,2.56,0.0031,4.72,22,74,0,1721,2,4,1,0,1,1,,286.39,0,,,,0,0,11,0,1,,,,,,,,,,,,,,0,0,11,0,,0
199278,17/06/2013 08:34,5,219,,,100,137646,5,4.5,1,3.61,0.0175,0,9,394,1,982,4,41,1,0,1,0,,2198.46,0,,,,,,,,1,,,,,0,0,,,,,,,,,,,0,,0
232574,11/02/2013 05:20,5,219,,,117,108271,4,4.5,1,4.73,0.0947,5.01,4,82,1,15669,2,11,1,0,1,1,,,0,,,,,1,,0,0,,-1,0,25,0,0,,,,,,,,,,,0,,0
467125,28/06/2013 10:24,5,219,,,219,50674,3,4.5,1,1.1,,0,31,116,0,2960,4,2,4,0,2,0,,1177.01,0,,,,,,,,,,,,,,,,,,,,,,,,,0,,0
382562,05/12/2012 01:54,24,202,,,81,13097,4,4,1,4.47,0.1381,4.71,29,97.02,1,25614,2,24,2,0,1,1,,,0,,,,0,0,,0,0,,0,0,,0,0,,,,,,,,,,,0,,0
485880,08/12/2012 17:28,14,100,,,100,44779,3,4,1,3.18,0.104,5.5,13,131.53,0,6080,1,7,2,0,1,1,,1.89,0,,,,0,0,,,,,,,,0,0,,,,,,,,0,0,,0,,0
95476,11/12/2012 11:32,5,219,,,219,126073,4,4.5,1,3.81,,5.75,28,143,0,305,1,9,1,0,1,1,,,0,,,,,,,0,0,,,,,0,0,,,,,,,,0,0,,0,,0
30672,07/12/2012 08:41,5,219,,,219,92611,4,4.5,1,3.78,0.0661,5.83,20,278,1,277,1,24,2,0,1,0,,331.86,0,,,,1,0,22,1,0,22,,,,1,0,22,,,,,,,1,0,22,0,,0
420199,07/04/2013 21:53,15,55,,,55,48454,2,3.5,1,3.56,0.0772,4.48,10,78.22,1,15784,2,10,1,0,1,0,,,0,,,,,,,,,,,,,0,0,5,,,,1,0,14,,,,0,,0
41963,15/01/2013 17:39,5,219,,,219,97069,2,3.5,1,2.48,,4.31,19,58,0,27044,1,4,2,0,1,1,,202.66,0,,,,0,0,,0,0,7,,,,1,0,25,,,,,,,0,0,,0,,0
294081,27/03/2013 20:05,5,219,,,219,105114,3,3.5,1,0,0.0029,5.04,3,89,0,971,1,5,2,0,1,0,,276.32,1,,,,,,,,,,,,,,,,,,,,,,,,,0,,0
470277,11/01/2013 21:01,15,55,,,4,129382,5,4.5,1,5.02,,5.82,8,164.57,1,5025,3,34,2,0,1,1,,,0,,,,,,,,,,,,,0,0,,,,,,,,,,,0,,0
84548,29/11/2012 13:23,5,219,,,219,25904,2,3.5,1,1.1,0.0108,4.39,8,77,0,19575,3,50,2,2,1,1,,102.45,1,,,,,,,,,,,,,,,,,,,,,,,,,0,,0
50022,07/06/2013 04:04,5,219,,,99,131223,0,4.5,0,5.58,0.6263,0,26,178,0,24390,4,34,2,0,1,1,,5677.77,0,,1,,,,,,,,,,,,1,,,,,,,,,,,0,,0
538065,05/12/2012 08:44,5,219,,,219,123346,3,4.5,1,2.3,0.014,4.75,35,89,0,1986,1,7,2,0,1,0,,8.14,0,,,,0,0,,0,0,25,,,,,,,,,,,,,0,0,,0,,0
282374,04/04/2013 20:20,5,219,,,219,25476,4,3.5,1,5.31,0.0646,5.74,33,373,1,4562,2,14,3,0,1,1,,884.35,0,,,,0,0,17,,,,0,0,14,0,0,14,,,,,,,0,0,14,0,,0
242245,24/01/2013 17:24,32,220,,,98,85926,3,0,0,4.22,,4.58,13,59.57,0,16359,4,101,2,0,1,0,,4978.31,1,,,,,,,,,,,,,,,,,,,,,,,,,0,,0
309225,05/04/2013 09:18,5,219,,,219,103194,0,2,0,2.2,0.0524,4.05,20,57,0,28140,1,33,1,0,1,0,,623.97,0,,,,,,,,,,,,,,1,,,,,,,,,,,0,,0
91355,22/02/2013 20:22,5,219,,,219,20298,4,5,0,3.74,0.1751,6.08,32,499,0,18495,2,86,2,1,1,0,,459.65,0,,,,,,,,,,,,,,,,,,,,,,,,,0,,0
77441,01/04/2013 07:28,5,219,,,219,124629,0,3,0,0,,4.35,33,62,0,483,1,1,2,0,1,0,,64.39,0,,,,,,,,,,,,,,,,,,,,,,,,,0,,0
352592,18/04/2013 08:28,5,219,,,219,77247,3,4.5,1,2.08,0.0588,4.77,16,119,0,4748,1,0,1,0,1,1,,14.31,0,,,,0,-1,,0,0,,,,,0,-1,,,,,,,,0,-1,,0,,0
139275,18/06/2013 21:36,23,181,,,181,49104,4,2.5,1,1.79,0.0004,0,13,177.12,1,12907,1,3,2,0,1,1,,,1,1,0,16,,,,,,,,,,0,0,11,1,0,17,1,0,17,,,,0,,0
256870,01/11/2012 19:23,14,100,,,205,111830,4,4,0,4.04,,5.15,7,122.43,0,317,1,48,1,0,1,0,,7805.83,1,,,,0,0,,0,0,,0,0,,0,0,,,,,,,,,,,0,,0
178851,23/04/2013 21:46,32,220,,,100,132210,4,4,1,4.45,0.243,5.28,1,165.18,1,21871,1,56,4,0,2,0,,9683.25,0,,,,0,0,,,,,,,,0,0,11,,,,,,,,,,0,,0
493458,15/03/2013 22:30,5,100,,,100,42013,3,4,1,3,0.0778,4.94,3,109,1,7933,1,1,2,2,1,1,,54.34,1,,,,0,0,,,,,,,,0,0,,,,,,,,0,0,,0,,0
248983,26/05/2013 08:09,5,219,,,219,67792,4,4.5,1,2.77,0.0643,5.41,1,199,0,23435,1,8,2,0,1,0,,147.3,0,,,,0,0,,0,0,,,,,0,0,,,,,,,,0,0,,0,,0
584988,01/12/2012 19:06,5,219,,,219,111090,3,4,1,1.61,0.0108,4.91,35,99,0,26086,1,56,2,2,1,1,,29,0,,,,0,0,,,,,,,,0,0,,,,,,,,,,,0,,0
108993,23/01/2013 20:27,5,219,,,219,138628,2,3.5,1,0,0.0638,4.56,27,74,0,8721,2,16,2,0,1,1,,,0,,,,0,0,,,,,,,,,,,,,,,,,0,0,,0,,0
141972,24/03/2013 12:39,15,55,,,55,44017,4,4,1,3.76,,4.79,8,115.75,0,3513,2,26,2,0,1,1,,,0,,,,,,,,,,,,,0,0,,0,0,,1,0,7,,,,0,,0
125042,17/05/2013 14:18,5,219,,,219,100969,4,4.5,0,1.39,,4.99,12,142,1,8725,2,0,2,1,1,1,,126.39,0,,,,1,0,25,0,0,,,,,,,,,,,,,,0,0,,0,,0
469806,17/11/2012 07:34,14,100,,,100,25831,4,4.5,0,4.42,0.0271,5.81,13,148.82,1,6792,1,13,2,0,1,1,,,0,,,,1,0,33,,,,,,,1,0,33,,,,,,,1,0,33,0,,0
33912,26/11/2012 12:09,24,216,3.71,121.8,92,111214,3,0,0,2.64,0.0213,4.78,7,73.33,1,27347,1,6,1,0,1,0,,,0,,,,,,,,,,0,0,15,,1,,,,,,,,,-1,,0,,0
603608,11/04/2013 11:55,19,158,,,158,91380,4,3.5,0,4.2,0.0356,4.8,13,77.38,1,18757,4,46,2,0,1,0,,254.25,1,,,,1,0,24,0,0,,0,0,,0,0,,,,,,,,,,,0,,0
125340,22/02/2013 09:43,5,219,,,219,119296,3,5,1,0.69,0.0196,4.98,15,139,0,21177,1,48,1,0,1,1,,,0,,,,,,,,,,,,,,,,,,,,,,0,0,,0,,0
447823,03/11/2012 09:37,5,219,,,219,123268,2,3.5,1,2.83,0.0802,4.68,38,79,0,26531,2,13,2,0,1,1,,100.44,0,,,,0,0,,0,0,,,,,,,,,,,,,,0,0,,0,,0
296012,02/03/2013 11:44,5,219,4,178.48,215,42291,4,4,1,5.09,0.1694,5.27,3,215,0,7363,1,73,2,1,1,0,,4376.24,0,,,,,,,,,,,,,,,,,,,,,,,,,1,195.34,1
561145,24/04/2013 00:40,5,219,,,219,96854,3,3.5,1,1.39,,4.45,25,67,0,5973,1,81,2,0,1,0,-18.4096,106.27,1,,,,0,0,,-1,0,2,,,,,,,,,,,,,0,0,,0,,0
62972,20/02/2013 18:49,15,55,,,109,127629,3,4.5,0,5,0.5816,5.18,12,135.59,0,21531,3,75,2,0,1,0,,,1,,,,,,,,,,,,,,,,,,,,,,,,,0,,0
551070,24/03/2013 23:16,32,220,,,219,100122,5,4,1,3.83,0.5143,5.85,6,341.51,1,13013,6,86,2,1,1,0,,9945.43,1,,,,,,,,,,,,,,,,,,,,,,,,,0,,0
128831,17/05/2013 07:29,5,219,,,219,24168,3,3.5,0,4.9,0.4329,5.27,9,90,1,4045,1,9,2,0,1,0,,0.51,0,,,,,1,,1,0,33,,,,,,,,,,,,,,1,,0,,0
374270,29/05/2013 14:21,24,216,,,93,79260,5,4,1,4.11,0.119,5.27,12,196.37,0,10212,3,36,1,0,1,1,,,0,,,,,,,,,,,,,1,0,25,1,0,25,,,,,,,0,,0
207917,06/01/2013 19:46,5,219,,,219,133869,2,4,1,2.64,0.1896,5.11,2,179,0,1639,1,111,2,0,1,1,,186.83,0,,,,,,,,,,,,,,,,,,,,,,,,,0,,0
583334,16/11/2012 07:26,5,219,,,219,48375,4,3.5,0,3.26,0.134,5.16,6,100,0,26067,1,21,2,0,1,1,,,0,,,,0,0,,0,0,,,,,0,0,,,,,,,,,,,0,,0
226095,27/11/2012 06:18,5,219,,,219,84276,4,4.5,1,3.4,0.3628,5.37,2,220,0,15534,2,3,2,0,1,1,,590.93,0,,,,0,0,,0,0,,,,,0,0,,,,,,,,0,0,,0,,0
92579,20/03/2013 09:56,5,219,,,219,72467,3,4.5,1,2.64,,5.51,3,194,0,12150,4,67,2,2,1,0,-13.0379,680.37,1,,,,,,,,,,,,,,,,,,,,,,,,,1,,0
128173,23/01/2013 20:28,32,220,,,99,48067,3,4,1,5.03,0.6745,5.11,19,112.94,0,8127,6,16,2,0,2,0,,,1,,,,,,,,,,,,,,,,,,,,,,,,,0,,0
377486,20/11/2012 04:29,18,103,3.64,261.3,220,67649,3,3,0,4.49,0.0253,4.66,9,255.06,0,20905,1,1,2,0,1,0,,,0,,,,,,,,,,,,,,,,,,,,,,,,,0,,0
393924,22/06/2013 14:21,24,216,,,216,37215,3,4,0,3.93,0.0103,0,2,30.95,0,28172,2,0,1,0,1,1,,,0,,,,,,,,,,,1,,,,,,,,,,,,,,0,,0
103869,10/04/2013 16:40,5,219,,,100,138809,2,0,0,3.43,,4.62,27,88,0,18948,1,69,2,0,1,0,,1720.1,0,,,,,,,,,,,,,,,,,,,,,,,,,0,,0
123231,18/11/2012 17:10,5,219,,,219,68833,2,3.5,1,3.5,0.0799,5,29,55,0,26067,2,36,2,0,1,0,,153.79,0,,,,0,0,,0,0,,,,,-1,0,10,,,,,,,,,,0,,0
320270,16/05/2013 06:38,5,219,,,219,78979,3,3.5,1,2.48,0.0497,5.01,13,95,0,9088,2,9,1,0,1,1,,967.85,0,,,,-1,0,19,-1,0,19,,,,0,0,,,,,,,,-1,0,21,0,,0
545217,09/04/2013 10:15,14,100,,,219,129520,2,2.5,0,0.69,0.0112,4.29,2,44.27,1,25733,1,1,2,0,1,0,,262.62,0,,,,,,,,,,,,,,,,,,,,,,,,,0,,0
26763,30/05/2013 15:15,5,219,,,219,9522,3,4,1,4.66,0.3897,5.6,30,213,1,15208,3,21,2,2,1,1,,3347.71,0,,,,0,0,,,,,,,,0,0,,,,,,,,0,0,,0,,0
229622,16/05/2013 19:45,5,219,,,219,45344,2,3,1,2.08,0.4422,5.72,4,50,1,22618,1,1,1,1,1,1,,90.47,0,,,,0,0,,,,,,,,,,,,,,,,,0,0,,0,,0
404653,16/12/2012 10:53,5,219,,,219,97574,2,2.5,1,3.91,0.1258,5.01,10,71,1,27770,4,22,2,0,1,0,,2579.75,0,,,,0,1,,0,0,,,,,0,0,,,,,,,,0,0,,0,,0
75503,07/04/2013 21:40,5,219,,,219,42364,2,4,1,2.48,0.0697,4.15,12,70,0,13104,1,68,2,2,1,1,,2044.34,0,,,,,,,,,,,,,,,,,,,,,,,,,0,,0
578610,12/01/2013 15:57,5,219,,,219,115731,3,4,1,4.42,0.1973,4.89,32,88,0,11323,2,62,2,0,1,1,,77.3,0,,,,0,0,,0,0,,,,,0,0,,,,,,,,0,0,,0,,0
475959,01/01/2013 14:07,5,219,,,219,22523,3,4,1,2.4,0.0517,4.53,32,85,0,7258,1,9,2,0,1,1,,940.94,1,,,,0,0,,0,0,,,,,,,,,,,,,,0,0,,0,,0
355397,12/03/2013 08:26,5,219,,,219,111330,2,5,1,1.1,,4.81,15,110,0,17235,1,35,2,0,1,0,,198.58,0,,,,,,,,,,,,,,,,,,,,,,,,,0,,0
180878,25/04/2013 12:25,5,219,,,219,76743,2,4,0,2.83,,4.73,29,109,0,28267,2,15,2,0,1,1,,,0,,,,,,,,,,,,,,,,,,,,,,,,,0,,0
78379,10/02/2013 17:04,14,100,,,219,81937,3,4.5,0,1.1,0.0274,4.9,35,88.82,0,23452,1,6,2,1,1,1,,284.53,0,,,,0,0,,0,0,,,,,-1,0,66,,,,,,,0,0,,0,,0
42716,25/02/2013 08:01,15,55,,,55,123321,3,3,1,0,0.2213,4.42,6,78.86,0,24809,2,18,2,0,1,1,,,0,,,,,,,,,,,,,,,,,,,,,,,,,0,,0
115133,07/11/2012 12:36,24,216,,,117,99258,4,0,0,1.1,,4.67,30,78.03,0,11399,1,59,1,0,1,1,,,0,,,,1,0,118,1,0,118,0,0,,,,,,,,,,,,,,0,,0
46992,22/01/2013 13:01,5,219,,,219,38443,3,4,1,2.4,,4.66,16,64,1,8725,2,1,2,0,1,0,,12.02,0,,,,-1,0,10,-1,0,10,,,,,,,,,,,,,-1,0,10,0,,0
355501,10/04/2013 11:57,14,100,,,100,44713,2,0,0,3.66,,4.62,26,93.67,0,20438,7,26,2,0,1,0,,803.14,1,,,,,,,,,,,,,,,,,,,,,,,,,0,,0
372484,08/01/2013 11:41,15,55,,,132,32014,3,4,1,2.08,0.3429,4.88,1,102.76,0,15711,1,7,1,0,1,0,,,0,,,,,,,,,,,,,0,0,,1,0,11,,,,,,,0,,0
226239,12/12/2012 20:44,32,220,,,219,10746,5,4.5,1,5.86,0.6817,6.21,32,270.18,1,24700,7,52,2,0,1,0,,10368.88,0,,,,0,0,,1,0,11,,1,,0,0,,,,,,,,0,0,,0,,0
322293,05/03/2013 22:53,5,219,,,31,73704,0,4,0,5.43,0.4136,4.82,12,97,0,28197,3,29,1,1,1,0,,5155.12,0,,,,,,,,,,,,,,,,,,,,,,,,,0,,0
545882,23/12/2012 11:44,32,220,,,219,97451,3,4,1,2.4,,5.18,29,128.91,0,12566,1,74,3,0,1,1,,,1,,,,,,,,,,,,,,,,,,,,,,,,,0,,0
393100,27/12/2012 12:04,5,219,,,219,47748,3,4,1,0.69,,4.78,21,124,0,25882,1,3,2,0,1,0,,214.02,0,,,,0,0,,0,0,,,,,,,,,,,,,,0,0,,0,,0
218814,09/05/2013 11:42,5,219,,,219,124644,3,4.5,1,2.4,0.2752,4.62,3,107,0,6653,4,30,2,0,1,1,,682.44,0,,,,0,0,,0,0,,,,,,,,,,,,,,0,0,,1,500.31,1
265280,04/06/2013 15:10,5,219,2.35,79.71,219,27470,3,4.5,1,1.1,0.0723,0,4,143,0,14337,7,5,1,0,1,0,,933.31,0,,,,0,0,,0,0,,,,,0,0,,,,,,,,0,0,,0,,0
186826,27/02/2013 17:41,5,219,,,219,115779,4,4,1,3.04,0.0079,5.49,21,232,1,3073,6,103,1,1,2,0,,309.34,0,,,,,,,,,,,,,,,,,,,,,,,,,0,,0
143545,18/12/2012 16:35,5,219,,,219,65987,3,4,1,4.26,0.3122,5.22,2,119,0,9412,1,12,2,3,1,0,,538.8,0,,,,0,0,,0,0,,,,,0,0,,,,,,,,0,0,,0,,0
297063,27/03/2013 19:53,5,219,,,219,29818,3,4.5,1,2.83,0.0946,5,3,110,0,16048,2,2,2,0,1,1,,389.03,0,,,,,,,,,,,,,,,,,,,,,,,,,0,,0
60951,20/05/2013 13:40,5,219,,,219,110229,3,3.5,1,3.14,,4.71,6,103,0,8178,1,6,2,0,1,0,,131.45,1,,,,,,,,-1,,,,,,,,,,,,,,,,,0,,0
199805,29/06/2013 09:54,5,219,,,219,28269,0,3.5,1,1.1,0.1181,0,3,117,0,2610,2,11,2,0,1,0,,,0,,,,,,,,,,,,,,,,,,,,,,,,,0,,0
454055,10/04/2013 06:09,5,219,,,219,57690,2,3,1,2.83,0.1108,4.83,4,84,0,11846,1,21,1,0,1,0,,335.26,0,,,,0,0,,0,0,,,,,1,0,17,,,,,,,0,0,,0,,0
11478,09/11/2012 16:59,5,98,,,98,105992,4,4,0,4.11,0.0884,4.4,28,85,0,4862,1,7,2,0,1,1,,,1,,,,-1,0,27,,1,,-1,0,27,-1,0,27,,,,,,,,,,0,,0
529895,22/11/2012 05:59,5,219,,,219,54818,3,3.5,1,3.5,0.0022,5.47,34,108,0,18774,1,69,2,0,1,0,,,0,,,,,,,,,,,,,,,,,,,,,,,,,0,,0
206990,15/02/2013 00:20,5,137,,,219,23212,4,4.5,1,5.83,0.1755,6.12,13,459,1,4562,8,213,2,2,1,0,,,0,,,,,,,,,,,,,,,,,,,,,,,,,0,,0
597366,18/03/2013 20:12,5,219,,,219,23862,3,4.5,0,3.53,0.0343,4.83,25,99,1,14109,1,1,2,0,1,0,,75.53,0,,,,,,,,,,,,,,,,,,,,,,,,,0,,0
380823,12/12/2012 00:17,5,219,,,129,96646,4,3.5,1,1.39,,5.11,22,84,1,28398,1,80,2,0,1,1,,5984.87,0,,,,,,,,,,,,,,,,,,,,,,,,,0,,0
425783,30/01/2013 05:32,5,219,,,53,44341,5,5,0,1.1,,5.94,21,244,0,13791,1,30,2,1,1,1,,8627.53,0,,,,,,,,,,,,,0,0,,,,,,,,,,,0,,0
91629,27/05/2013 13:42,24,216,,,39,65855,4,4,0,4.43,0.1482,5.49,4,378.6,1,15122,4,115,2,0,1,1,,,0,,,,0,0,,1,0,28,0,0,,0,1,,,,,,,,,,,0,,0
293432,23/02/2013 04:02,5,55,,,55,72120,3,3.5,0,4.25,0.0981,4.94,13,76,0,10475,3,44,1,0,1,0,,,0,,,,,,,,,,,,,,,,,,,,,,,,,0,,0
85341,31/01/2013 19:33,14,100,,,117,88683,4,4,0,4.57,0.2454,4.24,28,48.13,1,25313,3,3,2,0,1,0,,5616.91,1,,,,1,0,21,,1,,,,,-1,0,14,,,,,,,-1,0,15,0,,0
479860,08/03/2013 07:44,15,55,,,31,31443,3,4,0,6.42,0.1195,5.46,32,168.66,0,7573,2,286,4,0,1,1,,,0,,,,,,,,,,,,,,,,,,,,,,,,,0,,0
473973,20/06/2013 18:18,16,31,,,55,885,4,3.5,0,5.67,0.0447,0,33,1024.59,0,10979,1,6,1,1,1,0,,1192.85,0,,,,,,,,,,,,,,1,,,,,,,,,1,,0,,0
22182,05/11/2012 08:51,5,23,,,219,121062,3,5,1,0.69,0.0528,4.89,3,108,0,14643,10,12,1,0,1,0,,,0,,,,,,,,,,,,,,,,,,,,,,0,0,,0,,0
390042,28/01/2013 13:07,32,220,,,220,4948,4,4.5,1,1.61,,4.89,22,125.01,0,11824,2,9,2,0,1,0,,457.77,0,,,,,,,,,,-1,0,4,-1,0,4,,,,,,,,,,0,,0
5232,24/04/2013 14:07,5,60,,,215,44643,3,3,0,0.69,0.0005,4.76,29,67,0,2303,4,4,2,0,1,0,,,1,,,,,,,,,,,,,,1,,,,,,1,,,,,0,,0
596959,19/02/2013 09:40,5,219,,,219,131344,5,5,1,4.58,0.1824,6.21,25,395,0,8114,1,51,2,0,1,1,,93.33,0,,,,,1,,1,0,13,,,,0,0,,,,,,,,0,0,,0,,0
573823,21/04/2013 20:43,18,91,,,99,52058,4,4,1,5,0.1412,5.41,17,144.89,0,7961,2,18,2,1,1,1,,,0,1,0,7,,,,,,,,,,0,0,,0,0,,0,0,,,,,0,,0
241595,02/03/2013 13:54,5,219,,,219,102667,3,4.5,0,1.1,0.1159,5.16,4,149,0,5903,1,0,2,0,1,1,,50.14,0,,,,,,,,1,,,,,,,,,,,,,,,1,,0,,0
60645,01/05/2013 13:24,5,219,,,219,37937,2,5,1,1.1,0.0114,4.71,16,95,0,18578,3,53,2,0,1,0,,148.75,0,,,,,,,,,,,,,,,,,,,,,,,,,0,,0
342637,22/04/2013 17:06,5,219,,,219,139388,2,4,1,1.61,0.0288,5.22,18,200,0,23129,1,12,2,0,1,1,-25.8021,,0,,,,0,0,20,,,,0,0,19,,1,,,,,,,,0,0,19,0,,0
259004,14/01/2013 20:54,32,220,,,55,47610,3,3.5,0,5.27,0.3535,5.11,24,112.02,1,25801,2,63,2,0,1,0,,,0,,,,,,,,,,,,,,,,,,,,,,,,,0,,0
539497,08/03/2013 06:40,5,219,,,219,60860,3,3,0,2.3,0.0745,4.4,26,399,0,7246,1,15,2,0,1,1,,189.75,0,,,,,,,,1,,,,,,,,,,,,,,,,,0,,0
386498,19/11/2012 18:14,13,81,,,39,59797,3,3,0,3.74,,4.6,7,54.18,0,3465,1,1,2,0,1,0,,,1,,,,,,,,,,,,,,,,,,,,,,,,,0,,0
555674,30/12/2012 18:05,5,219,2.29,72.38,219,102683,3,4.5,1,0,0.0028,5.21,26,152,0,67,3,9,1,0,1,0,,2194.94,0,,,,,,,,,,,,,,,,,,,,,,,,,0,,0
569407,07/04/2013 22:17,5,219,,,219,15327,4,4,0,0.69,0.0306,4.95,7,120,0,22723,2,158,2,0,1,1,,732.56,1,,,,,,,,,,,,,,,,,,,,,,,,,0,,0
438578,22/01/2013 18:57,5,219,,,31,237,4,4,0,6.5,0.2713,5.62,13,108,1,23495,2,2,2,0,1,1,,5088.96,1,,,,,,,,,,,,,0,0,,0,0,,,1,,,,,0,,0
133690,24/06/2013 19:34,14,100,,,219,62148,3,4.5,1,1.79,0.0598,0,2,95.23,0,2346,1,3,2,0,1,1,,253.8,0,,,,0,0,,,,,,,,,,,,,,,,,0,0,,1,116.65,1
182273,29/03/2013 22:08,5,219,,,225,327,4,4.5,0,3.66,0.0385,5.36,12,177,0,11308,2,16,3,1,1,0,,6478.08,0,,,,0,0,,0,0,,1,0,4,0,0,,,,,,,,,,,0,,0
56369,05/06/2013 15:59,19,158,,,158,132597,3,0,0,2.71,0.044,0,7,65.13,0,5043,1,10,2,0,1,1,,,0,,,,,,,,,,,,,,,,,,,,,,,,,0,,0
26526,09/03/2013 09:08,5,219,,,219,95884,3,3.5,1,1.39,,5.05,14,109,0,8805,1,0,1,0,1,1,,263.6,0,,,,0,0,,0,0,,,,,0,0,3,,,,,,,0,0,,0,,0
486745,16/05/2013 05:31,5,219,,,219,120144,4,4,1,3.47,0.3947,5.18,4,149,0,4041,1,3,2,0,1,0,,72.6,0,,,,,,,0,0,,,,,0,0,,,,,,,,0,0,,0,,0
454247,02/02/2013 10:48,5,219,,,219,9812,3,3.5,1,2.89,0.0586,4.75,16,89,1,13539,2,9,2,2,1,0,,2556.64,0,,,,0,0,72,,,,,,,0,0,72,,,,,,,,,,0,,0
538793,01/12/2012 11:33,5,219,,,219,50450,3,3.5,1,0,0.001,4.41,14,83,0,4182,5,124,2,0,1,0,,420.96,0,,,,0,0,,,,,,,,,,,,,,,,,,,,0,,0
227206,04/03/2013 14:51,5,219,,,219,104517,4,4,1,4.16,0.2534,5.29,19,146,1,8192,1,83,1,0,1,0,,2085.34,1,,,,0,0,,0,0,,,,,0,0,,,,,,,,0,0,,0,,0
489037,08/05/2013 13:08,5,219,,,219,560,3,4.5,1,0,0.0022,5.89,8,363,0,17713,2,24,2,0,1,1,,65.32,0,,,,0,0,,0,1,,,,,,,,,,,,,,0,0,,0,,0
226526,25/01/2013 14:44,15,55,,,55,49612,3,4,0,5.13,0.1548,4.98,25,60.04,0,20334,1,2,2,0,1,0,,,0,,,,,,,,,,,,,0,0,,,,,,,,,,,0,,0
285392,15/01/2013 04:55,5,219,,,219,10582,4,4.5,1,3.78,,5.91,14,249,0,1154,1,9,1,0,1,1,,41.37,1,,,,-1,0,26,-1,0,26,,,,0,0,26,,,,,,,-1,0,26,0,,0
195099,09/06/2013 18:21,14,100,,,100,45462,4,4,1,3.97,0.0955,0,3,204.96,0,13927,4,35,2,0,1,0,,136.6,1,,,,,,,,,,,,,0,0,,,,,,,,,,,0,,0
112936,23/12/2012 23:11,14,100,,,100,38398,3,2.5,0,3.47,0.098,5.14,26,76.52,0,20216,2,26,2,0,1,1,,185.6,1,,,,,,,,,,,,,,,,,,,,,,,,,0,,0
56172,03/01/2013 16:56,5,219,,,219,53094,3,4.5,0,2.08,0.002,5.22,4,179,0,4335,1,16,2,0,1,1,,83.41,1,,,,,,,,,,,,,,,,,,,,,,,,,0,,0
482048,01/05/2013 10:57,5,219,,,219,80709,3,3.5,0,5.16,,5.37,29,277,1,13430,2,58,2,0,1,1,,41.8,1,,,,0,0,,0,0,,,,,0,0,9,,,,,,,0,0,9,0,,0
566577,20/02/2013 08:19,5,219,,,219,129374,3,4,1,1.95,0.0171,4.83,12,80,0,27669,2,30,4,0,2,1,,161.88,0,,,,0,0,,,,,,,,,,,,,,,,,,,,0,,0
320739,04/04/2013 07:58,5,219,,,219,73868,3,5,1,0,,4.96,1,116,0,23090,3,268,9,2,4,1,,549.78,1,,,,,,,,,,,,,,,,,,,,,,,,,0,,0
270762,11/12/2012 16:44,5,219,,,219,49953,2,4.5,1,0.69,0.0348,4.45,21,65,0,16974,1,15,4,0,2,0,,1096.51,0,,,,0,0,,0,0,,,,,,,,,,,,,,0,0,,0,,0
447654,08/01/2013 06:56,5,219,2.82,100.83,219,38693,3,4,1,0.69,,4.69,20,78,1,7583,1,0,2,0,1,0,,216.36,0,,,,,,,,,,,,,,,,,,,,,,,,,0,,0
575919,25/05/2013 17:49,5,219,,,219,85065,4,4,1,4.58,0.1415,5.51,24,234,1,18774,4,31,1,3,1,0,,597.59,0,,,,0,0,,,1,,,,,0,0,,,,,,,,,,,0,,0
83216,20/03/2013 16:22,15,70,,,215,67666,2,4,0,5.08,,4.66,27,72.47,0,3703,1,3,2,0,1,1,,,0,,,,,,,,,,,,,,-1,,,,,,,,,,,0,,0
336179,26/01/2013 11:37,5,219,,,219,7880,4,4.5,1,5.88,0.6749,6.21,3,170,0,24700,1,12,4,1,1,1,,2460.62,0,,,,,,,0,0,,,,,0,0,,,,,,,,0,0,,0,,0
311912,14/06/2013 13:18,5,219,,,219,114777,4,4.5,1,4.81,0.2684,0,21,244,0,15208,4,73,2,0,1,0,,3894,1,,,,,,,,,,,,,,,,,,,,,,,,,0,,0
10430,30/11/2012 23:11,19,158,,,219,85358,3,3.5,1,2.2,0.0579,4.69,4,127.98,0,13263,1,5,1,0,1,0,,8422.54,0,,,,-1,0,12,-1,0,12,,,,-1,0,12,,,,,,,-1,0,12,0,,0
533001,01/02/2013 20:28,18,114,,,138,20110,3,4,1,3.76,0.0866,5.52,4,184.12,1,26389,4,222,1,0,1,0,,,0,,,,,,,,,,,,,,,,,,,,,,,,,0,,0
353559,15/06/2013 12:29,5,219,,,219,62432,3,4.5,1,3.09,0.196,0,35,87,0,16823,1,3,1,0,1,0,,72.43,0,,,,0,0,14,0,1,14,,,,0,0,14,,,,,,,0,0,14,0,,0
185367,07/02/2013 20:16,5,219,3.5,160.69,13,85988,2,4,0,4.17,0.3214,4.4,10,64,0,24333,4,84,1,0,1,1,,4652.66,1,,,,,,,,,,,,,,,,,,,,,,,,,0,,0
479673,11/04/2013 13:41,5,219,,,100,121368,4,4,1,2.08,0.0744,5.87,2,333,1,21087,2,116,1,0,1,0,,1843.49,1,,,,,,,,,,,,,,,,,,,,,,,,,0,,0
83670,08/01/2013 16:55,5,219,,,219,103641,3,4,1,3.09,0.4604,5.09,8,137,0,9950,1,11,2,0,1,1,-9.7956,87.24,0,,,,,,,,,,,,,1,0,14,,,,,,,0,0,,0,,0
388639,28/01/2013 05:32,14,100,,,100,34864,3,4,1,1.1,0.0206,5.54,16,153.04,0,14101,2,8,2,0,1,0,,2.48,0,,,,,,,,,,,,,,,,,,,,,,0,0,,0,,0
5265,22/02/2013 11:31,5,219,,,219,122231,3,3.5,0,3.14,0.0126,5.48,14,283,0,27730,4,69,8,0,2,1,,1363.71,1,,,,,,,,,,,,,,,,,,,,,,,,,0,,0
309036,24/12/2012 00:10,5,219,,,219,59781,5,4.5,1,4.32,0.2581,5.8,4,154,1,8192,2,2,2,1,1,0,,218.74,0,,,,0,0,,0,0,,,,,0,0,,,,,,,,0,0,,0,,0
600608,06/02/2013 16:01,12,99,,,99,91820,4,4,1,3.26,0.4319,5.08,9,173.11,0,18368,2,9,2,0,1,1,,,0,,,,,,,,,,,,,0,0,,0,0,,0,0,,,,,0,,0
371279,05/06/2013 14:01,11,103,3.85,236.4,220,112147,0,0,1,1.95,0.3895,0,4,163.41,0,17306,1,83,2,1,1,0,,,1,,,,,,,,,,,,,,,,,,,,,,,,,0,,0
451500,31/05/2013 11:47,15,55,,,219,90845,4,4,1,4.16,0.2573,4.94,2,45.6,1,8192,3,54,1,0,1,0,,,1,,,,0,0,,1,0,14,,,,,1,,,,,,,,,,,0,,0
485069,30/11/2012 08:29,5,219,,,219,95166,3,4,1,2.71,0.0811,4.71,3,87,0,25964,2,0,1,0,1,1,,1754.24,0,,,,0,0,,0,0,4,,,,,,,,,,,,,0,0,5,0,,0
313632,18/04/2013 05:49,5,127,,,219,29426,2,3,1,1.79,0.0201,4.63,1,55,0,20459,1,0,1,0,1,1,,,0,,,,1,1,12,1,0,12,,,,,,,,,,,,,,,,0,,0
572977,08/03/2013 16:48,5,219,,,219,33339,2,3,1,1.79,,4.79,34,89,0,17248,1,1,1,0,1,1,,10.86,0,,,,0,0,,,,,,,,,,,,,,,,,0,0,,0,,0
243888,10/11/2012 12:05,5,219,,,219,98772,3,4.5,1,1.39,,4.86,7,110,0,7135,2,20,2,2,1,1,,133.11,0,,,,,,,,,,,,,,,,,,,,,,,,,0,,0
542759,23/06/2013 16:45,5,219,,,219,110991,3,5,1,0,,0,8,115,0,12528,2,1,2,0,1,0,,88.62,0,,,,,,,,,,,,,,,,,,,,,,0,0,,0,,0
59571,24/04/2013 17:50,5,219,,,219,55467,2,3,1,3.26,,4.51,16,52,0,5206,1,5,1,0,1,0,,1.83,1,,,,1,0,19,1,0,50,,,,-1,0,5,,,,,,,-1,0,5,0,,0
526288,12/06/2013 22:07,5,219,,,219,44976,3,4.5,1,0.69,,0,7,121,1,7587,5,5,2,1,1,0,,,0,,,,0,0,,0,0,,,,,,,,,,,,,,0,0,,0,,0
338951,25/06/2013 07:46,5,219,3.81,335.49,219,130258,5,5,1,3.66,,0,26,364,1,2045,3,62,1,0,1,0,,41.24,0,,,,,,,,,,,,,,,,,,,,,,,,,0,,0
155884,24/05/2013 10:12,5,219,,,219,99567,2,2.5,0,2.4,0.0116,4.3,36,60,0,18712,2,12,1,0,1,0,,1284.14,0,,,,0,0,,,,,,,,,1,,,,,,,,0,0,,0,,0
204219,23/02/2013 20:35,32,220,,,219,140132,4,4,1,3.53,0.2428,5.52,10,148.61,0,24373,1,111,2,1,1,1,,7510.29,1,,,,1,0,134,,,,,,,0,1,,,,,,,,,,,1,,0
560389,10/04/2013 17:13,15,55,,,55,11352,4,3.5,1,1.61,0.0012,4.78,35,98.13,1,10979,1,6,2,0,1,0,,,1,,,,,,,,,,,,,0,0,,,,,,,,,,,0,,0
421761,17/06/2013 22:51,32,220,,,220,30163,4,3,0,3.69,0.3326,0,32,111.67,0,11813,3,38,2,2,1,1,,,1,,,,,,,,,,,,,,,,,,,,,,,,,0,,0
296908,16/02/2013 09:51,5,219,,,219,41988,3,3.5,0,5.11,0.3811,5.06,34,109,0,8812,2,49,3,0,1,1,,938.29,0,,,,0,0,,0,0,,,,,0,0,,,,,,,,0,0,,0,,0
498452,05/06/2013 07:41,5,219,,,219,42536,3,4.5,1,1.39,0.648,0,2,114,0,23872,1,3,2,0,1,1,-6.2679,90.06,0,,,,0,0,,0,0,,,,,,,,,,,,,,0,0,,1,126.06,1
218964,12/06/2013 18:48,5,219,,,99,127089,3,4.5,0,4.92,0.0895,0,2,212,0,22261,4,137,5,0,2,0,,,1,,,,,,,,,,,,,,,,,,,,,,,,,0,,0
576971,21/04/2013 09:05,14,100,,,219,72170,3,4,1,1.1,0,4.84,1,92.54,1,23794,2,27,6,4,3,1,,138.96,0,,,,,,,,,,,,,,,,,,,,,,,,,1,612.51,1
108993,23/01/2013 20:27,5,219,,,219,65661,2,2,0,0,0.0052,4.66,36,79,0,8721,2,16,2,0,1,1,,,0,,,,0,0,,,,,,,,,,,,,,,,,-1,0,6,0,,0
213807,30/05/2013 15:04,5,219,,,219,72316,3,3.5,1,2.4,,4.84,33,98,0,9384,1,1,2,1,1,1,,,0,,,,0,0,,0,0,,,,,,,,,,,,,,0,0,,0,,0
570707,15/05/2013 23:01,5,219,,,100,28585,4,4.5,1,1.1,0.0135,5.18,37,139,0,6792,2,2,2,0,1,1,,,0,,,,0,0,,,,,,,,0,0,,,,,,,,0,0,,0,,0
516332,13/12/2012 02:06,15,205,,,55,74809,3,4,1,0,0.004,4.96,30,128.91,0,15850,1,0,1,0,1,1,,,0,,,,,,,,,,,,,,,,,,,,,,,,,0,,0
498473,06/06/2013 08:57,5,219,,,100,44779,3,4,1,3.18,0.0225,0,10,1289,0,18139,3,4,1,1,1,0,,1058.67,0,,,,,,,,,,,,,,,,,,,,,,,,,0,,0
240629,20/03/2013 08:45,11,103,,,103,37170,5,5,0,4.26,0.1293,5.49,33,370.16,0,18191,1,0,1,0,1,0,,,0,,,,-1,0,18,,1,,-1,0,42,,,,,,,,,,,,,0,,0
136405,24/04/2013 10:19,5,219,,,219,80689,0,3.5,1,1.61,0.0435,4.73,9,62,0,20322,1,25,1,0,1,0,,218.43,1,,,,1,0,12,,,,,,,,1,,,,,,,,1,0,11,0,,0
403451,11/06/2013 18:07,5,219,,,100,122468,2,4,1,4.36,0.1557,0,33,167,0,17311,4,13,4,0,2,0,,231.02,1,,,,0,0,,,,,,,,-1,0,5,,,,,,,-1,0,5,0,,0
186825,09/06/2013 20:59,31,219,,,59,46738,3,3.5,0,3.43,0.0319,0,15,65,1,1785,3,13,4,2,2,1,,1111.45,0,,,,-1,0,21,,,,,,,1,0,23,,,,,,,,,,0,,0
227137,05/01/2013 14:42,14,100,,,35,18198,3,5,0,1.1,,4.76,30,69.89,0,25091,2,18,2,0,1,0,,2344.12,0,,,,,,,,,,,,,,,,,,,,,,,,,0,,0
325432,07/03/2013 13:03,5,219,,,220,79090,0,0,1,0,0.1346,5.01,6,123,0,1967,1,19,2,0,1,0,,7900.03,0,,,,,,,,,,,,,,,,,,,,,,,,,0,,0
436542,18/02/2013 11:35,5,219,,,219,36156,3,4.5,0,3.3,0.0352,4.85,32,123,0,9587,4,73,2,0,1,1,,,1,,,,,,,,,,,,,,,,,,,,,,,,,0,,0
464007,14/02/2013 09:56,11,103,,,103,30896,4,0,0,0,,4.54,33,262.06,0,16942,1,11,2,0,1,0,,,0,,,,,,,,,,,,,,,,,,,,,,,,,0,,0
264065,01/05/2013 11:41,5,219,,,219,92724,3,4.5,1,2.4,0.0602,5.16,24,120,0,26531,8,206,2,1,1,0,,627.26,1,,,,,,,,,,,,,,,,,,,,,,,,,0,,0
125015,29/01/2013 09:16,5,219,,,219,73931,2,3,1,0,,4.56,15,104,0,21088,2,143,3,1,1,1,,217.81,0,,,,,,,,,,,,,,,,,,,,,,,,,0,,0
272586,25/02/2013 07:44,5,219,,,219,20798,3,4,1,1.1,,5.08,34,189,0,27522,1,5,1,0,1,1,,19.85,1,,,,0,0,,0,0,,,,,,,,,,,,,,0,0,,0,,0
512057,03/01/2013 08:50,5,219,,,219,65125,3,4,0,1.61,0.1956,4.93,10,117,1,15913,3,49,1,0,1,1,,609.01,1,,,,,,,,,,,,,,,,,,,,,,,,,0,,0
271405,16/06/2013 13:30,31,219,,,219,58490,3,4.5,1,2.2,0.1153,0,26,239,0,20820,1,13,2,0,1,1,,373.27,0,,,,0,0,,,,,,,,0,0,,,,,,,,,,,0,,0
266098,19/04/2013 10:53,5,219,,,219,113098,3,4.5,1,2.48,0.2147,4.59,8,159,0,15846,3,5,1,0,1,0,,763.16,0,,,,0,0,5,1,0,3,,,,0,0,5,,,,,,,-1,0,9,0,,0
463661,25/11/2012 21:50,14,100,,,100,20013,4,4,1,2.94,0.1106,5.26,7,101.72,0,18825,1,13,2,0,1,1,,6.33,1,,,,1,0,27,,,,,,,0,0,,,,,,,,0,0,,0,,0
82077,07/06/2013 14:12,5,219,,,219,85430,3,3.5,1,3.53,0.0259,0,21,128,1,8347,5,5,2,0,1,0,,768.14,0,,,,0,0,25,0,0,25,,,,0,0,25,,,,,,,0,0,25,0,,0
535346,10/01/2013 20:42,5,219,,,4,7905,3,5,0,2.71,0.003,4.4,24,45,0,1551,2,4,1,0,1,0,,5202.5,0,,,,,,,,,,,,,0,0,,,,,1,0,164,,,,0,,0
130622,19/04/2013 19:26,5,219,,,99,98256,3,4,0,4.64,,4.68,12,57,0,9707,10,56,1,1,2,0,-10.4038,5335.82,0,,,,,,,,,,,,,,,,,,,,,,,,,0,,0
551911,23/03/2013 09:54,5,219,,,219,47056,3,3.5,0,3.56,0.4941,4.85,3,77,0,24950,1,157,2,0,1,0,,889.92,0,,,,,,,,,,,,,,,,,,,,,,,,,0,,0
29410,05/06/2013 09:56,5,219,,,219,4472,4,4,1,4.11,,0,27,489,0,25514,1,0,2,0,1,0,,,0,,,,,,,,,,,,,,,,,,,,,,,,,0,,0
37537,10/05/2013 07:34,5,219,,,219,46743,3,4.5,1,3.43,0.0876,5.14,10,149,0,21689,1,7,6,6,3,1,,,0,,,,0,0,,0,0,,,,,0,0,,,,,,,,0,0,,0,,0
407012,11/01/2013 16:37,5,219,,,219,135499,3,4.5,1,5.7,0.1609,5.91,14,224,0,4562,1,7,3,0,1,1,,1439.07,0,,,,,,,0,0,,0,0,,0,0,6,,,,,,,0,0,,0,,0
38315,15/02/2013 16:26,5,219,,,219,107389,4,4,1,2.56,0.154,5.14,15,159,0,8156,1,5,2,0,1,0,-10.2756,52.75,0,,,,0,0,,0,0,,,,,0,0,,,,,,,,0,0,,0,,0
410133,05/02/2013 18:07,5,219,,,219,567,2,2.5,1,0.69,0.0042,4.87,27,53,0,4324,2,1,2,0,1,0,,24.26,0,,,,0,0,,0,0,,,,,,,,,,,,,,0,0,,0,,0
308476,25/03/2013 20:48,5,219,,,219,86635,3,4.5,1,0,0.0427,4.72,18,121,0,6471,1,1,2,0,1,0,-22.4097,602.85,0,,,,0,0,,,,,,,,,,,,,,,,,,,,0,,0
280503,25/03/2013 20:26,5,219,,,219,106930,3,4.5,1,1.1,0.0121,5.01,30,157,0,9922,3,2,2,0,1,0,,80.73,0,,,,0,0,,0,0,,,,,0,0,,,,,,,,0,0,,0,,0
180591,26/01/2013 12:02,5,219,,,219,104546,4,3.5,0,4.37,0.1252,5.44,33,153,0,4138,7,183,3,4,3,0,,1082.08,1,,,,,,,,,,,,,,,,,,,,,,,,,0,,0
575900,02/11/2012 21:43,5,219,,,219,71207,3,3.5,0,0.69,0.002,4.85,19,119,0,18185,2,7,2,0,1,1,,121.94,1,,,,,,,,,,,,,,,,,,,,,,,,,0,,0
304621,18/04/2013 18:03,5,219,,,129,9551,4,4,1,1.61,0.0542,4.8,20,81,0,2343,1,104,2,0,1,0,,,1,,,,,,,,,,,,,,,,,,,,,,,,,0,,0
111130,17/06/2013 12:20,5,219,,,219,67369,3,4.5,1,2.77,0.1747,0,12,134,0,16135,1,0,2,0,1,0,-33.8013,81.85,0,,,,0,0,,0,0,,,,,,,,,,,,,,0,0,,0,,0
527046,30/04/2013 15:31,5,219,,,219,121551,3,0,1,1.61,,0,31,140,0,6346,1,40,2,0,1,0,-34.6105,107.69,0,,,,,,,,,,,,,,,,,,,,,,,,,0,,0
600932,06/11/2012 00:22,25,215,,,215,128971,0,0,0,2.83,,4.54,16,179.4,0,19450,1,2,2,0,1,1,,,0,,,,,,,,,,,,,-1,0,33,,,,,1,,,,,0,,0
369222,16/02/2013 17:35,24,216,,,73,111987,3,3.5,0,4.89,0.3903,4.62,2,61.78,0,50,1,147,1,0,1,1,,,1,,,,,,,,,,,,,,,,,,,,,,,,,0,,0
474455,24/03/2013 14:07,5,219,,,219,58163,4,4,1,4.92,0.6846,6.02,31,255,0,4045,1,4,2,0,1,1,,,0,,,,0,0,,0,0,,,,,0,0,,,,,,,,0,0,,0,,0
347653,25/06/2013 18:42,24,216,,,216,56208,4,4,1,0.69,0.0305,0,3,207.03,0,25055,1,11,1,0,1,1,,,0,,,,0,0,,0,0,,,,,1,0,9,,,,,,,,,,0,,0
214667,31/05/2013 11:34,15,55,3.9,187.71,99,78885,0,4,1,3.64,,4.76,20,221.92,0,13416,1,3,1,0,1,0,,,0,,,,,,,,,,,,,,,,,,,,,,,,,0,,0
429798,16/11/2012 11:22,5,219,,,219,63004,3,4.5,1,0.69,0.0018,5.14,24,104,0,11537,2,12,2,0,1,0,,178.27,0,,,,,,,-1,0,8,,,,-1,0,8,,,,,,,-1,0,8,0,,0
594976,02/11/2012 13:45,5,219,,,100,19157,3,3,0,3.93,0.0551,5.14,22,116,1,21871,3,4,1,0,1,0,,2165.57,1,,,,0,0,,,,,,,,0,0,18,,,,,,,0,0,18,0,,0
588783,05/06/2013 21:26,5,219,,,100,7958,4,4.5,0,3.37,0.0333,0,4,208,1,20438,3,32,2,2,1,0,,1011.33,1,,,,1,0,16,,,,,,,1,0,7,,,,,,,,,,0,,0
78488,04/01/2013 18:08,18,129,,,129,18346,3,0,0,0,,4.56,3,77.1,0,7432,1,5,1,0,1,0,,,0,,,,,,,,,,,,,0,0,,,,,0,0,,,,,0,,0
189345,18/05/2013 22:08,24,216,2.53,66.52,219,116852,2,3.5,0,2.71,0.0028,4.55,14,85.38,1,9402,1,105,2,0,1,1,,,0,,,,,,,,,,,,,,,,,,,,,,,,,0,,0
526876,08/04/2013 18:17,5,219,,,219,83609,2,4,1,1.61,,4.65,10,72,0,11387,4,60,2,0,1,1,,1093.18,0,,,,0,0,,0,0,,,,,,,,,,,,,,0,0,,0,,0
344777,07/11/2012 22:43,32,220,,,216,26669,4,0,0,4.47,0.0094,5.18,24,564.29,0,20497,4,65,2,0,1,1,,,1,,,,,,,,,,,,,,,,,,,,,,,,,0,,0
172918,02/02/2013 11:53,31,219,,,219,13377,4,4.5,1,3.04,0.2404,5.09,33,269,0,16823,1,16,1,1,1,0,,1045,0,,,,0,0,,0,0,,,,,0,0,,,,,,,,0,0,,0,,0
331836,16/05/2013 13:34,5,154,,,219,1230,3,3.5,0,5.83,0.2106,5.71,15,199,0,5143,1,42,1,1,2,1,,,1,,,,,,,,,,,,,,,,,,,,,,,,,0,,0
313315,30/03/2013 22:00,5,219,,,219,113806,3,3.5,1,3.09,0.2281,4.21,10,54,1,24026,1,26,2,0,1,1,,3051.96,0,,,,0,0,,0,0,,,,,0,0,,,,,,,,0,0,,0,,0
481651,22/06/2013 20:03,5,219,,,219,126046,3,3,1,1.39,,0,12,149,0,24892,3,1,2,0,1,0,-23.5544,646.43,0,,,,1,0,33,0,0,,,,,0,0,,,,,,,,0,0,,0,,0
522633,21/04/2013 22:02,5,219,,,219,100748,4,4,1,4.29,0.147,5.55,8,234,0,7714,2,79,1,0,1,0,,1706.82,0,,,,,,,,,,,,,,,,,,,,,,,,,0,,0
590440,11/04/2013 03:23,5,15,,,109,3900,5,4.5,0,2.2,0.0675,5.92,12,220,0,175,5,61,2,0,1,0,,,0,,,,,,,,,,,,,0,0,,,,,,,,,,,0,,0
231135,04/06/2013 07:13,5,219,,,219,75292,0,4,0,4.81,0.2455,0,16,230,0,15208,6,50,2,3,1,0,,4859.47,0,,,,,,,,,,,,,,,,,,,,,,,,,0,,0
591597,05/12/2012 12:09,5,219,,,99,48339,5,4,0,5.69,0.0231,6.21,4,511,0,13292,3,140,1,0,1,0,,,1,,,,,,,,,,,,,,,,,,,,,,,,,0,,0
52261,12/04/2013 08:34,5,219,,,219,96148,3,3.5,0,1.1,0.0022,5.17,21,158,0,10948,3,137,2,0,1,0,,1154.82,1,,,,,,,,,,,,,,,,,,,,,,,,,0,,0
125629,03/05/2013 20:55,5,219,,,219,29879,2,3.5,1,2.56,0.0384,4.05,28,49,0,23421,2,4,1,0,1,0,,21.39,0,,,,0,0,8,,,,,,,,,,,,,,,,,,,0,,0
82039,24/06/2013 13:51,5,206,,,219,11166,3,4,1,2.2,,0,35,132,0,10898,4,236,3,2,2,1,,,0,,,,,,,,,,,,,,,,,,,,,,,,,0,,0
415048,17/12/2012 09:01,5,219,,,219,31963,2,4,1,3.3,0.0545,4.49,17,70,0,8077,1,4,2,2,1,1,-24.6318,150.01,0,,,,0,0,,0,0,,,,,-1,0,10,,,,,,,-1,0,10,0,,0
163908,01/04/2013 09:43,5,219,,,219,87168,0,4,0,1.61,0.0352,4.67,15,108,0,4628,2,46,2,0,1,1,,405.38,1,,,,,,,,,,,,,,,,,,,,,,,,,0,,0
257368,03/03/2013 17:22,32,220,,,220,36954,4,0,0,1.61,,5.12,2,141.81,0,3108,1,0,2,0,1,0,,712.07,1,,,,,,,,,,,,,0,0,,,,,,,,,,,1,,0
28531,21/02/2013 10:38,18,129,,,220,109598,5,4,1,5.15,0.5301,6.09,31,414.14,0,10757,3,21,2,0,1,1,,,1,,,,,,,0,0,,0,0,,,,,,,,,,,,,,0,,0
501564,18/03/2013 09:46,5,219,,,219,36145,3,4.5,1,2.89,0.041,5.12,14,94,0,21344,3,165,3,0,1,1,,1393.23,1,,,,,,,,,,,,,,,,,,,,,,,,,0,,0
486750,29/04/2013 20:27,5,219,,,219,73965,2,4,1,1.39,0.0119,4.45,29,75,0,19521,2,53,2,3,1,1,,118.53,0,,,,0,0,,,,,,,,,,,,,,,,,0,0,,0,,0
395750,04/04/2013 15:19,5,219,,,219,25564,4,4.5,1,4.16,0.0811,5.32,15,229,0,23904,1,2,2,2,1,1,,448.08,0,,,,0,0,,0,0,9,,1,,0,0,,,,,,,,0,0,8,0,,0
384746,18/06/2013 09:42,14,100,,,100,140436,3,3.5,1,4.42,,0,12,155.7,0,7950,2,1,2,0,2,0,,16.04,1,,,,0,0,,,,,,,,0,0,,,,,,,,0,0,,0,,0
586911,01/05/2013 13:33,1,13,4,279.35,99,68054,4,4,1,4.91,0.0804,5.78,3,332.22,0,4440,2,42,3,0,1,0,,,0,,,,,,,,,,,,,,,,,,,,,,,,,0,,0
71831,05/11/2012 16:28,5,125,,,55,91848,3,2.5,0,5.67,0.5546,4.88,10,284,1,19392,3,3,1,0,1,1,,,0,,,,,,,,,,,,,1,0,11,,,,1,0,11,,-1,,0,,0
374525,04/02/2013 12:02,15,138,4.38,155.83,154,3249,4,0,0,4.09,0.0757,5.05,28,83.53,0,9380,1,10,1,0,1,1,,,0,,,,,,,,,,,,,,,,,,,,,,,,,0,,0
444938,16/03/2013 15:11,5,219,,,31,21213,0,4.5,0,6.84,0.7434,4.87,9,111,0,6285,4,75,2,0,1,1,,4857.01,1,,,,,,,,,,,,,,,,,,,,,,,,,0,,0
501447,05/03/2013 20:31,14,100,,,100,59973,3,4,1,1.39,0.2073,4.7,9,83.75,0,10398,1,18,2,0,1,1,,,1,,,,0,0,,,,,,,,,,,,,,,,,0,0,,0,,0
14961,22/05/2013 15:30,5,219,,,219,113641,4,4.5,0,2.08,,5.65,5,355,0,16492,1,39,1,0,1,0,-25.1307,6.66,0,,,,,,,,,,,,,,,,,,,,,,,,,0,,0
425506,26/06/2013 18:10,5,219,,,219,3575,3,4.5,1,0.69,,0,25,169,0,12541,1,1,2,2,1,1,,46.01,0,,,,0,0,,0,0,,,,,,,,,,,,,,0,0,,0,,0
168535,10/03/2013 08:57,5,219,,,219,11827,3,4.5,1,0,0.0384,5.58,4,354,0,4948,3,75,2,2,1,1,,368.99,0,,,,,,,,,,,,,,,,,,,,,,,,,0,,0
257412,12/04/2013 08:47,5,219,,,219,39851,2,4,1,2.83,0.0963,4.92,4,95,0,4075,1,29,2,0,1,1,,201.64,0,,,,0,0,,,,,,,,,,,,,,,,,0,0,,0,,0
83211,14/06/2013 06:30,5,219,,,219,129954,4,4.5,1,1.39,,0,25,99,0,1187,2,0,2,0,1,1,-12.6814,15.02,0,,,,,,,0,0,,,,,0,0,,,,,,,,0,0,,0,,0
344445,06/06/2013 09:32,5,219,,,219,59244,2,2.5,1,2.71,0.0119,0,4,67,0,13202,1,6,2,0,1,0,,1002.89,1,,,,0,0,,0,0,,,,,,,,,,,,,,0,0,,0,,0
444268,21/04/2013 09:12,5,219,,,219,91755,3,4.5,1,1.39,0.0365,5.24,6,179,0,17994,3,201,2,0,1,1,,997.54,0,,,,,,,,,,,,,,,,,,,,,,,,,0,,0
111530,21/06/2013 18:22,5,219,,,219,22471,3,4,1,2.08,0.0664,0,13,207,0,24949,4,159,2,0,1,0,,488.27,0,,,,,,,,,,,,,,,,,,,,,,,,,0,,0
440092,24/11/2012 19:45,5,219,,,219,53745,3,4.5,1,3.22,0.0258,5.12,19,119,0,13313,1,0,1,0,1,1,,48.9,0,,,,0,0,,,,,,,,0,0,,,,,,,,,,,0,,0
117082,07/12/2012 20:06,5,80,,,219,21155,3,3,0,5.69,0.1305,5.65,2,182,0,5143,4,99,2,0,1,1,,,1,,,,,,,,,,,,,,-1,,,,,,,,,-1,,0,,0
460037,20/04/2013 22:37,5,219,,,219,47328,3,4.5,0,3.95,0.0746,5.51,8,260,0,8026,2,80,2,0,1,0,,1167.71,1,,,,,,,,,,,,,,,,,,,,,,,,,0,,0
172445,18/06/2013 19:11,5,219,,,219,58859,3,4.5,1,1.39,0.0463,0,5,149,0,17204,2,0,2,2,1,0,,,0,,,,-1,0,23,-1,0,23,,,,-1,0,23,,,,,,,-1,0,23,0,,0
406341,17/11/2012 01:55,32,220,,,219,101304,4,4.5,1,2.83,0.255,5.58,34,259.51,0,12443,2,262,1,0,1,0,,9327.58,1,,,,,,,,,,,,,,,,,,,,,,,,,0,,0
4066,27/06/2013 06:41,5,219,,,219,79235,2,3,1,3.43,0.1364,0,20,55,0,26067,1,0,2,0,1,1,,153.93,0,,,,0,0,,0,0,,,,,0,0,,,,,,,,0,0,,0,,0
102122,05/06/2013 13:12,32,220,,,98,45695,5,5,1,1.95,0.0045,0,27,486.64,1,15942,8,126,2,0,1,0,,4406.27,1,,,,,,,,,,,,,,,,,,,,,,,,,0,,0
285870,26/11/2012 13:03,14,100,,,99,50692,4,4,1,2.77,0.1074,5.03,8,135.88,0,3404,2,6,2,2,1,0,,3734.67,1,,,,,,,1,0,28,,,,0,0,,1,0,2,,,,0,0,,0,,0
579339,31/12/2012 22:32,22,92,,,92,126910,5,4.5,1,1.79,0.0074,5.15,14,206.83,0,6991,1,19,2,1,1,1,,,0,,,,,,,,,,,,,,,,,,,,,,,,,0,,0
268143,28/05/2013 12:20,14,100,,,219,1140,4,4.5,0,3.43,0.034,5.22,10,157.72,0,13539,1,0,2,0,1,0,,255.01,0,,,,-1,0,6,-1,0,6,,,,-1,0,6,,,,,,,-1,0,6,0,,0
23413,09/11/2012 20:07,5,219,2,112.09,219,115286,3,4.5,1,1.95,0.0452,4.8,28,86,0,22056,1,1,2,0,1,1,,192.69,0,,,,0,0,,0,0,,,,,0,0,,,,,,,,0,0,,0,,0
505630,06/03/2013 13:18,14,100,,,100,21534,3,4.5,1,2.89,0.0994,4.85,7,79.46,0,7306,1,18,2,0,1,0,-32.9056,326.59,0,,,,,,,0,0,,,,,0,0,,,,,,,,0,0,,0,,0
61439,04/05/2013 14:30,5,219,,,219,95182,4,4,0,2.94,0.12,5,6,59,1,26067,1,1,2,0,1,0,,157.22,0,,,,0,0,5,,,,,,,,,,,,,,,,,,,0,,0
105579,21/02/2013 16:07,5,219,,,219,42364,2,4,1,2.48,0.0429,4.14,26,49,1,26065,1,10,2,0,1,0,,161.91,0,,,,,,,-1,0,5,,,,,,,,,,,,,0,0,,0,,0
157497,08/01/2013 04:30,11,55,,,103,29912,4,3,0,4.13,0.203,4.69,15,82.82,0,23245,5,1,1,0,1,0,,,0,,,,-1,0,6,,,,0,0,,,,,,,,,,,,,,0,,0
477124,12/04/2013 16:35,14,100,,,55,18575,5,4.5,0,5.27,0.2214,6.09,8,314.72,0,27397,3,90,2,0,1,1,,3509.04,0,,,,,,,,,,,,,,,,,,,,,,,,,0,,0
398408,21/11/2012 18:13,5,219,,,219,107322,3,4.5,0,5.79,0.0802,5.82,12,219,0,4562,1,1,1,0,1,1,,205.4,1,,,,0,0,,0,0,15,0,0,3,0,0,,,,,,,,-1,0,15,0,,0
144462,10/02/2013 12:48,5,219,,,219,2646,3,5,1,1.95,0.0381,4.92,25,93,0,15961,3,39,1,0,1,1,,1171.55,0,,,,,,,,,,,,,,,,,,,,,,,,,0,,0
464925,09/03/2013 14:05,15,55,,,31,25909,3,0,0,3.43,0.2624,4.54,14,80.6,0,2969,2,94,2,0,1,0,,,0,,,,,,,,,,,,,,,,,,,,,,,,,0,,0
368952,02/03/2013 07:29,5,219,,,219,119731,2,3.5,1,1.95,,4.22,19,52,0,1644,1,7,4,0,2,1,,63.8,0,,,,0,0,,-1,0,5,,,,,,,,,,,,,0,0,,0,,0
359107,03/05/2013 16:54,12,69,,,159,120291,2,3.5,0,1.61,0.0049,4.88,27,119.36,0,22378,7,8,2,0,1,0,,,0,,,,,,,,,,,,,0,0,,,,,,,,,,,0,,0
139129,26/02/2013 15:55,29,132,,,99,18524,4,3.5,1,4.82,0.0623,5.42,7,173.72,1,25718,2,146,4,0,2,0,,,0,,,,,,,,,,,,,,,,,,,,,,,,,0,,0
577515,07/02/2013 10:32,5,219,,,219,7583,0,4.5,1,4.06,0.4786,5.23,25,129,0,27182,2,1,2,0,1,1,,1.58,1,,,,,,,0,0,,,,,,,,,,,,,,,,,0,,0
496717,09/11/2012 11:09,5,219,,,219,77250,3,2.5,1,1.61,,4.97,34,118,0,11442,1,43,2,2,1,1,,1237.82,0,,,,,,,,,,,,,,,,,,,,,,,,,0,,0
200179,23/05/2013 23:13,1,13,,,109,8147,3,0,0,4.32,,5.41,16,114.41,0,12420,2,64,2,2,1,1,,,0,,,,,,,,,,,,,,,,,,,,,,,,,0,,0
201064,06/06/2013 23:10,5,219,,,219,20136,3,4,1,1.95,0.1646,0,23,113,0,24949,4,53,2,1,1,0,,969.83,0,,,,0,0,,,,,,,,,,,,,,,,,,,,0,,0
186172,09/12/2012 06:40,5,219,,,219,100081,4,4.5,1,3.43,0.1029,5.62,15,139,0,3095,1,0,1,0,1,0,,351.03,0,,,,0,0,,0,0,,,,,-1,0,14,,,,,,,-1,0,14,0,,0
252503,23/01/2013 05:45,5,219,,,219,58783,3,4,1,2.71,0.0087,4.81,29,98,0,603,2,18,1,0,1,0,-27.4225,228.36,0,,,,0,0,,,,,,,,0,0,,,,,,,,0,0,,0,,0
572283,17/04/2013 14:47,5,219,,,219,105251,4,4.5,1,1.61,,5.44,2,225,1,24281,1,19,1,0,1,0,,474.82,0,,,,,,,,,,,,,,,,,,,,,,0,0,,0,,0
59235,27/05/2013 17:11,5,219,,,219,138538,2,3.5,1,0,0.0002,5.06,8,169,0,4562,1,1,4,0,1,0,,,1,,,,0,0,,,,,0,0,,,,,,,,,,,0,0,,0,,0
439679,28/02/2013 15:31,5,219,,,219,97675,2,2.5,1,0,,4.22,20,50,0,27931,1,0,1,0,1,1,,,0,,,,0,0,,,,,,,,,,,,,,,,,0,0,,0,,0
530092,24/04/2013 23:06,15,55,,,215,117336,3,3.5,1,3.58,0.0444,4.58,4,39.7,1,9502,4,55,2,0,1,0,,,0,,,,,,,,,,,,,1,0,9,1,0,9,1,0,9,,,,0,,0
361476,12/05/2013 09:02,5,219,,,219,98938,3,3.5,1,3.14,0.0303,5.22,15,143,0,18774,3,1,1,0,1,0,,1747.63,0,,,,0,0,,-1,0,20,,,,-1,0,20,,,,,,,-1,0,20,0,,0
287078,27/06/2013 15:12,23,181,,,31,113092,3,3.5,0,1.79,,0,29,274.76,0,18619,7,20,2,2,1,0,,,0,,,,,,,,,,,,,,,,,,,,,,,,,0,,0
459027,24/11/2012 15:04,5,99,,,99,103912,2,3.5,0,5.76,0.2943,4.91,6,78,0,9082,1,2,2,0,1,0,,,0,,,,,,,,,,,,,,,,1,0,5,,,,,,,0,,0
201653,04/02/2013 10:07,22,92,,,92,84484,3,4,0,4.37,0.085,5.14,12,92.32,1,6991,2,31,2,1,1,1,,,1,,,,1,0,12,,,,0,0,,0,0,,,,,,,,,,,0,,0
329330,24/11/2012 18:04,5,219,,,219,130628,2,4,0,2.71,,4.58,12,64,0,6901,1,7,3,2,2,1,,208.06,0,,,,,,,,,,,,,0,0,,,,,,,,0,0,,0,,0
233318,14/01/2013 13:34,5,219,,,9,2448,4,4,0,5.23,0.4263,4.98,3,85,1,18585,2,8,2,0,1,0,,2788.72,0,,,,,,,,,,,,,,,,,,,,,,,,,0,,0
531948,11/05/2013 11:55,14,100,,,219,21155,3,3,0,5.69,0.0991,5.62,25,120.79,1,4562,3,78,2,0,1,0,,590.97,0,,,,,,,,,,,,,,,,,,,,,,,,,0,,0
105710,15/05/2013 00:45,5,219,,,219,40445,3,4.5,1,4.89,,5.51,2,269,0,5797,1,3,4,0,2,1,,69.97,0,,,,,,,0,0,,,,,1,0,14,,,,,,,0,0,,0,,0
303082,22/01/2013 18:33,18,129,,,129,86265,5,5,1,4.75,0.0242,5.83,14,447.52,0,6917,2,87,2,1,1,1,,,0,0,0,35,,,,,,,,,,0,0,35,1,0,12,0,0,,,,,0,,0
592356,22/04/2013 20:13,5,219,,,219,10983,2,2.5,1,0.69,0.0008,4.38,22,67,0,7971,7,5,2,0,1,0,,,1,,,,0,0,,0,0,,,,,-1,0,7,,,,,,,-1,0,7,0,,0
413974,04/03/2013 14:42,5,219,,,219,86961,0,4,1,1.95,0.2424,4.74,10,90,0,13951,2,67,2,0,1,1,,241.97,1,,,,,,,,,,,,,,,,,,,,,,,,,0,,0
195833,06/01/2013 14:58,18,129,,,129,12643,4,4,1,2.71,0.0098,5.17,33,176.42,0,16076,2,170,2,0,1,0,,302.6,0,,,,,,,,,,,,,,,,,,,,,,,,,0,,0
210502,27/12/2012 12:38,5,219,,,219,28109,4,4.5,1,4.69,0.0851,5.54,28,229,0,23090,1,30,1,0,1,1,,667.15,0,,,,0,0,,0,0,,,,,0,0,,,,,,,,0,0,,0,,0
37498,19/06/2013 13:57,14,100,2.21,109.89,100,129912,2,3.5,1,1.1,0.016,0,20,107.08,0,19146,1,5,4,0,4,0,,2278.26,0,,,,0,0,,,,,,,,0,0,,,,,,,,,,,0,,0
374773,03/01/2013 10:32,5,59,,,220,128632,4,4.5,1,4.98,0.1358,5.49,22,290,1,20905,4,84,2,1,1,1,,,0,,,,,,,,,,,,,,,,,,,,,,,,,0,,0
337811,31/03/2013 22:20,7,100,,,98,124774,3,3.5,0,0.69,0.0049,4.33,2,87.48,0,698,3,54,2,0,1,1,,7772.62,1,,,,,,,,1,,,,,0,0,,,,,,,,,,,0,,0
326011,02/12/2012 09:48,32,220,,,215,2706,4,4,0,6.14,0.116,5.49,33,145.99,1,2303,2,55,2,0,1,1,,,0,,,,,,,,,,,,,0,0,,,,,1,0,17,,,,0,,0
13747,18/02/2013 11:47,5,219,,,219,134077,3,5,0,3.61,0.0332,5.36,6,11520,1,7714,4,29,2,0,1,0,,1504.87,0,,,,0,0,,,,,,,,0,0,,,,,,,,,,,0,,0
170723,21/04/2013 15:30,14,100,,,219,71524,0,1,0,2.71,0.0284,4.33,35,60.39,0,24804,2,67,2,2,1,1,,590.88,0,,,,,,,,,,,,,,,,,,,,,,,,,0,,0
450727,06/12/2012 15:48,5,219,,,219,86060,3,4,1,0,0.0036,4.97,32,167,0,24992,4,103,1,0,1,0,,347.93,0,,,,,,,,,,,,,,,,,,,,,,,,,0,,0
105986,29/04/2013 22:18,5,219,,,219,89613,2,3,1,2.2,,4.8,33,89,0,20475,3,11,1,0,1,1,,173.92,0,,,,0,0,,,,,,,,0,0,,,,,,,,0,0,,0,,0
91875,11/03/2013 19:23,5,219,,,219,98004,3,5,0,2.08,,5.02,19,159,0,9950,1,2,2,2,1,0,,1489.54,0,,,,,,,,,,,,,,,,,,,,,,,1,,0,,0
549522,11/02/2013 16:04,5,219,,,219,77795,5,4.5,1,4.11,0.1743,5.81,18,234,0,8192,4,59,2,0,1,1,,2203.51,1,,,,0,0,,0,0,,,,,0,0,,,,,,,,0,0,,0,,0
294753,18/02/2013 08:43,5,219,,,219,105704,2,2,0,1.1,,4.64,35,69,1,17621,1,27,1,0,1,0,,48,0,,,,1,0,6,,,,,,,,,,,,,,,,-1,0,25,0,,0
386978,19/12/2012 14:28,5,219,,,219,124555,3,4.5,1,1.79,0.0197,5.26,20,144,1,8740,1,17,4,0,2,1,,37.68,0,,,,,,,,,,,,,0,0,,,,,,,,,,,0,,0
187456,10/06/2013 07:13,5,219,,,219,1742,2,4.5,1,1.1,0.0013,0,6,111,0,3694,7,6,6,4,3,0,,339.35,1,,,,0,0,,0,0,,,,,,,,,,,,,,0,0,,0,,0
162251,28/03/2013 21:52,18,129,,,215,83406,4,5,0,0,0.0039,5.25,18,89.72,0,26585,7,73,2,0,1,0,,629.36,0,,,,,,,,,,,,,1,0,13,,,,,,,,,,0,,0
453322,25/04/2013 14:13,14,100,,,215,109669,4,4.5,0,6.09,0.2842,5.39,1,150.03,1,9371,4,182,2,0,1,1,,3026.27,0,,,,,,,,,,,,,,,,,,,,,,,,,0,,0
171254,07/05/2013 06:57,5,219,2.5,65.12,219,75005,2,3.5,1,2.64,,4.4,10,70,0,9970,2,3,2,0,1,1,,,0,,,,,1,,,1,,,,,-1,0,14,,,,,,,-1,0,14,0,,0
149590,01/06/2013 12:45,5,219,,,99,47892,0,4.5,0,0.69,0.011,4.49,15,103,0,11088,1,18,2,1,1,0,,5732.5,0,,,,,,,,,,,,,,,,,,,,,,,,,0,,0
274145,31/01/2013 11:33,5,219,,,219,54726,4,4,1,3.4,0.5509,5.17,7,239,0,24596,1,63,2,0,1,1,-15.6928,695.37,1,,,,0,0,,0,0,,,,,0,0,,,,,,,,0,0,,0,,0
509521,19/12/2012 20:29,5,219,,,219,52322,2,3,1,1.61,,4.46,34,69,0,26942,1,0,2,0,1,0,,14.37,1,,,,0,0,,0,0,,,,,,,,,,,,,,0,0,,0,,0
247205,13/04/2013 18:22,5,219,,,219,104062,3,0,1,1.61,,4.76,29,195,0,19166,1,3,2,0,1,0,,263.52,0,,,,,,,,,,,,,,,,,,,,,,,,,0,,0
319364,13/12/2012 18:24,5,219,,,219,135941,2,3.5,1,1.61,0.015,4.76,25,109,0,14220,2,64,2,0,1,1,-24.3509,426.43,0,,,,0,0,,,,,,,,,,,,,,,,,0,0,,0,,0
330136,31/03/2013 07:26,14,100,,,219,74908,3,4.5,1,3,0.0518,5.06,22,119.91,1,11299,3,91,2,0,1,0,,792.94,1,,,,,,,,,,,,,,,,,,,,,,,,,0,,0
194680,19/02/2013 17:11,5,219,,,219,60910,3,4,1,3.99,0.0853,5.25,26,140,0,7434,1,3,2,1,1,1,,15.67,0,,,,0,0,,0,0,,,,,0,0,,,,,,,,0,0,,0,,0
505957,08/05/2013 08:15,5,219,,,219,64194,0,0,0,1.79,0.0498,5.47,9,169,0,13330,1,105,2,0,1,0,-13.7136,,0,,,,,,,,,,,,,,,,,,,,,,,,,0,,0
568741,11/06/2013 22:59,5,219,,,219,78642,2,3.5,1,3.4,0.0474,0,13,109,0,9899,4,25,4,2,2,1,,981.47,1,,,,0,0,16,0,0,,,,,0,0,,,,,,,,0,0,,0,,0
64534,02/05/2013 09:10,14,100,2,111.47,100,127834,3,4,1,2.83,0.1505,5.12,18,165.26,0,9695,6,82,2,0,1,0,,728.05,0,,,,,,,,,,,,,,,,,,,,,,,,,0,,0
180468,08/01/2013 09:11,5,219,,,219,85942,3,2,1,1.1,,4.85,10,135,0,7873,1,1,1,0,1,0,,145.89,1,,,,,,,,,,,,,,,,,,,,,,0,0,,0,,0
270217,05/01/2013 16:41,14,100,,,100,3376,4,4.5,1,2.4,0.0186,5.99,18,333.27,0,20438,1,7,2,0,1,1,,65.16,0,,,,-1,0,6,,,,,,,0,0,,,,,,,,0,0,,0,,0
6100,08/06/2013 09:31,5,219,,,219,13417,3,4.5,1,0.69,,0,35,92,0,7583,1,6,2,1,1,1,,297.37,1,,,,,,,0,0,,,,,,,,,,,,,,0,0,,0,,0
447345,26/03/2013 19:33,14,100,,,100,79141,4,4.5,1,4.36,0.1987,5.06,12,136.8,0,6948,1,4,2,1,1,1,,42.96,0,,,,,,,,,,,,,0,0,,,,,,,,0,0,,0,,0
153087,23/12/2012 18:42,19,158,,,158,104339,2,3,0,4.19,0.0529,2.56,13,20.57,0,6239,2,7,2,0,1,0,,,1,,,,,,,,,,,,,,,,,,,,,,,,,0,,0
4579,02/12/2012 22:04,5,23,4.31,364,55,134907,3,4,1,1.61,0.0374,4.89,24,118,0,10010,1,3,1,0,1,0,,,0,,,,,,,,,,,,,0,0,,,,,0,0,,,,,0,,0
71184,18/02/2013 17:25,14,100,,,219,136128,3,4.5,1,1.79,0.0073,4.99,34,118.73,0,4295,1,47,2,0,1,1,,321.59,1,,,,0,0,,,,,,,,,,,,,,,,,,,,0,,0
379561,16/06/2013 12:50,5,219,,,219,119221,2,3,1,0,0.006,0,2,59,0,3694,1,7,2,0,1,0,,193.85,0,,,,0,0,,0,0,,,,,,,,,,,,,,0,0,,0,,0
170966,11/04/2013 15:52,24,216,,,219,127613,3,4.5,1,2.2,0.0519,4.77,22,135.28,0,1861,1,56,1,0,1,1,,,0,,,,,,,,,,,,,1,0,25,,,,,,,,,,0,,0
90091,03/03/2013 23:24,32,220,,,15,95887,5,4,0,3.5,0.0316,6.01,4,218.32,0,8660,3,112,2,2,1,0,,,1,,,,,,,,,,,,,,,,,,,,,,,,,0,,0
34553,13/05/2013 18:22,14,100,,,219,55949,2,2.5,1,1.61,0.0712,4.6,15,74.21,0,26172,1,3,1,0,1,1,,2421.46,0,,,,-1,0,7,,,,,,,0,0,6,,,,,,,-1,0,7,0,,0
372739,18/02/2013 15:41,5,219,,,219,75495,3,4.5,1,3,0.0186,4.52,29,161,0,6722,1,16,2,0,1,0,,276.68,0,,,,,1,,,,,,,,,,,,,,,,,,,,0,,0
535546,26/11/2012 19:09,5,219,,,219,84802,3,4,1,4.2,0.0796,5.37,35,105,0,13216,2,67,2,0,1,1,,230.81,0,,,,0,0,,0,0,,,,,1,0,22,,,,,,,,,,0,,0
356563,19/06/2013 11:03,5,219,,,219,77371,4,3.5,1,2.4,0.0581,0,26,190,0,16494,1,2,1,0,1,1,,98.81,0,,,,0,0,,1,0,35,,,,0,0,,,,,,,,0,0,,0,,0
576864,12/12/2012 10:10,24,216,,,103,66719,3,3.5,0,2.77,0.2823,4.17,10,62.39,0,11197,1,5,1,0,1,0,,,0,,,,1,0,53,,,,,,,1,0,3,,,,,,,,,,0,,0
25520,17/06/2013 16:43,5,219,,,219,68420,3,3.5,0,3.04,0.0512,0,15,34,1,8192,2,13,2,0,1,0,,225.05,1,,,,0,0,53,0,0,10,,,,0,0,,,,,,,,0,0,18,0,,0
341799,30/04/2013 12:24,5,219,,,219,82921,4,4,1,3.18,0.1629,5.24,26,159,0,21382,1,12,1,0,1,0,,344.4,1,,,,,,,0,0,,,,,0,0,,,,,,,,0,0,,0,,0
532430,18/05/2013 19:45,5,219,,,219,114927,3,4.5,1,2.3,0.0133,4.73,7,87,1,17603,2,13,2,0,1,1,,220.39,0,,,,,,,,,,,,,,,,,,,,,,1,0,13,0,,0
114131,01/03/2013 18:22,14,100,,,100,56421,2,3.5,1,2.64,0.1277,4.43,24,87.65,0,26120,1,8,2,1,1,1,,352.52,0,,,,0,0,,,,,,,,,,,,,,,,,0,0,,0,,0
542004,08/03/2013 21:20,18,129,,,129,87862,4,4,1,4.91,0.0425,4.95,35,105.33,1,2290,3,55,2,0,1,1,,315.98,0,1,0,6,,,,,,,,,,0,0,,0,0,,0,0,,,,,0,,0
438696,09/06/2013 23:17,5,219,,,219,77703,2,4.5,1,1.39,0.0715,0,26,129,0,13436,1,3,1,1,1,0,,,0,,,,,,,,,,,,,0,0,,,,,,,,,,,0,,0
479032,31/03/2013 19:11,5,219,,,219,128447,2,0,0,1.1,0.0125,5.06,1,107,0,11173,5,20,1,0,1,0,,160.75,1,,,,,,,,,,0,0,,0,0,,,,,,,,0,0,,0,,0
475732,10/04/2013 21:48,5,219,,,219,100669,4,4,0,0.69,0.001,5.34,27,185,0,1638,1,1,1,0,1,1,,1000.33,0,,,,-1,0,16,-1,0,16,,,,,,,,,,,,,-1,0,2,0,,0
460509,15/05/2013 05:15,5,219,,,219,59858,2,3,0,3.37,0.0391,4.36,7,38,0,18547,4,182,3,0,1,0,,1027.22,1,,,,,,,,,,,,,,,,,,,,,,,,,0,,0
135608,25/05/2013 07:25,5,219,,,219,39284,5,4.5,1,4.84,,6.21,21,400,1,15691,2,15,1,1,1,0,,1006.44,0,1,0,15,0,0,,0,0,,,,,0,0,,,,,,,,0,0,,0,,0
125632,07/06/2013 06:19,5,219,,,219,21742,2,2.5,1,4.48,0.2026,0,7,33,1,10424,1,3,2,0,1,0,,106.32,1,,,,,,,,,,,,,,,,,,,,,,,,,0,,0
382640,13/11/2012 11:47,5,219,,,92,134393,5,4.5,1,3.33,0.0166,5.85,7,220,0,6991,14,39,2,1,1,0,,6867.38,0,,,,0,0,,0,0,,0,0,,0,0,,,,,,,,,,,0,,0
586355,21/05/2013 13:29,5,219,,,219,131978,4,3.5,1,3.4,0.0874,5.26,4,199,0,28407,1,3,3,0,2,1,,70.27,0,,,,,,,0,0,,,,,0,0,,,,,,,,0,0,,1,444.9,1
12711,05/01/2013 20:21,15,55,,,216,113386,3,4.5,0,0.69,0.0013,5.02,31,165.52,0,8609,5,77,2,0,1,0,,,0,,,,,,,,,,,1,,,1,,,,,,,,,,,0,,0
234115,23/11/2012 13:58,5,219,,,219,122112,5,5,1,4.29,0.2668,5.94,26,301,0,8192,7,71,2,0,1,0,,2075.22,0,,,,,,,0,0,,,,,0,0,,,,,,,,0,0,,0,,0
500771,24/06/2013 20:29,5,219,,,219,75499,0,2.5,0,1.1,,0,37,47,0,22170,1,4,2,1,1,1,,7.64,0,,,,,,,,,,,,,,,,,,,,,,,,,0,,0
132145,23/04/2013 07:46,5,181,,,15,106035,5,5,1,1.39,,5.93,7,182,0,26450,3,8,1,0,1,0,,,0,,,,-1,0,19,,,,0,0,,0,0,,,,,,,,,,,0,,0
103106,14/05/2013 07:51,14,100,,,100,41034,3,4,1,0.69,0.0125,5.53,15,323.18,0,18139,1,0,2,0,2,0,,170.17,0,,,,-1,0,11,,,,,,,0,0,,,,,,,,,,,0,,0
307513,02/06/2013 14:39,5,219,,,215,16188,5,4.5,1,2.48,0.045,5.06,2,110,0,22879,11,76,1,0,1,0,,4341.62,0,,,,,,,,,,,,,,,,,,,,,,,,,0,,0
333812,06/04/2013 07:59,5,219,,,219,30320,3,4.5,1,2.89,0.0509,4.84,38,99,0,11299,1,0,1,0,1,1,,84.13,0,,,,0,0,,0,0,,,,,,,,,,,,,,0,0,,0,,0
506012,18/02/2013 17:04,9,59,,,59,113122,3,4.5,1,2.83,0.2247,4.47,30,65.35,0,2794,3,1,2,0,1,0,,135.63,1,,,,,,,,,,,,,,,,,,,,,,,,,0,,0
118228,23/06/2013 22:22,5,219,,,219,26813,3,4.5,1,0.69,,0,16,143,0,9600,1,37,1,1,1,0,,239.83,0,,,,,,,,,,,,,0,0,,,,,,,,,,,0,,0
408706,07/04/2013 13:32,14,100,,,32,87012,3,0,0,3.47,,5,29,147.41,0,25123,3,179,2,0,1,1,,4098.59,0,,,,,,,,,,,,,,,,,,,,,,,,,0,,0
550958,29/03/2013 13:58,5,219,,,219,127132,4,4,1,3.47,0.25,5.13,2,139,0,17487,1,0,2,0,1,1,,75.84,1,,,,,,,,,,,,,0,0,,,,,,,,0,0,,0,,0
46919,08/06/2013 16:58,5,219,,,219,56917,3,4,1,4.17,0.1551,0,27,119,0,9899,2,6,2,0,1,1,-9.6757,358.83,0,,,,0,0,,0,0,,,,,0,0,,,,,,,,0,0,,0,,0
216480,12/06/2013 22:08,18,129,,,129,51353,4,3.5,1,0.69,,0,21,158.46,0,2343,1,1,2,0,1,1,,96.15,0,,,,,,,,,,,,,0,0,,0,0,,0,0,,,,,0,,0
320140,30/11/2012 17:20,15,55,,,31,13959,4,3.5,0,6.35,0.3849,5.52,1,86.47,1,25721,5,4,1,0,1,0,,,0,,,,,,,,,,,,,1,0,6,,,,,,,1,0,57,0,,0
124158,29/12/2012 15:32,5,219,,,219,72472,4,4,1,1.1,0.0449,5.63,4,214,1,4335,2,7,3,0,1,1,,80.93,1,,,,0,0,,0,0,,,,,,,,,,,,,,1,0,14,0,,0
500573,13/04/2013 17:31,14,100,,,100,90200,4,3.5,0,0,,5.19,5,166.73,0,26308,1,36,2,0,1,0,,466.13,0,,,,,,,,,,,,,,,,,,,,,,,,,0,,0
566658,05/03/2013 18:51,5,219,,,219,83360,3,4.5,1,2.56,0.0809,4.63,27,110,0,26086,2,12,3,0,1,0,,287.96,0,,,,,,,0,0,,,,,0,0,,,,,,,,0,0,,0,,0
9266,05/11/2012 07:11,5,219,,,219,80869,3,4.5,1,4.72,0.6112,5.49,3,125,0,17759,1,18,2,0,1,1,,228.86,1,,,,0,0,44,0,1,44,,,,0,0,40,,,,,,,0,0,40,0,,0
412986,19/03/2013 06:31,5,219,,,219,77663,2,3,1,1.1,,4.9,34,92,0,25894,1,10,2,0,1,1,,63.53,1,,,,0,0,,0,0,,,,,0,0,,,,,,,,0,0,,0,,0
147010,16/06/2013 13:53,5,219,,,99,35880,4,4,0,6.03,0.4403,0,9,611,0,15650,3,12,2,0,1,1,,5000.58,0,,1,,,,,,,,,,,,1,,,1,,,1,,,,,0,,0
347921,25/06/2013 10:21,14,100,,,219,84459,2,3,1,2.2,0.0249,0,27,59.91,0,19521,1,11,1,1,1,1,,517.15,0,,,,0,0,,0,0,,,,,,,,,,,,,,0,0,,0,,0
510504,28/11/2012 16:08,5,219,,,219,111823,3,4,1,1.61,0.0105,4.82,34,85,0,44,1,2,2,0,1,1,,23.77,0,,,,-1,0,7,-1,0,7,,,,1,0,14,,,,,,,-1,0,7,0,,0
422578,13/01/2013 07:02,5,219,,,219,32740,3,4.5,1,1.95,,4.67,19,106,0,14532,3,0,2,0,1,0,,2498.84,0,,,,,,,,,,,,,0,0,,,,,,,,0,0,,0,,0
522221,20/05/2013 11:30,5,219,,,219,50691,3,4.5,1,2.94,,4.63,19,99,0,11590,1,11,2,0,1,1,,119.29,0,,,,,,,,,,,,,0,0,,,,,,,,0,0,,1,145.77,1
600979,27/06/2013 17:37,5,219,,,221,41849,2,0,0,1.79,,0,27,52,0,11403,1,18,2,0,1,0,,4227.63,0,,,,,,,,,,,,,1,0,973,,,,,,,,,,0,,0
398689,07/02/2013 12:43,5,219,,,219,92680,2,4,0,2.71,,5,10,149,0,13456,2,8,2,2,1,1,,53.5,1,,,,1,0,25,0,0,33,,,,0,0,,,,,,,,0,0,33,0,,0
487640,10/11/2012 10:09,14,100,,,127,84415,4,4.5,1,2.77,0.2134,6.21,1,209.66,0,19884,4,20,1,0,1,1,,1301.55,0,,,,,,,,,,,,,,,,,,,,,,,,,0,,0
57993,07/06/2013 15:04,5,219,,,219,4205,2,3.5,1,2.48,,0,21,90,0,19584,1,1,2,0,1,1,,72.21,0,,,,0,0,,0,0,,,,,,1,,,,,,,,0,0,,0,,0
85617,07/04/2013 17:00,5,219,,,100,978,2,4,1,4.34,0.0794,4.46,29,98,0,17311,1,130,2,2,1,1,,335.21,0,,,,,,,,,,,,,,,,,,,,,,,,,0,,0
177012,13/12/2012 12:18,5,219,,,219,96614,3,4.5,1,2.94,,4.4,24,54,0,23949,2,29,2,0,1,1,,156.66,1,,,,0,0,,0,0,,,,,0,0,,,,,,,,0,0,,0,,0
85594,12/02/2013 09:48,5,219,,,219,61076,2,4,1,0.69,0.0057,4.47,28,90,0,17659,2,227,2,0,1,1,,418.3,0,,,,,,,,,,,,,,,,,,,,,,,,,0,,0
454773,17/05/2013 21:26,32,220,,,220,2427,5,3.5,1,4.75,0.3019,5.24,29,174.19,0,25981,5,61,1,0,1,0,,2.58,1,,,,,,,,,,,,,,,,,,,,,,,,,0,,0
317994,11/03/2013 11:28,5,219,,,219,123765,3,4,0,1.1,0.0064,4.99,14,108,0,11073,14,2,1,0,1,0,,746.72,1,,,,,,,,,,,,,,,,,,,,,,,,,0,,0
134740,18/05/2013 07:44,5,36,,,41,73265,5,3.5,1,2.08,0.0279,5.6,13,219,0,27854,1,2,1,0,1,0,,,0,,,,,,,,,,0,0,41,0,0,41,0,0,41,0,0,41,,,,0,,0
330247,28/05/2013 17:43,5,219,,,219,136171,3,4.5,1,0,0.0045,4.69,13,81,0,1986,2,4,2,0,1,1,,175.28,0,,,,0,0,,0,0,,,,,0,0,6,,,,,,,-1,0,6,0,,0
76653,15/01/2013 21:12,16,31,,,55,17139,3,3,1,0,0.0002,4.63,2,62.53,0,10979,4,113,2,0,1,0,,900.72,1,,,,,,,,,,,,,,,,,,,,,,,,,0,,0
86327,21/03/2013 19:13,12,99,,,215,119688,5,4.5,1,3.4,,5.27,10,150.93,1,17029,14,128,2,2,1,0,,,1,,,,,,,,,,,,,,,,,,,,,,,,,0,,0
338638,03/02/2013 19:17,18,129,,,99,115280,2,2.5,1,1.39,0.0021,4.09,18,53.19,0,13292,2,33,2,0,1,1,,322.84,0,,,,,,,,,,,,,,,,,,,,,,,,,0,,0
296686,12/02/2013 10:01,5,219,,,219,88372,2,3.5,0,1.79,0.0965,4.54,3,59,0,3170,2,47,2,0,1,0,,210.06,0,,,,,,,,,,,,,,,,,,,,,,,,,0,,0
418460,14/04/2013 11:15,5,219,,,219,87478,3,3,0,2.64,0.0347,4.71,9,99,0,67,2,33,1,0,1,1,,47.89,0,,,,,1,,,,,,,,0,0,,,,,,,,,,,0,,0
237336,01/05/2013 14:26,14,100,,,202,29484,5,5,0,3,0.0039,6.21,19,630.76,0,25026,3,46,3,0,1,0,,8406.32,1,,,,,,,,,,0,0,33,0,0,,,,,,,,,,,0,,0
106946,06/11/2012 10:02,5,219,,,215,74446,5,4.5,1,5.39,0.0353,5.83,22,197,0,2303,2,144,1,0,1,1,,4538.23,1,,,,,,,,,,,,,,,,,,,,,,,,,0,,0
436542,18/02/2013 11:35,5,219,,,219,87144,3,4,1,3.37,,4.93,37,90,1,9587,4,73,2,0,1,1,,,1,,,,,,,,,,,,,,,,,,,,,,,,,0,,0
304011,29/11/2012 13:42,15,55,,,132,109688,3,5,1,2.89,0.0251,4.72,12,134.74,0,2212,1,7,2,0,1,1,,,0,,,,,,,,,,,,,,,,,,,,,,,,,0,,0
483665,27/04/2013 11:13,7,100,,,55,58332,3,4.5,0,0,0.3245,4.9,2,118.03,0,3801,2,36,2,0,1,0,,3331.87,1,,,,,,,,,,,,,,,,,,,,,,,,,0,,0
422002,17/06/2013 14:56,18,129,3.51,210.67,132,133258,3,3.5,1,0,,0,15,100.25,0,14771,1,8,1,0,1,0,,,0,,,,,,,,,,,,,0,0,,,,,0,0,,,,,0,,0
424605,13/05/2013 14:52,24,216,,,32,107284,3,4,0,3.61,0.467,5.36,4,209.97,0,5091,2,44,2,0,1,0,,,0,,,,,,,,,,,,,,0,,,0,,,0,,,,,0,,0
554016,04/05/2013 08:54,5,219,,,219,3775,3,4,1,4.29,0.2241,5.11,24,126,1,13870,1,35,2,0,1,1,,391.23,0,,,,0,0,,0,0,,,,,1,0,11,,,,,,,1,0,11,0,,0
456900,15/06/2013 07:33,14,100,,,100,56913,3,4,1,2.2,,0,30,107.18,0,15946,1,0,1,0,1,1,,3.03,0,,,,0,0,,0,0,,,,,0,0,,,,,,,,,,,0,,0
338443,21/11/2012 06:47,5,219,,,219,26006,4,4.5,0,3.47,0.0375,5.88,34,356,1,24674,3,58,6,0,3,1,,1098.58,1,,,,0,0,15,,,,,,,0,0,10,,,,,,,0,0,,0,,0
329874,18/01/2013 21:27,19,158,,,158,136058,3,3,0,4.25,0.9042,3.64,4,14.49,1,10639,4,70,4,1,2,1,,,1,,,,,,,,,,,,,,,,,,,,,,,,,0,,0
266720,05/11/2012 11:34,24,216,,,219,35246,3,4,1,1.39,,4.76,26,110.19,0,26172,1,9,1,0,1,0,,,0,,,,0,0,,0,0,,,,,,,,,,,,,,,,,0,,0
152927,18/12/2012 08:54,5,33,,,155,85370,4,4,1,3.87,0.0548,5.18,6,175,0,7327,1,72,2,2,1,1,,,0,,,,,,,,,,,,,,,,,,,,,,,,,0,,0
256140,01/05/2013 08:40,5,219,2,78.89,219,108535,3,3.5,1,3,0.1662,4.27,28,70,0,27172,1,22,1,0,1,1,,140.52,1,,,,,,,,,,,,,,,,,,,,,,,,,0,,0
9592,25/01/2013 06:57,5,219,,,219,139917,4,4.5,1,4.09,,5.79,12,296,1,16450,1,42,3,1,1,1,,1779.83,1,,,,0,0,,0,0,,,,,0,0,,,,,,,,0,0,,0,,0
278205,16/12/2012 22:32,24,216,,,157,122588,5,4.5,1,3.33,0.1014,5.38,10,346.44,0,4510,3,11,2,0,1,1,,,0,,,,0,0,,0,0,,0,0,,0,0,,,,,,,,,,,0,,0
234935,12/02/2013 19:15,5,219,,,219,125659,2,3.5,1,1.79,0.0105,4.27,19,63,0,7516,4,5,1,0,1,0,,845.51,0,,,,0,0,,0,0,,,,,,,,,,,,,,0,0,,0,,0
426512,21/02/2013 14:21,5,219,3,78.51,219,67376,4,4.5,0,4.79,0.3149,5.39,10,139,0,26037,1,0,2,0,1,1,,26.94,0,,,,1,0,28,,,,,,,1,0,28,,,,,,,0,-1,16,0,,0
464900,13/01/2013 06:46,5,219,,,219,7880,4,4.5,1,5.88,0.1996,6.21,2,171,0,4562,2,36,2,0,1,0,,299.93,0,,,,,,,0,0,,,,,0,0,,,,,,,,0,0,,0,,0
30691,23/05/2013 09:30,5,219,,,219,25538,2,0,1,0.69,,4.28,4,65,0,28168,2,50,2,0,1,1,,,1,,,,0,0,,,,,,,,,,,,,,,,,,,,0,,0
530519,30/12/2012 18:19,5,219,,,219,60846,4,4.5,1,4.13,0.2318,5.54,12,175,0,8192,5,117,1,0,1,0,,2092.11,0,,,,,,,,,,,,,,,,,,,,,,,,,0,,0
223698,27/06/2013 21:33,5,219,,,219,76445,2,3,1,0,,0,31,70,0,22514,1,1,1,0,1,1,,20.29,0,,,,,,,0,1,,,,,,,,,,,,,,,,,0,,0
11481,27/01/2013 13:09,5,219,,,219,8498,4,3.5,0,3.37,0.0969,4.92,25,169,0,24131,1,156,2,2,1,0,,905.06,0,,,,,,,,,,,,,,,,,,,,,,,,,0,,0
306009,17/02/2013 11:39,5,219,,,219,80275,4,4,1,3.5,0.141,5.43,10,139,0,23433,1,0,1,1,1,0,,243,0,,,,0,0,,0,0,,,,,0,0,,,,,,,,0,0,,0,,0
497158,02/03/2013 12:35,5,219,,,219,27969,4,3.5,0,3.33,0.3324,5.02,6,134,1,20874,1,13,2,0,1,1,-21.0482,437.77,0,,,,0,0,,0,0,,,,,0,0,,,,,,,,0,0,,0,,0
402213,16/01/2013 20:35,5,219,,,219,12238,2,3,1,3.26,0.1454,4.48,1,51,0,20874,2,10,2,0,1,1,,91.28,1,,,,0,0,,0,0,,,,,0,0,7,,,,,,,0,0,5,0,,0
18545,08/12/2012 14:33,5,219,,,219,127861,4,4.5,1,1.95,0.0261,6.08,18,228,0,9026,4,37,3,1,1,0,,61.56,1,,,,0,0,,,,,,,,,,,,,,,,,0,0,,0,,0
52058,28/06/2013 11:33,32,220,4.36,245.59,55,75482,4,3.5,1,0,0.0169,0,8,174.54,0,11244,1,7,3,0,2,1,,9100.96,0,,,,,,,,,,,,,0,0,,1,0,17,0,0,,,,,0,,0
91371,19/11/2012 20:30,5,219,,,31,96413,5,4,0,6.55,0.0408,6.21,4,386,1,15620,2,170,2,0,1,0,,4292.52,0,,,,,,,,,,,,,1,0,6,1,0,6,1,0,6,,,,0,,0
430913,04/11/2012 09:10,5,219,,,219,93005,3,4,1,2.56,0.4249,4.86,1,79,0,16610,2,29,1,0,1,0,,,1,,,,,,,,,,,,,,,,,,,,,,,,,0,,0
89371,07/11/2012 16:34,5,219,,,219,93795,4,4,1,1.39,0.0126,5.21,18,163,0,10446,1,26,1,0,1,0,,,0,,,,0,0,,,1,,,,,0,0,,,,,,,,0,0,,0,,0
152051,04/12/2012 15:39,5,219,,,219,75916,2,3,1,1.1,,4.25,26,56,0,11419,1,1,2,0,1,0,-70.7661,275.09,0,,,,0,0,,,,,,,,-1,0,14,,,,,,,,,,0,,0
498764,03/11/2012 22:44,5,219,,,219,112101,4,4.5,1,3.99,0.0545,5.98,27,278,1,7512,1,14,2,0,1,1,,761.58,0,,,,1,0,12,1,0,12,,,,,,,,,,,,,0,0,,0,,0
259758,16/05/2013 03:10,5,214,,,15,95871,5,4.5,0,0,0.0488,6.21,2,368,0,8660,4,3,2,0,1,0,,,0,,,,,,,,,,1,0,26,0,0,26,0,1,,,,,,,,0,,0
470022,25/12/2012 10:19,11,103,,,103,137183,4,4.5,0,0.69,,4.78,3,98.6,0,4127,1,15,4,0,2,0,,,1,,,,1,0,14,0,0,,0,0,,0,0,,,,,,,,,,,0,,0
232983,04/01/2013 12:42,5,219,,,219,121714,4,4,1,2.89,,5.27,3,127,1,10752,1,8,2,0,1,1,-24.6403,83.25,0,,,,,,,0,0,,,,,1,0,24,,,,,,,1,0,24,0,,0
488675,08/04/2013 12:21,12,99,,,99,113720,0,2.5,0,5.94,0.017,4.38,34,81.96,0,13292,4,9,2,0,1,0,,,0,,,,,,,,,,,,,,,,,,,,,,,,,0,,0
76626,12/03/2013 09:42,5,219,,,31,109312,4,4,0,1.39,0.1802,4.7,1,111,0,11547,1,51,2,0,1,1,,4401.39,0,,,,,,,,,,,,,,,,,,,,,,,,,0,,0
413408,15/04/2013 16:40,5,219,,,219,54601,4,4.5,1,0.69,,5.21,25,227,0,24566,5,18,2,0,1,0,,518,0,,,,,,,0,0,,,,,1,0,25,,,,,,,0,0,,0,,0
525794,06/01/2013 10:14,5,219,,,17,130752,3,4,0,0,,5.26,35,149,0,10484,6,64,2,0,1,0,,,1,,,,,,,,,,,,,,,,,,,,,,,,,0,,0
78684,25/03/2013 14:35,5,219,2.97,144.23,219,126527,2,3,1,2.2,0.0262,4.44,16,49,0,5848,4,14,1,1,1,0,,101.18,0,,,,,,,,,,,,,,,,,,,,,,,,,0,,0
560046,16/01/2013 21:16,18,129,,,215,41558,3,3.5,0,4.22,,4.64,18,42.52,0,10054,14,149,2,0,1,0,,2180.33,1,,,,,,,,,,,,,,,,,,,,,,,,,0,,0
227928,06/02/2013 09:58,5,219,,,219,129727,3,4.5,0,3.74,0.4785,5.51,19,205,0,5325,1,8,2,0,1,1,,198.71,0,,,,0,0,,0,0,,,,,0,0,,,,,,,,0,0,,0,,0
574506,19/02/2013 07:49,24,129,,,129,78799,4,4.5,1,1.1,0.0053,4.75,31,82.12,0,22417,2,4,1,0,1,1,,,0,,,,,,,,,,,,,0,0,,,,,,,,,,,0,,0
477478,02/06/2013 20:50,5,219,,,219,83689,2,2.5,1,1.79,0.0431,4.44,13,76,0,25197,1,1,2,0,1,0,,,0,,,,-1,0,25,-1,0,25,,,,,,,,,,,,,-1,0,25,0,,0
1043,18/03/2013 11:30,5,219,,,219,23668,2,4,1,0.69,0.0107,4.34,21,72,0,4687,1,24,4,0,1,1,,,1,,,,,,,,,,,,,,,,,,,,,,,,,0,,0
201798,01/11/2012 09:06,5,219,,,219,60671,3,4,1,2.3,0.2621,4.9,6,102,0,18303,1,2,2,0,1,1,,1119.72,0,,,,-1,0,22,-1,0,22,,,,,,,,,,,,,-1,0,22,0,,0
524326,07/11/2012 10:02,5,219,,,219,16148,3,4,1,3.18,0.0819,4.72,18,84,0,12819,2,10,1,0,1,1,,8.38,0,,,,0,0,,0,0,,,,,1,0,17,,,,,,,0,0,,0,,0
503550,20/02/2013 22:18,9,59,,,59,119361,3,1,0,3,0.2267,5.02,27,60.9,0,23841,3,6,2,0,1,0,,,1,,,,,,,,,,,,,,,,,,,,,,,,,0,,0
207096,12/06/2013 00:47,25,215,,,59,42762,3,4,1,3.37,0.0082,0,6,78.56,0,22835,8,55,2,0,1,0,,,0,,,,0,0,,0,0,7,,,,0,0,,,,,,,,,,,1,,0
19427,23/06/2013 01:01,24,219,,,219,136088,2,3.5,0,1.39,,0,28,72,0,25768,3,1,1,0,1,0,,18.69,0,,,,-1,0,3,-1,1,5,,,,,,,,,,,,,-1,0,9,0,,0
225821,09/11/2012 10:47,5,219,,,219,55314,2,4,1,1.39,0.0135,4.22,26,59,1,8077,1,8,2,0,1,1,-16.3625,166.75,0,,,,1,0,17,1,0,17,,,,1,0,17,,,,,,,1,0,17,0,,0
274553,04/11/2012 12:47,5,219,,,219,106286,3,0,0,2.08,0.1108,5.06,3,126,0,15471,3,18,2,0,1,1,,145.46,0,,,,,,,,,,,,,,,,,,,,,,,,,0,,0
487645,22/04/2013 18:30,5,219,,,219,96631,2,4.5,0,1.39,0.0313,5,1,119,0,17037,2,46,2,0,1,1,,779.28,0,,,,,,,,,,,,,,,,,,,,,,,,,1,,0
351271,01/01/2013 10:14,5,219,,,219,27430,3,0,0,3.14,,5,15,136,0,18562,2,52,2,0,1,1,,76.41,0,,,,,,,,,,,,,,,,,,,,,,,,,0,,0
75380,22/04/2013 11:50,5,219,,,32,125403,3,0,0,0.69,,5.17,25,106,0,15506,1,28,2,1,1,0,,5169.5,0,,,,,,,,,,,,,,,,,,,,,,,,,0,,0
477535,20/01/2013 15:09,28,206,,,219,65758,3,3.5,1,2.4,0.0414,4.93,36,118.98,0,25479,1,11,2,2,1,1,,,0,,,,0,0,,0,0,,,,,0,0,8,,,,,,,0,0,,0,,0
181111,02/06/2013 10:35,5,219,,,219,4991,2,2.5,1,2.56,0.5879,4.2,3,120,0,20309,4,129,2,0,1,0,,208.07,0,,,,,,,,,,,,,,,,,,,,,,,,,0,,0
495226,08/02/2013 16:54,5,219,,,219,3067,2,4,1,2.4,0.076,4.29,20,55,1,26065,1,1,2,0,1,1,,131.83,0,,,,,,,0,0,,,,,,,,,,,,,,0,0,,0,,0
520285,28/12/2012 15:02,5,219,,,219,27686,3,3.5,1,2.89,0.1741,5.18,30,138,1,7384,3,2,2,0,1,0,,546.21,0,,,,1,0,10,1,0,10,,,,-1,0,23,,,,,,,-1,0,23,0,,0
548144,13/06/2013 21:17,24,216,,,219,23023,0,0,0,4.17,,0,18,136.55,0,15208,6,183,4,2,1,0,,,0,,,,,,,,,,,,,,,,,,,,,,,,,0,,0
598431,09/01/2013 19:28,15,55,,,219,82829,3,4,0,2.77,0.2027,5.13,29,88.13,0,19363,7,296,2,0,1,0,,,1,,,,,,,,,,,,,,,,,,,,,,,,,0,,0
65923,15/03/2013 14:12,5,219,,,219,44493,4,4,0,4.37,0.205,5.12,1,118,1,21808,1,52,1,1,1,0,,,0,,,,,,,,,,,,,,,,,,,,,,,,,0,,0
524751,14/12/2012 17:52,16,31,,,31,24117,4,4.5,0,4.62,0.1192,5.36,2,114.5,0,4033,1,1,2,0,1,1,,103.37,0,,,,,,,,,,,,,0,0,,0,0,,0,0,,,,,0,,0
373787,19/06/2013 10:31,14,100,,,219,14367,3,4,1,2.08,,0,28,138.23,0,26340,2,5,1,0,1,0,,326.91,1,,,,,1,,0,0,,,,,0,0,,,,,,,,0,0,,0,,0
127201,21/02/2013 20:58,5,219,,,219,9342,3,4.5,1,1.1,0.3027,4.96,6,130,0,19283,1,2,5,0,2,1,,571.12,0,,,,0,0,9,0,1,,,,,,,,,,,,,,0,0,8,0,,0
44525,09/11/2012 05:34,24,219,,,219,18993,3,4.5,1,0.69,,5.23,3,128.82,0,7163,1,14,2,0,1,1,,,0,,,,0,0,,0,0,,,,,0,0,,,,,,,,0,0,,1,168.55,1
262548,31/12/2012 08:38,5,219,,,219,81069,3,4.5,1,0.69,0.0007,4.32,20,105,0,8026,1,0,2,2,1,0,,55.17,0,,,,,,,,,,,,,,,,,,,,,,,,,0,,0
54823,18/03/2013 18:31,12,99,,,31,127922,0,4,0,5.96,0.0165,5.16,20,114.02,0,15620,4,69,2,0,1,0,,,1,0,0,,,,,,,,,,,0,0,,,,,,,,,,,0,,0
501071,03/04/2013 11:46,5,219,,,219,15545,2,3.5,1,1.61,0.0446,4.4,4,110,0,17747,1,38,2,0,1,1,,55.72,1,,,,,,,,,,,,,,,,,,,,,,0,0,,0,,0
265814,28/01/2013 20:04,5,219,,,219,54628,2,3,0,3.33,0.0499,5.06,28,89,0,3694,5,50,3,2,1,0,,382.41,0,,,,,,,,,,,,,,,,,,,,,,,,,0,,0
8545,17/03/2013 17:57,5,219,,,219,3775,3,4,1,4.29,0.2241,5.12,2,110,1,13870,2,85,2,2,1,0,,,0,,,,,,,,,,,,,,,,,,,,,,,,,0,,0
51346,06/06/2013 19:28,5,219,,,219,61171,2,3.5,0,2.2,,0,14,106,0,9950,2,22,2,0,1,1,,70.78,0,,,,,,,,,,,,,,,,,,,,,,,,,0,,0
483237,22/11/2012 09:34,5,219,,,45,60544,3,4,1,4.41,0.1784,5.31,28,62,1,23834,2,71,2,0,1,1,,2611.58,0,,,,,,,,,,,,,,,,,,,,,,,,,0,,0
185112,25/03/2013 16:52,5,219,,,219,71216,5,4.5,1,2.56,,5.72,14,161,0,7473,1,116,2,0,1,1,,,0,,,,,,,,,,,,,,,,,,,,,,,,,0,,0
169287,09/04/2013 14:42,15,55,,,55,16353,3,2,0,0,0.0079,4.83,11,134.85,0,6537,7,32,2,0,1,0,,,0,,,,,,,,,,,,,0,0,,,,,0,0,,,,,0,,0
290070,02/06/2013 04:59,5,219,,,219,67815,0,3.5,0,1.1,,4.44,16,65,0,21688,1,45,2,2,1,0,,162.16,1,,,,,,,,,,,,,,,,,,,,,,,,,0,,0
80716,29/05/2013 18:03,5,219,,,129,32501,3,4,0,4.88,0.6765,4.92,18,137,0,447,6,24,1,0,1,0,,4629.49,0,,,,,,,,,,,,,0,0,,,,,0,0,,,,,0,,0
573372,12/11/2012 11:33,5,219,,,219,103935,3,4.5,1,4.19,,5.44,33,135,0,16654,2,25,2,0,1,1,,130.1,0,,,,0,0,,0,0,,,,,0,0,,,,,,,,0,0,,0,,0
15831,09/11/2012 18:08,5,219,,,219,77089,3,3.5,1,3.99,0.2896,4.93,2,80,1,8192,1,0,1,0,1,1,,1.61,0,,,,0,0,17,0,0,30,,,,0,0,42,,,,,,,0,0,26,0,,0
14744,22/02/2013 18:24,24,216,,,220,92120,5,4,1,4.29,0.238,5.24,25,138.88,0,697,5,11,4,1,1,0,,,0,,,,,,,,,,,,,,,,,,,,,,,,,0,,0
256165,08/11/2012 15:37,5,219,,,219,90151,5,4.5,0,2.56,0.1592,5.68,2,179,1,7082,2,78,2,0,1,1,,187.78,0,,,,,,,,,,,,,,,,,,,,,,,,,0,,0
395182,16/12/2012 22:31,12,99,,,31,51303,4,4,0,2.3,0.0324,5.08,21,202.68,0,5078,3,14,2,1,1,0,,,1,,,,,,,,,,,,,-1,0,23,-1,0,23,-1,0,31,,,,0,,0
263808,22/06/2013 18:55,5,219,,,219,4875,4,4,1,5.78,0.5539,0,2,378,1,24700,7,84,2,0,1,0,,453.75,1,-1,0,9,-1,0,9,,,,-1,0,9,-1,0,9,,,,,,,-1,0,9,0,,0
247458,23/03/2013 11:38,5,219,,,219,90011,2,3,1,1.61,0.0184,4.37,37,95,0,21494,7,67,1,0,1,0,,427.92,1,,,,,,,,,,,,,,,,,,,,,,,,,0,,0
174447,07/02/2013 22:57,5,219,,,53,106617,3,5,0,0.69,0.0003,4.76,14,90,0,20965,1,1,1,0,1,1,,8451.3,0,,,,,,,,,,,,,0,0,,,,,,,,,,,0,,0
267675,30/11/2012 05:11,5,59,,,219,29604,4,3.5,1,2.64,0.1241,4.91,10,93,0,23246,1,2,1,0,1,0,,1554.54,1,,,,0,0,,0,0,20,,,,0,0,,,,,,,,0,0,,1,410.25,1
425730,16/04/2013 18:39,5,103,,,50,55583,4,4,0,4.44,0.1741,5.84,32,252,0,874,3,24,1,1,2,1,,,0,,,,,,,,,,,,,0,0,6,,,,,,,,,,0,,0
384357,16/03/2013 11:59,5,219,,,219,97054,3,3.5,0,4.93,0.5799,5.18,32,155,0,4045,5,68,4,0,2,0,,1608.19,0,,,,,,,,,,,,,,,,,,,,,,,,,0,,0
205138,20/06/2013 15:07,14,100,,,100,87089,2,3,1,1.79,0.2731,0,8,144.41,0,21924,1,2,4,0,1,1,-41.6322,28.47,0,,,,,,,,,,,,,0,0,,,,,,,,0,0,,0,,0
124298,23/03/2013 02:18,5,219,,,219,60846,4,4.5,1,4.13,0.2318,5.56,16,77,0,8192,2,3,1,0,1,0,,389.53,0,,,,0,0,,0,0,,,,,0,0,,,,,,,,0,0,,0,,0
419676,31/05/2013 17:38,5,219,,,219,110806,2,2.5,1,2.2,,4.35,33,65,0,4046,7,32,2,0,1,0,,699.36,1,,,,,,,,,,,,,,,,,,,,,,,,,0,,0
233601,30/12/2012 19:36,5,219,,,219,66669,2,4.5,1,2.48,0.0987,4.59,16,72,0,19194,2,47,2,0,1,1,,337.58,0,,,,,,,,,,,,,,,,,,,,,,,,,0,,0
587718,24/01/2013 07:30,5,219,,,219,85614,2,2.5,1,3.09,0.1961,4.31,28,57,0,24026,1,4,2,1,1,0,,871.68,0,,,,0,0,,0,0,,,,,,,,,,,,,,0,0,,0,,0
136934,02/05/2013 17:40,5,132,,,219,128350,3,4,1,3.71,0.3142,5.2,26,169,0,9137,1,6,1,0,1,0,,,0,,,,0,0,,0,0,,,,,0,0,,,,,,,,0,0,,0,,0
402166,07/06/2013 00:49,5,219,,,219,49738,4,4,1,2.77,0.0017,0,31,139,0,8347,1,0,1,0,1,1,,,1,,,,,1,,0,1,,,,,-1,0,21,,,,,,,-1,0,21,0,,0
582514,29/03/2013 16:14,16,31,,,31,107240,4,3,0,3.33,0.3527,5.87,9,211.48,0,24139,2,1,2,0,1,1,,87.24,1,,,,,,,,,,,,,-1,0,15,,,,,,,,,,0,,0
261612,14/05/2013 13:42,5,219,,,219,8289,4,4.5,1,4.41,0.2138,5.99,19,259,0,12452,4,50,2,0,1,0,,273.25,1,,,,0,0,,0,0,,,,,0,0,,,,,,,,0,0,,0,,0
466513,11/06/2013 15:58,5,219,,,219,7527,4,4.5,1,5.87,0.6727,0,24,539,0,24700,1,9,1,0,1,1,,2430.52,1,0,1,15,0,0,,0,0,,0,0,,0,1,,,,,,,,0,0,,0,,0
473954,21/03/2013 18:29,5,219,,,219,57972,3,4.5,1,2.77,0.1414,4.74,10,89,0,6687,1,8,2,2,1,1,,130.87,0,,,,,,,,,,,,,,,,,,,,,,,,,1,99.16,1
145366,19/06/2013 21:10,5,219,,,219,1585,2,4,1,1.39,,0,13,102,0,14821,2,3,2,0,1,1,,172.67,1,,,,,,,,,,,,,,,,,,,,,,0,0,18,0,,0
556017,11/05/2013 10:17,5,219,,,219,57945,5,4.5,1,5.72,0.5155,5.93,28,479,0,5872,1,2,1,0,1,0,,,0,0,0,16,1,0,5,1,0,21,0,0,13,0,1,,,,,,,,0,0,11,0,,0
70318,28/03/2013 07:36,5,219,,,219,118727,4,3.5,1,1.39,0.035,5.12,4,273,1,4335,3,15,4,0,2,1,,71.95,1,,,,,,,0,0,,,,,-1,0,2,,,,,,,-1,0,2,0,,0
272140,26/02/2013 09:58,5,219,,,219,17329,3,4.5,0,2.08,0.0968,4.91,3,109,0,8646,1,10,1,0,1,1,,157.35,0,,,,,,,,,,,,,,,,,,,,,,,,,0,,0
232344,13/12/2012 14:45,5,219,,,219,12097,4,4.5,0,2.4,0.0584,5.41,1,155,0,4687,3,4,1,0,1,0,,,0,,,,0,0,,0,0,,,,,,,,,,,,,,0,0,,0,,0
261908,13/06/2013 09:04,5,219,,,219,14521,0,4,1,0.69,0.0039,0,21,62,0,1052,1,0,2,0,1,1,,392.44,0,,,,1,0,8,1,0,9,,,,,,,,,,,,,1,0,10,0,,0
360931,20/06/2013 04:36,5,219,,,219,79392,4,3.5,1,0,0.0212,0,8,139,0,17707,1,0,2,0,1,1,,824.56,0,,,,0,0,,0,0,,,,,,,,,,,,,,0,0,,0,,0
135490,22/06/2013 14:14,32,220,,,220,139847,5,4,1,4.78,0.1697,0,19,243.39,0,20905,1,0,1,0,1,1,,,0,,,,,-1,,,-1,,,-1,,,-1,,,,,,,,,,,0,,0
433575,31/12/2012 01:34,24,216,,,14,126158,4,4,1,3.09,0.0162,4.8,9,205.41,0,9387,1,91,2,2,1,0,,,0,,,,,,,,,,,,,,,,,,,,,,,,,0,,0
